ID,Age level
Q0010,1.0
Q0017,1.0
Q0032,1.0
Q0045,9.0
Q0050,9.0
Q0055,9.0
Q0060,9.0
Q0065,9.0
Q0070,9.0
Q0075,7.0
Q0080,7.0
Q0085,9.0
Q0092,1.0
Q0105,9.0
Q0110,9.0
Q0115,9.0
Q0120,9.0
Q0130,9.0
Q0140,4.0
Q0142,1.0
Q0143,1.0
Q0144,1.0
Q0160,9.0
Q0182,1.0
Q0250,9.0
Q0255,9.0
Q0275,9.0
Q0297,1.0
R0020C,
R0040C,
snR10,
YAL001C,9.0
YAL002W,9.0
YAL003W,9.0
YAL004W,9.0
YAL005C,9.0
YAL007C,9.0
YAL008W,9.0
YAL009W,7.0
YAL010C,9.0
YAL011W,5.0
YAL012W,9.0
YAL013W,9.0
YAL014C,4.0
YAL015C,9.0
YAL016C-A,
YAL016C-B,2.0
YAL016W,9.0
YAL017W,9.0
YAL018C,9.0
YAL019W,9.0
YAL019W-A,
YAL020C,9.0
YAL021C,9.0
YAL022C,8.0
YAL023C,9.0
YAL024C,8.0
YAL025C,9.0
YAL026C,9.0
YAL026C-A,
YAL027W,9.0
YAL028W,8.0
YAL029C,9.0
YAL030W,9.0
YAL031C,7.0
YAL031W-A,
YAL032C,9.0
YAL033W,9.0
YAL034C,8.0
YAL034C-B,3.0
YAL034WA,
YAL034W-A,9.0
YAL035C-A,
YAL035W,9.0
YAL036C,9.0
YAL037C-A,2.0
YAL037C-B,2.0
YAL037W,8.0
YAL038W,9.0
YAL039C,9.0
YAL040C,4.0
YAL041W,9.0
YAL042C-A,4.0
YAL042W,9.0
YAL043C,9.0
YAL043C-A,
YAL044C,9.0
YAL044W-A,9.0
YAL045C,2.0
YAL046C,9.0
YAL047C,9.0
YAL047W-A,
YAL048C,9.0
YAL049C,9.0
YAL051W,9.0
YAL053W,8.0
YAL054C,9.0
YAL055W,9.0
YAL056C-A,7.0
YAL056W,9.0
YAL058C-A,
YAL058W,9.0
YAL059C-A,
YAL059W,4.0
YAL060W,8.0
YAL061W,8.0
YAL062W,9.0
YAL063C,7.0
YAL063C-A,2.0
YAL064C-A,7.0
YAL064W,1.0
YAL064W-B,2.0
YAL065C,7.0
YAL065C-A,
YAL066W,2.0
YAL067C,9.0
YAL067W-A,2.0
YAL068C,
YAL068W-A,9.0
YAL069W,1.0
YAR002CA,
YAR002C-A,9.0
YAR002W,7.0
YAR003W,9.0
YAR007C,9.0
YAR008W,9.0
YAR009C,8.0
YAR010C,8.0
YAR014C,8.0
YAR015W,9.0
YAR018C,9.0
YAR019C,9.0
YAR019W-A,
YAR020C,7.0
YAR023C,9.0
YAR027W,9.0
YAR028W,9.0
YAR029W,9.0
YAR030C,1.0
YAR031W,9.0
YAR033W,9.0
YAR035C-A,1.0
YAR035W,9.0
YAR037W,
YAR040C,
YAR042W,9.0
YAR043C,
YAR044W,
YAR047C,1.0
YAR050W,7.0
YAR052C,
YAR053W,1.0
YAR060C,2.0
YAR061W,
YAR062W,
YAR064W,9.0
YAR066W,
YAR068W,2.0
YAR069C,
YAR070C,1.0
YAR071W,9.0
YAR073W,9.0
YAR074C,
YAR075W,9.0
YBL001C,8.0
YBL002W,9.0
YBL003C,9.0
YBL004W,9.0
YBL005W,9.0
YBL005WA,
YBL005W-A,8.0
YBL005W-B,9.0
YBL006C,3.0
YBL006W-A,2.0
YBL007C,9.0
YBL008W,9.0
YBL008W-A,2.0
YBL009W,9.0
YBL010C,3.0
YBL011W,8.0
YBL012C,5.0
YBL013W,9.0
YBL014C,8.0
YBL015W,9.0
YBL016W,9.0
YBL017C,9.0
YBL018C,9.0
YBL019W,9.0
YBL020W,9.0
YBL021C,9.0
YBL022C,9.0
YBL023C,9.0
YBL024W,9.0
YBL025W,4.0
YBL026W,9.0
YBL027W,
YBL028C,8.0
YBL029C-A,9.0
YBL029W,5.0
YBL030C,9.0
YBL031W,9.0
YBL032W,9.0
YBL033C,9.0
YBL034C,9.0
YBL035C,9.0
YBL036C,9.0
YBL037W,9.0
YBL038W,9.0
YBL039C,9.0
YBL039C-A,1.0
YBL039W-B,5.0
YBL040C,9.0
YBL041W,9.0
YBL042C,9.0
YBL043W,9.0
YBL044W,2.0
YBL045C,8.0
YBL046W,9.0
YBL047C,9.0
YBL048W,1.0
YBL049W,9.0
YBL050W,9.0
YBL051C,9.0
YBL052C,9.0
YBL053W,1.0
YBL054W,8.0
YBL055C,9.0
YBL056W,9.0
YBL057C,9.0
YBL058W,9.0
YBL059C-A,9.0
YBL059W,9.0
YBL060W,9.0
YBL061C,9.0
YBL062W,1.0
YBL063W,9.0
YBL064C,9.0
YBL065W,2.0
YBL066C,8.0
YBL067C,9.0
YBL068W,9.0
YBL068W-A,9.0
YBL069W,9.0
YBL070C,2.0
YBL071C,2.0
YBL071C-B,2.0
YBL071W-A,9.0
YBL072C,
YBL073W,3.0
YBL074C,9.0
YBL075C,9.0
YBL076C,9.0
YBL077W,7.0
YBL078C,9.0
YBL079W,9.0
YBL080C,9.0
YBL081W,7.0
YBL082C,9.0
YBL083C,5.0
YBL084C,9.0
YBL085W,9.0
YBL086C,9.0
YBL087C,9.0
YBL088C,9.0
YBL089W,9.0
YBL090W,9.0
YBL091C,9.0
YBL091CA,
YBL091C-A,9.0
YBL092W,9.0
YBL093C,8.0
YBL094C,8.0
YBL095W,9.0
YBL096C,2.0
YBL097W,9.0
YBL098W,9.0
YBL099W,9.0
YBL100C,2.0
YBL100W-A,9.0
YBL100W-B,9.0
YBL100W-C,1.0
YBL101C,8.0
YBL101WA,
YBL101W-A,
YBL101W-B,
YBL102W,9.0
YBL103C,9.0
YBL104C,9.0
YBL105C,9.0
YBL106C,8.0
YBL107C,8.0
YBL107WA,
YBL107W-A,2.0
YBL108C-A,
YBL108W,2.0
YBL109W,9.0
YBL111C,7.0
YBL112C,
YBL113C,7.0
YBL113W-A,2.0
YBR001C,9.0
YBR002C,9.0
YBR003W,9.0
YBR004C,9.0
YBR005W,5.0
YBR006W,9.0
YBR007C,9.0
YBR008C,8.0
YBR009C,9.0
YBR010W,
YBR011C,9.0
YBR012C,4.0
YBR012W-A,8.0
YBR012W-B,9.0
YBR013C,9.0
YBR014C,9.0
YBR015C,9.0
YBR016W,9.0
YBR017C,9.0
YBR018C,9.0
YBR019C,9.0
YBR020W,9.0
YBR021W,9.0
YBR022W,7.0
YBR023C,9.0
YBR024W,9.0
YBR025C,9.0
YBR026C,9.0
YBR027C,2.0
YBR028C,9.0
YBR029C,9.0
YBR030W,8.0
YBR031W,9.0
YBR032W,2.0
YBR033W,9.0
YBR034C,9.0
YBR035C,9.0
YBR036C,9.0
YBR037C,9.0
YBR038W,7.0
YBR039W,9.0
YBR040W,5.0
YBR041W,9.0
YBR042C,9.0
YBR043C,8.0
YBR044C,8.0
YBR045C,9.0
YBR046C,9.0
YBR047W,9.0
YBR048W,9.0
YBR049C,9.0
YBR050C,2.0
YBR051W,2.0
YBR052C,9.0
YBR053C,9.0
YBR054W,7.0
YBR055C,9.0
YBR056C-B,1.0
YBR056W,8.0
YBR056W-A,1.0
YBR057C,8.0
YBR058C,9.0
YBR058C-A,9.0
YBR059C,9.0
YBR060C,9.0
YBR061C,9.0
YBR062C,8.0
YBR063C,7.0
YBR064W,5.0
YBR065C,9.0
YBR066C,8.0
YBR067C,9.0
YBR068C,9.0
YBR069C,9.0
YBR070C,9.0
YBR071W,9.0
YBR072C-A,2.0
YBR072W,9.0
YBR073W,9.0
YBR074W,9.0
YBR075W,
YBR076C-A,1.0
YBR076W,4.0
YBR077C,9.0
YBR078W,8.0
YBR079C,9.0
YBR080C,9.0
YBR081C,8.0
YBR082C,9.0
YBR083W,8.0
YBR084C-A,9.0
YBR084W,9.0
YBR085C-A,9.0
YBR085W,9.0
YBR086C,9.0
YBR087W,9.0
YBR088C,9.0
YBR089CA,
YBR089C-A,9.0
YBR089W,7.0
YBR090C,2.0
YBR090C-A,
YBR091C,9.0
YBR092C,9.0
YBR093C,9.0
YBR094W,9.0
YBR095C,8.0
YBR096W,8.0
YBR097W,9.0
YBR098W,8.0
YBR099C,2.0
YBR100W,
YBR101C,8.0
YBR102C,8.0
YBR103C-A,2.0
YBR103W,9.0
YBR104W,9.0
YBR105C,9.0
YBR106W,8.0
YBR107C,9.0
YBR108W,9.0
YBR109C,8.0
YBR109W-A,1.0
YBR110W,9.0
YBR111C,9.0
YBR111W-A,9.0
YBR112C,9.0
YBR113W,3.0
YBR114W,9.0
YBR115C,9.0
YBR116C,1.0
YBR117C,9.0
YBR118W,
YBR119W,9.0
YBR120C,8.0
YBR121C,9.0
YBR121C-A,2.0
YBR122C,6.0
YBR123C,9.0
YBR124W,3.0
YBR125C,9.0
YBR126C,9.0
YBR126W-A,2.0
YBR126W-B,
YBR127C,9.0
YBR128C,9.0
YBR129C,4.0
YBR130C,8.0
YBR131C-A,1.0
YBR131W,9.0
YBR132C,9.0
YBR133C,9.0
YBR134W,1.0
YBR135W,9.0
YBR136W,9.0
YBR137W,8.0
YBR138C,8.0
YBR139W,9.0
YBR140C,9.0
YBR141C,9.0
YBR141W-A,2.0
YBR142W,9.0
YBR143C,9.0
YBR144C,2.0
YBR145W,9.0
YBR146W,9.0
YBR147W,9.0
YBR148W,7.0
YBR149W,9.0
YBR150C,9.0
YBR151W,8.0
YBR152W,9.0
YBR153W,8.0
YBR154C,9.0
YBR155W,9.0
YBR156C,9.0
YBR157C,9.0
YBR158W,9.0
YBR159W,9.0
YBR160W,9.0
YBR161W,9.0
YBR162C,7.0
YBR162WA,
YBR162W-A,1.0
YBR163W,9.0
YBR164C,9.0
YBR165W,9.0
YBR166C,9.0
YBR167C,9.0
YBR168W,8.0
YBR169C,9.0
YBR170C,9.0
YBR171W,8.0
YBR172C,9.0
YBR173C,9.0
YBR174C,2.0
YBR175W,9.0
YBR176W,9.0
YBR177C,9.0
YBR178W,1.0
YBR179C,9.0
YBR180W,8.0
YBR181C,9.0
YBR182C,9.0
YBR182C-A,2.0
YBR183W,9.0
YBR184W,7.0
YBR185C,7.0
YBR186W,9.0
YBR187W,9.0
YBR188C,9.0
YBR189W,9.0
YBR190W,2.0
YBR191W,9.0
YBR191W-A,1.0
YBR192W,9.0
YBR193C,9.0
YBR194W,3.0
YBR195C,9.0
YBR196C,9.0
YBR196C-A,2.0
YBR196C-B,2.0
YBR197C,9.0
YBR198C,9.0
YBR199W,9.0
YBR200W,9.0
YBR200W-A,2.0
YBR201C-A,3.0
YBR201W,9.0
YBR202W,9.0
YBR203W,8.0
YBR204C,9.0
YBR205W,9.0
YBR206W,2.0
YBR207W,8.0
YBR208C,7.0
YBR209W,2.0
YBR210W,9.0
YBR211C,9.0
YBR212W,9.0
YBR213W,9.0
YBR214W,9.0
YBR215W,9.0
YBR216C,9.0
YBR217W,9.0
YBR218C,9.0
YBR219C,9.0
YBR220C,9.0
YBR221C,9.0
YBR221W-A,2.0
YBR222C,9.0
YBR223C,9.0
YBR223W-A,2.0
YBR224W,2.0
YBR225W,8.0
YBR226C,1.0
YBR227C,9.0
YBR228W,9.0
YBR229C,9.0
YBR230C,3.0
YBR230W-A,3.0
YBR231C,9.0
YBR232C,2.0
YBR233W,9.0
YBR233W-A,8.0
YBR234C,9.0
YBR235W,9.0
YBR236C,9.0
YBR237W,9.0
YBR238C,7.0
YBR239C,8.0
YBR240C,9.0
YBR241C,9.0
YBR242W,9.0
YBR243C,9.0
YBR244W,9.0
YBR245C,9.0
YBR246W,9.0
YBR247C,9.0
YBR248C,9.0
YBR249C,9.0
YBR250W,7.0
YBR251W,9.0
YBR252W,9.0
YBR253W,8.0
YBR254C,9.0
YBR255C-A,9.0
YBR255W,8.0
YBR256C,9.0
YBR257W,9.0
YBR258C,9.0
YBR259W,9.0
YBR260C,9.0
YBR261C,9.0
YBR262C,3.0
YBR263W,9.0
YBR264C,8.0
YBR265W,9.0
YBR266C,2.0
YBR267W,9.0
YBR268W,8.0
YBR269C,9.0
YBR270C,9.0
YBR271W,9.0
YBR272C,9.0
YBR273C,8.0
YBR274W,9.0
YBR275C,9.0
YBR276C,8.0
YBR277C,2.0
YBR278W,9.0
YBR279W,8.0
YBR280C,8.0
YBR281C,9.0
YBR282W,9.0
YBR283C,4.0
YBR284W,7.0
YBR285W,9.0
YBR286W,8.0
YBR287W,9.0
YBR288C,4.0
YBR289W,9.0
YBR290W,9.0
YBR291C,9.0
YBR292C,2.0
YBR293W,9.0
YBR294W,9.0
YBR295W,8.0
YBR296C,9.0
YBR296C-A,2.0
YBR297W,9.0
YBR298C,9.0
YBR298C-A,2.0
YBR299W,9.0
YBR300C,2.0
YBR301W,9.0
YBR302C,
YCL001W,9.0
YCL001W-A,8.0
YCL001W-B,9.0
YCL002C,9.0
YCL003W,
YCL004W,9.0
YCL005W,9.0
YCL005W-A,9.0
YCL006C,
YCL007C,3.0
YCL008C,9.0
YCL009C,9.0
YCL010C,8.0
YCL011C,9.0
YCL012C,8.0
YCL012W,
YCL013W,
YCL014W,9.0
YCL016C,9.0
YCL017C,9.0
YCL018W,9.0
YCL019W,9.0
YCL020W,9.0
YCL021W,
YCL021W-A,5.0
YCL022C,
YCL023C,2.0
YCL024W,9.0
YCL025C,9.0
YCL026C,
YCL026CA,
YCL026C-A,8.0
YCL026C-B,8.0
YCL027W,9.0
YCL028W,9.0
YCL029C,9.0
YCL030C,9.0
YCL031C,9.0
YCL032W,9.0
YCL033C,9.0
YCL034W,8.0
YCL035C,9.0
YCL036W,9.0
YCL037C,9.0
YCL038C,9.0
YCL039W,9.0
YCL040W,9.0
YCL041C,2.0
YCL042W,2.0
YCL043C,9.0
YCL044C,7.0
YCL045C,9.0
YCL046W,2.0
YCL047C,8.0
YCL048W,8.0
YCL048W-A,1.0
YCL049C,4.0
YCL050C,8.0
YCL051W,9.0
YCL052C,8.0
YCL053C,
YCL054W,9.0
YCL054W-A,
YCL055W,9.0
YCL056C,9.0
YCL057C-A,9.0
YCL057W,9.0
YCL058C,2.0
YCL058W-A,8.0
YCL059C,9.0
YCL060C,
YCL061C,9.0
YCL062W,
YCL063W,6.0
YCL064C,9.0
YCL065W,3.0
YCL066W,9.0
YCL067C,9.0
YCL068C,9.0
YCL069W,9.0
YCL073C,8.0
YCL074W,
YCL075W,
YCL076W,7.0
YCR001W,2.0
YCR002C,9.0
YCR003W,8.0
YCR004C,9.0
YCR005C,9.0
YCR006C,9.0
YCR007C,9.0
YCR008W,8.0
YCR009C,9.0
YCR010C,9.0
YCR011C,9.0
YCR012W,9.0
YCR013C,9.0
YCR014C,9.0
YCR015C,9.0
YCR016W,9.0
YCR017C,9.0
YCR018C,9.0
YCR018C-A,7.0
YCR019W,8.0
YCR020C,7.0
YCR020CA,
YCR020C-A,9.0
YCR020WB,
YCR020W-B,3.0
YCR021C,7.0
YCR022C,2.0
YCR023C,9.0
YCR024C,9.0
YCR024CA,
YCR024C-A,5.0
YCR024C-B,2.0
YCR025C,5.0
YCR026C,9.0
YCR027C,9.0
YCR028C,9.0
YCR028CA,
YCR028C-A,9.0
YCR029C,
YCR029C-A,
YCR030C,8.0
YCR031C,9.0
YCR032W,9.0
YCR033W,9.0
YCR034W,9.0
YCR035C,9.0
YCR036W,9.0
YCR037C,9.0
YCR038C,9.0
YCR038W-A,1.0
YCR039C,
YCR040W,
YCR041W,3.0
YCR042C,9.0
YCR043C,3.0
YCR044C,9.0
YCR045C,9.0
YCR045W-A,5.0
YCR046C,9.0
YCR047C,9.0
YCR047W-A,2.0
YCR048W,8.0
YCR049C,2.0
YCR050C,2.0
YCR051W,9.0
YCR052W,8.0
YCR053W,9.0
YCR054C,7.0
YCR055C,
YCR056W,
YCR057C,9.0
YCR058C,
YCR059C,9.0
YCR060W,8.0
YCR061W,8.0
YCR062W,
YCR063W,9.0
YCR064C,2.0
YCR065W,9.0
YCR066W,9.0
YCR067C,9.0
YCR068W,9.0
YCR069W,3.0
YCR070W,
YCR071C,9.0
YCR072C,9.0
YCR073C,9.0
YCR073WA,
YCR073W-A,9.0
YCR074C,
YCR075C,9.0
YCR075W-A,3.0
YCR076C,5.0
YCR077C,9.0
YCR079W,8.0
YCR080W,
YCR081C-A,2.0
YCR081W,8.0
YCR082W,9.0
YCR083W,9.0
YCR084C,9.0
YCR085W,8.0
YCR086W,7.0
YCR087C-A,9.0
YCR087W,1.0
YCR088W,9.0
YCR089W,9.0
YCR090C,9.0
YCR091W,9.0
YCR092C,9.0
YCR093W,9.0
YCR094W,9.0
YCR095C,8.0
YCR095W-A,8.0
YCR096C,9.0
YCR097W,9.0
YCR097WA,
YCR097W-A,3.0
YCR097WB,
YCR098C,8.0
YCR099C,9.0
YCR100C,9.0
YCR101C,9.0
YCR102C,9.0
YCR102WA,
YCR102W-A,9.0
YCR103C,
YCR104W,7.0
YCR105W,9.0
YCR106W,9.0
YCR107W,9.0
YCR108C,1.0
YDL001W,9.0
YDL002C,9.0
YDL003W,9.0
YDL004W,9.0
YDL005C,3.0
YDL006W,9.0
YDL007C-A,2.0
YDL007W,9.0
YDL008W,9.0
YDL009C,2.0
YDL010W,9.0
YDL011C,2.0
YDL012C,3.0
YDL013W,5.0
YDL014W,9.0
YDL015C,9.0
YDL016C,2.0
YDL017W,9.0
YDL018C,9.0
YDL019C,9.0
YDL020C,9.0
YDL021W,9.0
YDL022C-A,2.0
YDL022W,9.0
YDL023C,5.0
YDL024C,9.0
YDL025C,8.0
YDL025W-A,2.0
YDL026W,2.0
YDL027C,7.0
YDL028C,9.0
YDL029W,9.0
YDL030W,9.0
YDL031W,9.0
YDL032W,2.0
YDL033C,9.0
YDL034W,2.0
YDL035C,8.0
YDL036C,9.0
YDL037C,6.0
YDL038C,
YDL039C,9.0
YDL040C,9.0
YDL041W,5.0
YDL042C,9.0
YDL043C,9.0
YDL044C,9.0
YDL045C,9.0
YDL045WA,
YDL045W-A,9.0
YDL046W,9.0
YDL047W,9.0
YDL048C,9.0
YDL049C,7.0
YDL050C,2.0
YDL051W,9.0
YDL052C,9.0
YDL053C,7.0
YDL054C,9.0
YDL055C,9.0
YDL056W,9.0
YDL057W,7.0
YDL058W,9.0
YDL059C,6.0
YDL060W,9.0
YDL061C,9.0
YDL062W,2.0
YDL063C,9.0
YDL064W,9.0
YDL065C,9.0
YDL066W,9.0
YDL067C,8.0
YDL068W,2.0
YDL069C,8.0
YDL070W,9.0
YDL071C,3.0
YDL072C,9.0
YDL073W,9.0
YDL074C,9.0
YDL075W,9.0
YDL076C,7.0
YDL077C,9.0
YDL078C,9.0
YDL079C,9.0
YDL080C,9.0
YDL081C,9.0
YDL082W,9.0
YDL083C,
YDL084W,9.0
YDL085C-A,1.0
YDL085W,9.0
YDL086C-A,5.0
YDL086W,8.0
YDL087C,9.0
YDL088C,6.0
YDL089W,5.0
YDL090C,9.0
YDL091C,9.0
YDL092W,4.0
YDL093W,9.0
YDL094C,7.0
YDL095W,9.0
YDL096C,5.0
YDL097C,9.0
YDL098C,9.0
YDL099W,9.0
YDL100C,9.0
YDL101C,9.0
YDL102W,9.0
YDL103C,9.0
YDL104C,9.0
YDL105W,9.0
YDL106C,9.0
YDL107W,9.0
YDL108W,9.0
YDL109C,9.0
YDL110C,9.0
YDL111C,9.0
YDL112W,9.0
YDL113C,9.0
YDL114W,9.0
YDL114W-A,2.0
YDL115C,9.0
YDL116W,9.0
YDL117W,9.0
YDL118W,2.0
YDL119C,9.0
YDL120W,9.0
YDL121C,9.0
YDL122W,9.0
YDL123W,8.0
YDL124W,9.0
YDL125C,9.0
YDL126C,9.0
YDL127W,9.0
YDL128W,9.0
YDL129W,9.0
YDL130W,9.0
YDL130WA,
YDL130W-A,9.0
YDL131W,9.0
YDL132W,9.0
YDL133CA,
YDL133C-A,
YDL133W,8.0
YDL134C,9.0
YDL134C-A,
YDL135C,9.0
YDL136W,9.0
YDL137W,9.0
YDL138W,9.0
YDL139C,9.0
YDL140C,9.0
YDL141W,9.0
YDL142C,9.0
YDL143W,9.0
YDL144C,7.0
YDL145C,9.0
YDL146W,8.0
YDL147W,9.0
YDL148C,9.0
YDL149W,9.0
YDL150W,9.0
YDL151C,2.0
YDL152W,2.0
YDL153C,8.0
YDL154W,9.0
YDL155W,9.0
YDL156W,9.0
YDL157C,4.0
YDL158C,1.0
YDL159C-B,2.0
YDL159W,9.0
YDL159W-A,2.0
YDL160C,9.0
YDL160C-A,9.0
YDL161W,9.0
YDL162C,1.0
YDL163W,2.0
YDL164C,9.0
YDL165W,9.0
YDL166C,9.0
YDL167C,9.0
YDL168W,9.0
YDL169C,7.0
YDL170W,9.0
YDL171C,9.0
YDL172C,2.0
YDL173W,9.0
YDL174C,9.0
YDL175C,9.0
YDL176W,9.0
YDL177C,9.0
YDL178W,9.0
YDL179W,9.0
YDL180W,7.0
YDL181W,9.0
YDL182W,9.0
YDL183C,9.0
YDL184C,1.0
YDL185C-A,2.0
YDL185W,9.0
YDL186W,9.0
YDL187C,2.0
YDL188C,9.0
YDL189W,9.0
YDL190C,9.0
YDL191W,
YDL192W,9.0
YDL193W,9.0
YDL194W,9.0
YDL195W,9.0
YDL196W,1.0
YDL197C,3.0
YDL198C,9.0
YDL199C,9.0
YDL200C,8.0
YDL201W,9.0
YDL202W,9.0
YDL203C,9.0
YDL204W,7.0
YDL205C,9.0
YDL206W,9.0
YDL207W,9.0
YDL208W,9.0
YDL209C,9.0
YDL210W,9.0
YDL211C,8.0
YDL212W,7.0
YDL213C,9.0
YDL214C,8.0
YDL215C,8.0
YDL216C,9.0
YDL217C,9.0
YDL218W,9.0
YDL219W,9.0
YDL220C,8.0
YDL221W,2.0
YDL222C,9.0
YDL223C,8.0
YDL224C,9.0
YDL225W,9.0
YDL226C,9.0
YDL227C,9.0
YDL228C,9.0
YDL229W,8.0
YDL230W,9.0
YDL231C,8.0
YDL232W,9.0
YDL233W,4.0
YDL234C,9.0
YDL235C,9.0
YDL236W,9.0
YDL237W,9.0
YDL238C,9.0
YDL239C,9.0
YDL240C-A,2.0
YDL240W,9.0
YDL241W,3.0
YDL242W,9.0
YDL243C,9.0
YDL244W,8.0
YDL245C,9.0
YDL246C,9.0
YDL247W,9.0
YDL247W-A,1.0
YDL248W,8.0
YDR001C,9.0
YDR002W,9.0
YDR003W,5.0
YDR003W-A,2.0
YDR004W,9.0
YDR005C,9.0
YDR006C,9.0
YDR007W,9.0
YDR008C,
YDR009W,9.0
YDR010C,1.0
YDR011W,9.0
YDR012W,9.0
YDR013W,9.0
YDR014W,8.0
YDR014W-A,2.0
YDR015C,2.0
YDR016C,8.0
YDR017C,9.0
YDR018C,9.0
YDR019C,9.0
YDR020C,9.0
YDR021W,9.0
YDR022C,9.0
YDR023W,9.0
YDR024W,5.0
YDR025W,
YDR026C,8.0
YDR027C,9.0
YDR028C,9.0
YDR029W,2.0
YDR030C,9.0
YDR031W,9.0
YDR032C,9.0
YDR033W,7.0
YDR034C,9.0
YDR034CA,
YDR034C-A,2.0
YDR034C-C,9.0
YDR034C-D,9.0
YDR034WB,
YDR034W-B,1.0
YDR035W,9.0
YDR036C,9.0
YDR037W,9.0
YDR038C,9.0
YDR039C,9.0
YDR040C,9.0
YDR041W,9.0
YDR042C,3.0
YDR043C,8.0
YDR044W,9.0
YDR045C,9.0
YDR046C,9.0
YDR047W,9.0
YDR048C,
YDR049W,9.0
YDR050C,9.0
YDR051C,9.0
YDR052C,8.0
YDR053W,2.0
YDR054C,9.0
YDR055W,8.0
YDR056C,9.0
YDR057W,9.0
YDR058C,8.0
YDR059C,9.0
YDR060W,9.0
YDR061W,9.0
YDR062W,9.0
YDR063W,9.0
YDR064W,9.0
YDR065W,9.0
YDR066C,9.0
YDR067C,8.0
YDR068W,9.0
YDR069C,9.0
YDR070C,9.0
YDR071C,8.0
YDR072C,9.0
YDR073W,1.0
YDR074W,9.0
YDR075W,9.0
YDR076W,9.0
YDR077W,7.0
YDR078C,9.0
YDR079C-A,9.0
YDR079W,9.0
YDR080W,9.0
YDR081C,9.0
YDR082W,3.0
YDR083W,9.0
YDR084C,9.0
YDR085C,9.0
YDR086C,9.0
YDR087C,9.0
YDR088C,9.0
YDR089W,9.0
YDR090C,9.0
YDR091C,9.0
YDR092W,9.0
YDR093W,9.0
YDR094W,
YDR095C,2.0
YDR096W,8.0
YDR097C,9.0
YDR098C,9.0
YDR098C-A,8.0
YDR098C-B,8.0
YDR099W,9.0
YDR100W,8.0
YDR101C,8.0
YDR102C,2.0
YDR103W,9.0
YDR104C,8.0
YDR105C,9.0
YDR106W,4.0
YDR107C,9.0
YDR108W,9.0
YDR109C,9.0
YDR110W,9.0
YDR111C,9.0
YDR112W,
YDR113C,9.0
YDR114C,2.0
YDR115W,9.0
YDR116C,9.0
YDR117C,9.0
YDR118W,9.0
YDR118W-A,2.0
YDR119W,9.0
YDR119W-A,4.0
YDR120C,9.0
YDR121W,9.0
YDR122W,9.0
YDR123C,9.0
YDR124W,6.0
YDR125C,9.0
YDR126W,9.0
YDR127W,9.0
YDR128W,9.0
YDR129C,9.0
YDR130C,9.0
YDR131C,8.0
YDR132C,9.0
YDR133C,1.0
YDR134C,
YDR135C,9.0
YDR136C,2.0
YDR137W,9.0
YDR138W,9.0
YDR139C,9.0
YDR140W,9.0
YDR141C,9.0
YDR142C,9.0
YDR143C,9.0
YDR144C,9.0
YDR145W,9.0
YDR146C,9.0
YDR147W,9.0
YDR148C,9.0
YDR149C,
YDR150W,9.0
YDR151C,9.0
YDR152W,9.0
YDR153C,4.0
YDR154C,
YDR155C,9.0
YDR156W,4.0
YDR157W,
YDR158W,9.0
YDR159W,9.0
YDR160W,9.0
YDR161W,9.0
YDR162C,9.0
YDR163W,8.0
YDR164C,9.0
YDR165W,9.0
YDR166C,9.0
YDR167W,9.0
YDR168W,9.0
YDR169C,8.0
YDR169C-A,2.0
YDR170C,9.0
YDR170W-A,9.0
YDR171W,9.0
YDR172W,9.0
YDR173C,8.0
YDR174W,8.0
YDR175C,9.0
YDR176W,9.0
YDR177W,9.0
YDR178W,9.0
YDR179C,9.0
YDR179WA,
YDR179W-A,9.0
YDR180W,9.0
YDR181C,8.0
YDR182W,9.0
YDR182W-A,9.0
YDR183C-A,8.0
YDR183W,9.0
YDR184C,8.0
YDR185C,9.0
YDR186C,9.0
YDR187C,
YDR188W,9.0
YDR189W,9.0
YDR190C,9.0
YDR191W,9.0
YDR192C,7.0
YDR193W,1.0
YDR194C,9.0
YDR194W-A,2.0
YDR195W,8.0
YDR196C,9.0
YDR197W,8.0
YDR198C,9.0
YDR199W,
YDR200C,9.0
YDR201W,8.0
YDR202C,7.0
YDR203W,
YDR204W,9.0
YDR205W,9.0
YDR206W,9.0
YDR207C,9.0
YDR208W,9.0
YDR209C,2.0
YDR210C-C,8.0
YDR210C-D,8.0
YDR210W,1.0
YDR210W-A,9.0
YDR210W-B,9.0
YDR211W,9.0
YDR212W,9.0
YDR213W,6.0
YDR214W,9.0
YDR215C,7.0
YDR216W,9.0
YDR217C,9.0
YDR218C,9.0
YDR219C,7.0
YDR220C,2.0
YDR221W,9.0
YDR222W,8.0
YDR223W,8.0
YDR224C,9.0
YDR225W,9.0
YDR226W,9.0
YDR227W,7.0
YDR228C,9.0
YDR229W,8.0
YDR230W,
YDR231C,9.0
YDR232W,9.0
YDR233C,9.0
YDR234W,8.0
YDR235W,9.0
YDR236C,9.0
YDR237W,9.0
YDR238C,9.0
YDR239C,9.0
YDR240C,8.0
YDR241W,2.0
YDR242W,9.0
YDR243C,9.0
YDR244W,9.0
YDR245W,9.0
YDR246W,9.0
YDR246W-A,2.0
YDR247W,9.0
YDR248C,9.0
YDR249C,5.0
YDR250C,2.0
YDR251W,5.0
YDR252W,9.0
YDR253C,9.0
YDR254W,7.0
YDR255C,9.0
YDR256C,9.0
YDR257C,9.0
YDR258C,9.0
YDR259C,9.0
YDR260C,9.0
YDR261C,9.0
YDR261C-C,9.0
YDR261C-D,8.0
YDR261W-A,9.0
YDR261W-B,9.0
YDR262W,8.0
YDR263C,9.0
YDR264C,9.0
YDR265W,9.0
YDR266C,9.0
YDR267C,9.0
YDR268W,9.0
YDR269C,5.0
YDR270W,9.0
YDR271C,9.0
YDR272W,9.0
YDR273W,9.0
YDR274C,9.0
YDR275W,3.0
YDR276C,9.0
YDR277C,9.0
YDR278C,2.0
YDR279W,3.0
YDR280W,9.0
YDR281C,3.0
YDR282C,9.0
YDR283C,9.0
YDR284C,9.0
YDR285W,9.0
YDR286C,9.0
YDR287W,9.0
YDR288W,9.0
YDR289C,8.0
YDR290W,2.0
YDR291W,9.0
YDR292C,9.0
YDR293C,9.0
YDR294C,9.0
YDR295C,9.0
YDR296W,8.0
YDR297W,9.0
YDR298C,9.0
YDR299W,9.0
YDR300C,9.0
YDR301W,9.0
YDR302W,9.0
YDR303C,9.0
YDR304C,9.0
YDR305C,9.0
YDR306C,8.0
YDR307W,9.0
YDR308C,9.0
YDR309C,9.0
YDR310C,8.0
YDR311W,9.0
YDR312W,9.0
YDR313C,8.0
YDR314C,8.0
YDR315C,4.0
YDR316W,8.0
YDR316W-A,8.0
YDR316W-B,8.0
YDR317W,9.0
YDR318W,9.0
YDR319C,9.0
YDR320C,9.0
YDR320C-A,8.0
YDR320W-B,1.0
YDR321W,9.0
YDR322CA,
YDR322C-A,8.0
YDR322W,9.0
YDR323C,9.0
YDR324C,9.0
YDR325W,9.0
YDR326C,9.0
YDR327W,2.0
YDR328C,9.0
YDR329C,9.0
YDR330W,9.0
YDR331W,9.0
YDR332W,9.0
YDR333C,9.0
YDR334W,9.0
YDR335W,8.0
YDR336W,9.0
YDR337W,9.0
YDR338C,9.0
YDR339C,9.0
YDR340W,1.0
YDR341C,9.0
YDR342C,9.0
YDR343C,9.0
YDR344C,5.0
YDR345C,9.0
YDR346C,8.0
YDR347W,8.0
YDR348C,9.0
YDR349C,7.0
YDR350C,8.0
YDR351W,8.0
YDR352W,9.0
YDR353W,9.0
YDR354C-A,2.0
YDR354W,9.0
YDR355C,2.0
YDR356W,9.0
YDR357C,9.0
YDR358W,9.0
YDR359C,9.0
YDR360W,2.0
YDR361C,9.0
YDR362C,8.0
YDR363W,9.0
YDR363WA,
YDR363W-A,1.0
YDR364C,9.0
YDR365C,9.0
YDR365W-B,8.0
YDR366C,7.0
YDR367W,9.0
YDR368W,9.0
YDR369C,7.0
YDR370C,8.0
YDR371C-A,2.0
YDR371W,9.0
YDR372C,9.0
YDR373W,9.0
YDR374C,9.0
YDR374W-A,3.0
YDR375C,9.0
YDR376W,9.0
YDR377W,8.0
YDR378C,9.0
YDR379C-A,9.0
YDR379W,9.0
YDR380W,9.0
YDR381C-A,4.0
YDR381W,9.0
YDR382W,9.0
YDR383C,9.0
YDR384C,9.0
YDR385W,9.0
YDR386W,9.0
YDR387C,9.0
YDR388W,9.0
YDR389W,9.0
YDR390C,9.0
YDR391C,9.0
YDR392W,9.0
YDR393W,8.0
YDR394W,9.0
YDR395W,9.0
YDR396W,2.0
YDR397C,9.0
YDR398W,8.0
YDR399W,9.0
YDR400W,9.0
YDR401W,5.0
YDR402C,9.0
YDR403W,9.0
YDR404C,9.0
YDR405W,9.0
YDR406W,9.0
YDR406W-A,2.0
YDR407C,8.0
YDR408C,9.0
YDR409W,9.0
YDR410C,9.0
YDR411C,9.0
YDR412W,9.0
YDR413C,2.0
YDR414C,9.0
YDR415C,8.0
YDR416W,9.0
YDR417C,9.0
YDR418W,9.0
YDR419W,9.0
YDR420W,8.0
YDR421W,9.0
YDR422C,8.0
YDR423C,8.0
YDR424C,9.0
YDR425W,4.0
YDR426C,2.0
YDR427W,9.0
YDR428C,8.0
YDR429C,9.0
YDR430C,9.0
YDR431W,2.0
YDR432W,9.0
YDR433W,1.0
YDR434W,9.0
YDR435C,8.0
YDR436W,8.0
YDR437W,9.0
YDR438W,9.0
YDR439W,9.0
YDR440W,9.0
YDR441C,9.0
YDR442W,2.0
YDR443C,8.0
YDR444W,8.0
YDR445C,1.0
YDR446W,9.0
YDR447C,1.0
YDR448W,9.0
YDR449C,9.0
YDR450W,
YDR451C,9.0
YDR452W,9.0
YDR453C,9.0
YDR454C,9.0
YDR455C,2.0
YDR456W,9.0
YDR457W,9.0
YDR458C,9.0
YDR459C,9.0
YDR460W,9.0
YDR461C-A,9.0
YDR461W,3.0
YDR462W,7.0
YDR463W,9.0
YDR464C-A,2.0
YDR464W,8.0
YDR465C,9.0
YDR466W,9.0
YDR467C,2.0
YDR468C,9.0
YDR469W,9.0
YDR470C,8.0
YDR471W,9.0
YDR472W,9.0
YDR473C,9.0
YDR474C,
YDR475C,9.0
YDR476C,9.0
YDR477W,9.0
YDR478W,5.0
YDR479C,9.0
YDR480W,6.0
YDR481C,9.0
YDR482C,6.0
YDR483W,9.0
YDR484W,9.0
YDR485C,8.0
YDR486C,9.0
YDR487C,9.0
YDR488C,9.0
YDR489W,9.0
YDR490C,9.0
YDR491C,2.0
YDR492W,9.0
YDR493W,9.0
YDR494W,9.0
YDR495C,8.0
YDR496C,9.0
YDR497C,9.0
YDR498C,7.0
YDR499W,8.0
YDR500C,9.0
YDR501W,8.0
YDR502C,9.0
YDR503C,9.0
YDR504C,2.0
YDR505C,9.0
YDR506C,9.0
YDR507C,9.0
YDR508C,9.0
YDR509W,1.0
YDR510C-A,2.0
YDR510W,9.0
YDR511W,9.0
YDR512C,9.0
YDR513W,9.0
YDR514C,7.0
YDR515W,9.0
YDR516C,9.0
YDR517W,9.0
YDR518W,9.0
YDR519W,9.0
YDR520C,8.0
YDR521W,2.0
YDR522C,8.0
YDR523C,9.0
YDR524C,8.0
YDR524C-A,1.0
YDR524C-B,1.0
YDR524W-C,1.0
YDR525W,8.0
YDR525WA,
YDR525W-A,9.0
YDR526C,2.0
YDR527W,9.0
YDR528W,9.0
YDR529C,9.0
YDR530C,8.0
YDR531W,9.0
YDR532C,9.0
YDR533C,8.0
YDR534C,3.0
YDR535C,1.0
YDR536W,9.0
YDR537C,9.0
YDR538W,7.0
YDR539W,9.0
YDR540C,2.0
YDR541C,9.0
YDR542W,9.0
YDR543C,9.0
YDR544C,9.0
YDR545C-A,2.0
YDR545W,
YEL001C,8.0
YEL002C,9.0
YEL003W,9.0
YEL004W,9.0
YEL005C,9.0
YEL006W,9.0
YEL007W,9.0
YEL008C-A,2.0
YEL008W,2.0
YEL009C,9.0
YEL009C-A,
YEL010W,1.0
YEL011W,9.0
YEL012W,9.0
YEL013W,9.0
YEL014C,2.0
YEL015W,9.0
YEL016C,9.0
YEL017CA,
YEL017C-A,5.0
YEL017W,9.0
YEL018C-A,
YEL018W,9.0
YEL019C,9.0
YEL020C,9.0
YEL020C-B,2.0
YEL020WA,
YEL020W-A,9.0
YEL021W,9.0
YEL022W,9.0
YEL023C,9.0
YEL024W,9.0
YEL025C,3.0
YEL026W,9.0
YEL027W,9.0
YEL028W,4.0
YEL029C,9.0
YEL030C-A,2.0
YEL030W,9.0
YEL031W,9.0
YEL032C-A,2.0
YEL032W,9.0
YEL033W,2.0
YEL034C-A,4.0
YEL034W,9.0
YEL035C,5.0
YEL036C,9.0
YEL037C,9.0
YEL038W,9.0
YEL039C,9.0
YEL040W,9.0
YEL041W,9.0
YEL042W,9.0
YEL043W,9.0
YEL044W,9.0
YEL045C,2.0
YEL046C,9.0
YEL047C,9.0
YEL048C,8.0
YEL049W,7.0
YEL050C,9.0
YEL050W-A,2.0
YEL051W,9.0
YEL052W,9.0
YEL053C,9.0
YEL053W-A,
YEL054C,
YEL055C,9.0
YEL056W,9.0
YEL057C,9.0
YEL058W,9.0
YEL059CA,
YEL059C-A,8.0
YEL059W,2.0
YEL060C,9.0
YEL061C,9.0
YEL062W,9.0
YEL063C,9.0
YEL064C,9.0
YEL065W,8.0
YEL066W,8.0
YEL067C,2.0
YEL068C,3.0
YEL069C,9.0
YEL070W,
YEL071W,9.0
YEL072W,4.0
YEL073C,7.0
YEL074W,1.0
YEL075C,2.0
YEL075W-A,1.0
YEL076C,7.0
YEL076C-A,7.0
YEL076W-C,
YEL077C,7.0
YEL077W-A,
YER001W,9.0
YER002W,9.0
YER003C,9.0
YER004W,9.0
YER005W,9.0
YER006C-A,
YER006W,9.0
YER007CA,
YER007C-A,9.0
YER007W,9.0
YER008C,9.0
YER009W,9.0
YER010C,9.0
YER011W,7.0
YER012W,9.0
YER013W,9.0
YER014C-A,7.0
YER014W,9.0
YER015W,9.0
YER016W,9.0
YER017C,9.0
YER018C,3.0
YER019CA,
YER019C-A,9.0
YER019W,9.0
YER020W,9.0
YER021W,9.0
YER022W,8.0
YER023C-A,9.0
YER023W,9.0
YER024W,9.0
YER025W,9.0
YER026C,9.0
YER027C,8.0
YER028C,9.0
YER029C,9.0
YER030W,8.0
YER031C,9.0
YER032W,9.0
YER033C,9.0
YER034W,3.0
YER035W,9.0
YER036C,9.0
YER037W,8.0
YER038C,9.0
YER038W-A,
YER039C,9.0
YER039CA,
YER039C-A,8.0
YER040W,9.0
YER041W,9.0
YER042W,9.0
YER043C,9.0
YER044C,9.0
YER044CA,
YER044C-A,3.0
YER045C,9.0
YER046W,4.0
YER046W-A,
YER047C,9.0
YER048C,9.0
YER048WA,
YER048W-A,9.0
YER049W,9.0
YER050C,9.0
YER051W,9.0
YER052C,9.0
YER053C,9.0
YER053C-A,3.0
YER054C,9.0
YER055C,9.0
YER056C,7.0
YER056CA,
YER056C-A,9.0
YER057C,9.0
YER058W,9.0
YER059W,9.0
YER060W,7.0
YER060w-A,
YER060W-A,7.0
YER061C,9.0
YER062C,9.0
YER063W,8.0
YER064C,8.0
YER065C,9.0
YER066C-A,8.0
YER066W,9.0
YER067C-A,
YER067W,5.0
YER068C-A,
YER068W,9.0
YER069W,9.0
YER070W,9.0
YER071C,9.0
YER072W,8.0
YER073W,9.0
YER074W,
YER074W-A,9.0
YER075C,9.0
YER076C,9.0
YER076W-A,
YER077C,9.0
YER078C,9.0
YER078W-A,2.0
YER079C-A,
YER079W,7.0
YER080W,9.0
YER081W,9.0
YER082C,9.0
YER083C,6.0
YER084W,3.0
YER084W-A,
YER085C,3.0
YER086W,9.0
YER087C-A,
YER087C-B,9.0
YER087W,9.0
YER088C,9.0
YER088C-A,
YER088W-B,2.0
YER089C,9.0
YER090C-A,1.0
YER090W,9.0
YER091C,9.0
YER091C-A,2.0
YER092W,9.0
YER093C,9.0
YER093CA,
YER093C-A,9.0
YER094C,9.0
YER095W,9.0
YER096W,9.0
YER097W,1.0
YER098W,9.0
YER099C,9.0
YER100W,9.0
YER101C,9.0
YER102W,9.0
YER103W,9.0
YER104W,7.0
YER105C,9.0
YER106W,9.0
YER107C,9.0
YER107W-A,
YER108C,
YER109C,9.0
YER110C,9.0
YER111C,9.0
YER112W,9.0
YER113C,6.0
YER114C,9.0
YER115C,3.0
YER116C,9.0
YER117W,
YER118C,8.0
YER119C,9.0
YER119CA,
YER119C-A,1.0
YER120W,9.0
YER121W,8.0
YER122C,9.0
YER123W,9.0
YER124C,9.0
YER125W,9.0
YER126C,9.0
YER127W,9.0
YER128W,8.0
YER129W,9.0
YER130C,9.0
YER131W,9.0
YER132C,9.0
YER133W,9.0
YER133W-A,
YER134C,9.0
YER135C,2.0
YER136W,9.0
YER137C,9.0
YER137W-A,
YER138C,8.0
YER138WA,
YER138W-A,2.0
YER139C,9.0
YER140W,9.0
YER141W,9.0
YER142C,9.0
YER143W,9.0
YER144C,9.0
YER145C,8.0
YER145C-A,
YER146W,9.0
YER147C,9.0
YER147C-A,
YER148W,9.0
YER148W-A,
YER149C,9.0
YER150W,7.0
YER151C,9.0
YER152C,9.0
YER152W-A,
YER153C,7.0
YER154W,9.0
YER155C,9.0
YER156C,9.0
YER157W,9.0
YER158C,9.0
YER158W-A,2.0
YER159C,9.0
YER160C,8.0
YER161C,9.0
YER162C,9.0
YER163C,9.0
YER164W,9.0
YER165C-A,
YER165W,9.0
YER166W,9.0
YER167W,7.0
YER168C,9.0
YER169W,9.0
YER170W,9.0
YER171W,9.0
YER172C,9.0
YER172C-A,
YER173W,9.0
YER174C,9.0
YER175C,9.0
YER175W-A,2.0
YER176W,9.0
YER177W,9.0
YER178W,9.0
YER179W,9.0
YER180C,5.0
YER180C-A,8.0
YER181C,2.0
YER182W,9.0
YER183C,9.0
YER184C,4.0
YER185W,9.0
YER186C,5.0
YER187W,4.0
YER188C-A,9.0
YER188W,9.0
YER189W,2.0
YER190C-A,9.0
YER190C-B,
YER190W,9.0
YFL001W,9.0
YFL002C,9.0
YFL002W-A,9.0
YFL002W-B,
YFL003C,9.0
YFL004W,9.0
YFL005W,9.0
YFL006W,
YFL007W,9.0
YFL008W,9.0
YFL009W,9.0
YFL010C,9.0
YFL010W-A,2.0
YFL011W,9.0
YFL011W-A,
YFL012W,3.0
YFL012W-A,4.0
YFL013C,8.0
YFL013W-A,2.0
YFL014W,8.0
YFL015C,5.0
YFL015W-A,
YFL016C,9.0
YFL017C,9.0
YFL017WA,
YFL017W-A,9.0
YFL018C,9.0
YFL018W-A,
YFL019C,8.0
YFL020C,9.0
YFL021C-A,
YFL021W,9.0
YFL022C,9.0
YFL023W,9.0
YFL024C,9.0
YFL025C,9.0
YFL026W,6.0
YFL027C,9.0
YFL028C,9.0
YFL029C,9.0
YFL030W,9.0
YFL031C-A,2.0
YFL031W,9.0
YFL032W,1.0
YFL033C,9.0
YFL034CA,
YFL034C-A,9.0
YFL034CB,
YFL034C-B,9.0
YFL034W,9.0
YFL035C,
YFL035C-A,
YFL035C-B,
YFL036W,9.0
YFL037W,9.0
YFL038C,9.0
YFL039C,9.0
YFL040W,9.0
YFL041W,9.0
YFL041W-A,2.0
YFL042C,9.0
YFL043C,
YFL044C,9.0
YFL045C,9.0
YFL046W,9.0
YFL047W,8.0
YFL048C,9.0
YFL049W,4.0
YFL050C,9.0
YFL051C,7.0
YFL052W,9.0
YFL053W,9.0
YFL054C,9.0
YFL055W,9.0
YFL056C,9.0
YFL057C,9.0
YFL058W,8.0
YFL059W,9.0
YFL060C,9.0
YFL061W,
YFL062W,2.0
YFL063W,9.0
YFL064C,3.0
YFL065C,2.0
YFL066C,9.0
YFL067W,9.0
YFL068W,
YFL-TYA,
YFL-TYB,
YFR001W,9.0
YFR002W,9.0
YFR003C,9.0
YFR004W,9.0
YFR005C,9.0
YFR006W,9.0
YFR007W,9.0
YFR008W,9.0
YFR009W,9.0
YFR009W-A,7.0
YFR010W,9.0
YFR010W-A,2.0
YFR011C,9.0
YFR012W,9.0
YFR012W-A,1.0
YFR013W,9.0
YFR014C,9.0
YFR015C,9.0
YFR016C,8.0
YFR017C,7.0
YFR018C,9.0
YFR019W,9.0
YFR020W,9.0
YFR021W,9.0
YFR022W,9.0
YFR023W,7.0
YFR024C,
YFR024CA,
YFR024C-A,9.0
YFR025C,9.0
YFR026C,2.0
YFR027W,9.0
YFR028C,9.0
YFR029W,5.0
YFR030W,9.0
YFR031C,9.0
YFR031CA,
YFR031C-A,9.0
YFR032C,4.0
YFR032CA,
YFR032C-A,9.0
YFR032C-B,7.0
YFR033C,9.0
YFR034C,4.0
YFR034W-A,1.0
YFR035C,7.0
YFR036W,8.0
YFR036W-A,
YFR037C,9.0
YFR038W,9.0
YFR039C,9.0
YFR040W,8.0
YFR041C,9.0
YFR042W,9.0
YFR043C,9.0
YFR044C,9.0
YFR045W,4.0
YFR046C,9.0
YFR047C,9.0
YFR048W,9.0
YFR049W,9.0
YFR050C,9.0
YFR051C,9.0
YFR052C-A,
YFR052W,9.0
YFR053C,9.0
YFR054C,2.0
YFR055W,9.0
YFR056C,2.0
YFR057W,8.0
YGL001C,9.0
YGL002W,9.0
YGL003C,9.0
YGL004C,9.0
YGL005C,8.0
YGL006W,9.0
YGL006W-A,2.0
YGL007C-A,1.0
YGL007W,3.0
YGL008C,9.0
YGL009C,9.0
YGL010W,9.0
YGL011C,9.0
YGL012W,9.0
YGL013C,9.0
YGL014C-A,5.0
YGL014W,9.0
YGL015C,5.0
YGL016W,6.0
YGL017W,9.0
YGL018C,9.0
YGL019W,9.0
YGL020C,9.0
YGL021W,9.0
YGL022W,9.0
YGL023C,9.0
YGL024W,2.0
YGL025C,9.0
YGL026C,9.0
YGL027C,9.0
YGL028C,8.0
YGL029W,8.0
YGL030W,9.0
YGL031C,9.0
YGL032C,9.0
YGL033W,9.0
YGL034C,7.0
YGL035C,9.0
YGL036W,8.0
YGL037C,9.0
YGL038C,8.0
YGL039W,9.0
YGL040C,9.0
YGL041C,3.0
YGL041C-B,2.0
YGL041W-A,9.0
YGL042C,2.0
YGL043W,9.0
YGL044C,9.0
YGL045W,9.0
YGL046W,
YGL047W,9.0
YGL048C,9.0
YGL049C,8.0
YGL050W,9.0
YGL051W,9.0
YGL052W,5.0
YGL053W,9.0
YGL054C,9.0
YGL055W,9.0
YGL056C,9.0
YGL057C,3.0
YGL058W,9.0
YGL059W,9.0
YGL060W,9.0
YGL061C,7.0
YGL062W,9.0
YGL063C-A,2.0
YGL063W,9.0
YGL064C,9.0
YGL065C,9.0
YGL066W,9.0
YGL067W,9.0
YGL068W,9.0
YGL069C,4.0
YGL070C,9.0
YGL071W,8.0
YGL072C,2.0
YGL073W,9.0
YGL074C,2.0
YGL075C,8.0
YGL076C,9.0
YGL077C,9.0
YGL078C,9.0
YGL079W,9.0
YGL080W,9.0
YGL081W,4.0
YGL082W,8.0
YGL083W,9.0
YGL084C,9.0
YGL085W,8.0
YGL086W,8.0
YGL087C,9.0
YGL088W,2.0
YGL089C,8.0
YGL090W,9.0
YGL091C,9.0
YGL092W,9.0
YGL093W,8.0
YGL094C,9.0
YGL095C,9.0
YGL096W,9.0
YGL097W,9.0
YGL098W,9.0
YGL099W,9.0
YGL100W,9.0
YGL101W,9.0
YGL102C,9.0
YGL103W,9.0
YGL104C,9.0
YGL105W,9.0
YGL106W,9.0
YGL107C,7.0
YGL108C,6.0
YGL109W,1.0
YGL110C,9.0
YGL111W,9.0
YGL112C,9.0
YGL113W,7.0
YGL114W,9.0
YGL115W,9.0
YGL116W,9.0
YGL117W,9.0
YGL118C,2.0
YGL119W,9.0
YGL120C,9.0
YGL121C,3.0
YGL122C,8.0
YGL123C-A,2.0
YGL123W,9.0
YGL124C,9.0
YGL125W,9.0
YGL126W,9.0
YGL127C,9.0
YGL128C,9.0
YGL129C,8.0
YGL130W,9.0
YGL131C,9.0
YGL132W,8.0
YGL133W,9.0
YGL134W,9.0
YGL135W,9.0
YGL136C,9.0
YGL137W,9.0
YGL138C,9.0
YGL139W,8.0
YGL140C,9.0
YGL141W,9.0
YGL142C,9.0
YGL143C,9.0
YGL144C,8.0
YGL145W,9.0
YGL146C,7.0
YGL147C,9.0
YGL148W,9.0
YGL149W,1.0
YGL150C,9.0
YGL151W,9.0
YGL152C,2.0
YGL153W,8.0
YGL154C,9.0
YGL155W,9.0
YGL156W,9.0
YGL157W,9.0
YGL158W,9.0
YGL159W,8.0
YGL160W,9.0
YGL161C,9.0
YGL162W,5.0
YGL163C,9.0
YGL164C,8.0
YGL165C,7.0
YGL166W,9.0
YGL167C,9.0
YGL168W,2.0
YGL169W,9.0
YGL170C,9.0
YGL171W,9.0
YGL172W,9.0
YGL173C,9.0
YGL174W,9.0
YGL175C,9.0
YGL176C,9.0
YGL177W,8.0
YGL178W,9.0
YGL179C,9.0
YGL180W,9.0
YGL181W,9.0
YGL182C,2.0
YGL183C,9.0
YGL184C,9.0
YGL185C,9.0
YGL186C,7.0
YGL187C,9.0
YGL188C,2.0
YGL188C-A,2.0
YGL189C,9.0
YGL190C,9.0
YGL191W,9.0
YGL192W,9.0
YGL193C,1.0
YGL194C,9.0
YGL194C-A,3.0
YGL195W,9.0
YGL196W,9.0
YGL197W,8.0
YGL198W,9.0
YGL199C,2.0
YGL200C,9.0
YGL201C,9.0
YGL202W,9.0
YGL203C,9.0
YGL204C,2.0
YGL205W,6.0
YGL206C,9.0
YGL207W,9.0
YGL208W,9.0
YGL209W,9.0
YGL210W,9.0
YGL211W,9.0
YGL212W,8.0
YGL213C,6.0
YGL214W,2.0
YGL215W,8.0
YGL216W,9.0
YGL217C,5.0
YGL218W,8.0
YGL219C,8.0
YGL220W,9.0
YGL221C,9.0
YGL222C,4.0
YGL223C,9.0
YGL224C,9.0
YGL225W,8.0
YGL226CA,
YGL226C-A,4.0
YGL226W,9.0
YGL227W,9.0
YGL228W,9.0
YGL229C,8.0
YGL230C,9.0
YGL231C,9.0
YGL232W,9.0
YGL233W,9.0
YGL234W,9.0
YGL235W,6.0
YGL236C,9.0
YGL237C,9.0
YGL238W,9.0
YGL239C,2.0
YGL240W,9.0
YGL241W,9.0
YGL242C,9.0
YGL243W,8.0
YGL244W,9.0
YGL245W,9.0
YGL246C,9.0
YGL247W,8.0
YGL248W,7.0
YGL249W,4.0
YGL250W,9.0
YGL251C,9.0
YGL252C,9.0
YGL253W,9.0
YGL254W,9.0
YGL255W,9.0
YGL256W,5.0
YGL257C,9.0
YGL258W,9.0
YGL258W-A,9.0
YGL259W,9.0
YGL260W,7.0
YGL261C,7.0
YGL262W,4.0
YGL263W,9.0
YGR001C,9.0
YGR002C,9.0
YGR003W,9.0
YGR004W,8.0
YGR005C,9.0
YGR006W,9.0
YGR007W,9.0
YGR008C,9.0
YGR009C,9.0
YGR010W,9.0
YGR011W,2.0
YGR012W,9.0
YGR013W,8.0
YGR014W,9.0
YGR015C,3.0
YGR016W,9.0
YGR017W,8.0
YGR018C,2.0
YGR019W,9.0
YGR020C,9.0
YGR021W,9.0
YGR022C,2.0
YGR023W,4.0
YGR024C,9.0
YGR025W,8.0
YGR026W,8.0
YGR027C,9.0
YGR027W-A,8.0
YGR027W-B,8.0
YGR028W,9.0
YGR029W,9.0
YGR030C,9.0
YGR031C-A,2.0
YGR031W,9.0
YGR032W,9.0
YGR033C,9.0
YGR034W,9.0
YGR035C,9.0
YGR035W-A,5.0
YGR036C,9.0
YGR037C,9.0
YGR038C-A,8.0
YGR038C-B,8.0
YGR038W,9.0
YGR039W,4.0
YGR040W,9.0
YGR041W,9.0
YGR042W,8.0
YGR043C,9.0
YGR044C,9.0
YGR045C,2.0
YGR046W,9.0
YGR047C,9.0
YGR048W,9.0
YGR049W,9.0
YGR050C,2.0
YGR051C,2.0
YGR052W,8.0
YGR053C,8.0
YGR054W,9.0
YGR055W,9.0
YGR056W,9.0
YGR057C,9.0
YGR058W,9.0
YGR059W,9.0
YGR060W,9.0
YGR061C,9.0
YGR062C,8.0
YGR063C,9.0
YGR064W,2.0
YGR065C,9.0
YGR066C,9.0
YGR067C,9.0
YGR068C,9.0
YGR068W-A,2.0
YGR069W,1.0
YGR070W,9.0
YGR071C,9.0
YGR072W,9.0
YGR073C,2.0
YGR074W,9.0
YGR075C,9.0
YGR076C,9.0
YGR077C,9.0
YGR078C,9.0
YGR079W,5.0
YGR080W,9.0
YGR081C,9.0
YGR082W,9.0
YGR083C,9.0
YGR084C,9.0
YGR085C,9.0
YGR086C,9.0
YGR087C,9.0
YGR088W,9.0
YGR089W,9.0
YGR090W,9.0
YGR091W,9.0
YGR092W,8.0
YGR093W,9.0
YGR094W,9.0
YGR095C,9.0
YGR096W,9.0
YGR097W,8.0
YGR098C,9.0
YGR099W,9.0
YGR100W,9.0
YGR101W,9.0
YGR102C,9.0
YGR103W,9.0
YGR104C,8.0
YGR105W,9.0
YGR106C,9.0
YGR107W,1.0
YGR108W,9.0
YGR109C,9.0
YGR109W-A,9.0
YGR109W-B,9.0
YGR110W,9.0
YGR111W,8.0
YGR112W,9.0
YGR113W,8.0
YGR114C,2.0
YGR115C,2.0
YGR116W,9.0
YGR117C,9.0
YGR118W,9.0
YGR119C,8.0
YGR120C,9.0
YGR121C,9.0
YGR121W-A,2.0
YGR122C-A,1.0
YGR122W,9.0
YGR123C,9.0
YGR124W,9.0
YGR125W,9.0
YGR126W,9.0
YGR127W,9.0
YGR128C,8.0
YGR129W,9.0
YGR130C,9.0
YGR131W,7.0
YGR132C,9.0
YGR133W,8.0
YGR134W,7.0
YGR135W,9.0
YGR136W,8.0
YGR137W,2.0
YGR138C,9.0
YGR139W,2.0
YGR140W,9.0
YGR141W,8.0
YGR142W,9.0
YGR143W,8.0
YGR144W,9.0
YGR145W,9.0
YGR146C,4.0
YGR146C-A,2.0
YGR147C,8.0
YGR148C,9.0
YGR149W,9.0
YGR150C,8.0
YGR151C,2.0
YGR152C,9.0
YGR153W,9.0
YGR154C,8.0
YGR155W,9.0
YGR156W,9.0
YGR157W,8.0
YGR158C,8.0
YGR159C,9.0
YGR160W,4.0
YGR161C,5.0
YGR161C-D,8.0
YGR161W-A,9.0
YGR161W-B,
YGR161W-C,9.0
YGR162W,9.0
YGR163W,9.0
YGR164W,2.0
YGR165W,7.0
YGR166W,4.0
YGR167W,8.0
YGR168C,3.0
YGR169C,9.0
YGR169C-A,9.0
YGR170W,9.0
YGR171C,9.0
YGR172C,9.0
YGR173W,9.0
YGR174C,9.0
YGR174W-A,1.0
YGR175C,9.0
YGR176W,1.0
YGR177C,9.0
YGR178C,8.0
YGR179C,4.0
YGR180C,9.0
YGR181W,9.0
YGR182C,1.0
YGR183C,9.0
YGR184C,8.0
YGR185C,9.0
YGR186W,9.0
YGR187C,9.0
YGR188C,9.0
YGR189C,9.0
YGR190C,2.0
YGR191W,9.0
YGR192C,9.0
YGR193C,9.0
YGR194C,9.0
YGR195W,9.0
YGR196C,4.0
YGR197C,9.0
YGR198W,9.0
YGR199W,9.0
YGR200C,9.0
YGR201C,9.0
YGR202C,9.0
YGR203W,9.0
YGR204C-A,2.0
YGR204W,9.0
YGR205W,9.0
YGR206W,3.0
YGR207C,9.0
YGR208W,9.0
YGR209C,9.0
YGR210C,9.0
YGR211W,9.0
YGR212W,9.0
YGR213C,8.0
YGR214W,9.0
YGR215W,9.0
YGR216C,9.0
YGR217W,9.0
YGR218W,9.0
YGR219W,4.0
YGR220C,9.0
YGR221C,9.0
YGR222W,9.0
YGR223C,9.0
YGR224W,9.0
YGR225W,9.0
YGR226C,5.0
YGR227W,9.0
YGR228W,2.0
YGR229C,8.0
YGR230W,9.0
YGR231C,9.0
YGR232W,9.0
YGR233C,8.0
YGR234W,9.0
YGR235C,9.0
YGR236C,3.0
YGR237C,9.0
YGR238C,9.0
YGR239C,9.0
YGR240C,9.0
YGR240C-A,2.0
YGR241C,9.0
YGR242W,2.0
YGR243W,9.0
YGR244C,9.0
YGR245C,9.0
YGR246C,9.0
YGR247W,7.0
YGR248W,9.0
YGR249W,9.0
YGR250C,4.0
YGR251W,4.0
YGR252W,9.0
YGR253C,9.0
YGR254W,9.0
YGR255C,9.0
YGR256W,9.0
YGR257C,9.0
YGR258C,9.0
YGR259C,2.0
YGR260W,9.0
YGR261C,9.0
YGR262C,9.0
YGR263C,9.0
YGR264C,9.0
YGR265W,2.0
YGR266W,8.0
YGR267C,9.0
YGR268C,8.0
YGR269W,2.0
YGR270C-A,2.0
YGR270W,9.0
YGR271C-A,9.0
YGR271W,9.0
YGR272C,
YGR273C,9.0
YGR274C,9.0
YGR275W,4.0
YGR276C,9.0
YGR277C,9.0
YGR278W,9.0
YGR279C,8.0
YGR280C,9.0
YGR281W,9.0
YGR282C,9.0
YGR283C,9.0
YGR284C,9.0
YGR285C,9.0
YGR286C,9.0
YGR287C,9.0
YGR288W,9.0
YGR289C,9.0
YGR290W,1.0
YGR291C,2.0
YGR292W,9.0
YGR293C,1.0
YGR294W,7.0
YGR295C,8.0
YGR296C-A,
YGR296C-B,2.0
YGR296W,
YHL001W,9.0
YHL002C-A,
YHL002W,9.0
YHL003C,9.0
YHL004W,9.0
YHL005C,2.0
YHL006C,3.0
YHL006W-A,
YHL007C,9.0
YHL008C,8.0
YHL009C,5.0
YHL009W-A,9.0
YHL009W-B,9.0
YHL010C,9.0
YHL011C,9.0
YHL012W,7.0
YHL013C,9.0
YHL014C,9.0
YHL015W,9.0
YHL015W-A,1.0
YHL016C,9.0
YHL017W,9.0
YHL018W,9.0
YHL019C,8.0
YHL019W-A,
YHL020C,8.0
YHL021C,9.0
YHL022C,9.0
YHL023C,8.0
YHL024W,9.0
YHL025W,9.0
YHL026C,8.0
YHL027W,9.0
YHL028W,9.0
YHL029C,9.0
YHL030W,9.0
YHL030W-A,
YHL031C,9.0
YHL032C,9.0
YHL033C,9.0
YHL034C,9.0
YHL034W-A,
YHL035C,9.0
YHL036W,9.0
YHL037C,1.0
YHL038C,9.0
YHL039W,8.0
YHL040C,8.0
YHL041W,2.0
YHL042W,8.0
YHL043W,8.0
YHL044W,9.0
YHL045W,7.0
YHL046C,7.0
YHL046W-A,
YHL047C,8.0
YHL048C-A,1.0
YHL048W,8.0
YHL049C,7.0
YHL050C,8.0
YHL050W-A,2.0
YHR001W,9.0
YHR001WA,
YHR001W-A,8.0
YHR002W,9.0
YHR003C,9.0
YHR004C,8.0
YHR005C,9.0
YHR005CA,
YHR005C-A,9.0
YHR006W,8.0
YHR007C,9.0
YHR007C-A,2.0
YHR008C,9.0
YHR009C,9.0
YHR010W,9.0
YHR011W,9.0
YHR012W,9.0
YHR013C,9.0
YHR014W,8.0
YHR015W,7.0
YHR016C,9.0
YHR017W,9.0
YHR018C,9.0
YHR019C,9.0
YHR020W,9.0
YHR021C,9.0
YHR021WA,
YHR021W-A,2.0
YHR022C,3.0
YHR022C-A,1.0
YHR023W,9.0
YHR024C,9.0
YHR025W,9.0
YHR026W,9.0
YHR027C,9.0
YHR028C,9.0
YHR028W-A,
YHR029C,9.0
YHR030C,9.0
YHR031C,9.0
YHR032C-A,2.0
YHR032W,9.0
YHR032W-A,2.0
YHR033W,9.0
YHR034C,8.0
YHR035W,4.0
YHR036W,8.0
YHR037W,9.0
YHR038W,9.0
YHR039C,9.0
YHR039CA,
YHR039C-A,9.0
YHR039C-B,
YHR040W,9.0
YHR041C,9.0
YHR042W,9.0
YHR043C,9.0
YHR044C,9.0
YHR045W,9.0
YHR046C,9.0
YHR047C,9.0
YHR048W,9.0
YHR049CA,
YHR049C-A,1.0
YHR049W,9.0
YHR050W,9.0
YHR050W-A,1.0
YHR051W,9.0
YHR052W,4.0
YHR052W-A,2.0
YHR053C,
YHR054C,9.0
YHR054W-A,
YHR055C,9.0
YHR056C,9.0
YHR056W-A,
YHR057C,9.0
YHR058C,9.0
YHR059W,8.0
YHR060W,9.0
YHR061C,9.0
YHR062C,9.0
YHR063C,8.0
YHR063W-A,
YHR064C,8.0
YHR065C,9.0
YHR066W,9.0
YHR067W,9.0
YHR068W,9.0
YHR069C,9.0
YHR069C-A,
YHR070C-A,
YHR070W,9.0
YHR071C-A,
YHR071W,9.0
YHR072W,9.0
YHR072W-A,9.0
YHR073C-B,1.0
YHR073W,9.0
YHR073W-A,2.0
YHR074W,9.0
YHR075C,9.0
YHR076W,9.0
YHR077C,9.0
YHR078W,8.0
YHR079C,9.0
YHR079C-A,9.0
YHR079C-B,
YHR080C,9.0
YHR081W,9.0
YHR082C,6.0
YHR083W,5.0
YHR084W,9.0
YHR085W,9.0
YHR086W,9.0
YHR086W-A,2.0
YHR087W,8.0
YHR088W,9.0
YHR089C,9.0
YHR090C,9.0
YHR091C,9.0
YHR092C,9.0
YHR093W,2.0
YHR094C,9.0
YHR095W,1.0
YHR096C,9.0
YHR097C,9.0
YHR098C,9.0
YHR099W,9.0
YHR100C,9.0
YHR101C,9.0
YHR102W,9.0
YHR103W,9.0
YHR104W,9.0
YHR105W,9.0
YHR106W,9.0
YHR107C,9.0
YHR108W,9.0
YHR109W,8.0
YHR110W,9.0
YHR111W,9.0
YHR112C,8.0
YHR113W,9.0
YHR114W,9.0
YHR115C,9.0
YHR116W,9.0
YHR117W,9.0
YHR118C,8.0
YHR119W,9.0
YHR120W,8.0
YHR121W,9.0
YHR122W,9.0
YHR123W,9.0
YHR124W,8.0
YHR125W,2.0
YHR126C,9.0
YHR127W,9.0
YHR128W,9.0
YHR129C,9.0
YHR130C,1.0
YHR131C,8.0
YHR131W-A,
YHR132C,9.0
YHR132W-A,8.0
YHR133C,9.0
YHR134W,9.0
YHR135C,9.0
YHR136C,5.0
YHR137C-A,2.0
YHR137W,9.0
YHR138C,9.0
YHR139C,5.0
YHR139C-A,2.0
YHR140W,9.0
YHR141C,9.0
YHR142W,9.0
YHR143W,7.0
YHR143WA,
YHR143W-A,9.0
YHR144C,9.0
YHR145C,2.0
YHR146W,9.0
YHR147C,9.0
YHR148W,9.0
YHR149C,9.0
YHR150W,9.0
YHR151C,8.0
YHR152W,9.0
YHR153C,9.0
YHR154W,9.0
YHR155W,8.0
YHR156C,9.0
YHR157W,9.0
YHR158C,8.0
YHR159W,9.0
YHR160C,3.0
YHR161C,9.0
YHR162W,9.0
YHR163W,9.0
YHR164C,9.0
YHR165C,9.0
YHR165W-A,
YHR166C,9.0
YHR167W,9.0
YHR168W,8.0
YHR169W,9.0
YHR170W,9.0
YHR171W,9.0
YHR172W,9.0
YHR173C,1.0
YHR174W,9.0
YHR175W,9.0
YHR175W-A,2.0
YHR176W,9.0
YHR177W,9.0
YHR178W,9.0
YHR179W,9.0
YHR180C-B,4.0
YHR180W,5.0
YHR180W-A,2.0
YHR181W,9.0
YHR182C-A,
YHR182W,9.0
YHR183W,9.0
YHR184W,5.0
YHR185C,4.0
YHR186C,9.0
YHR187W,8.0
YHR188C,9.0
YHR189W,9.0
YHR190W,9.0
YHR191C,7.0
YHR192W,9.0
YHR193C,9.0
YHR193C-A,
YHR194W,8.0
YHR195W,9.0
YHR196W,8.0
YHR197W,9.0
YHR198C,9.0
YHR199C,9.0
YHR199C-A,8.0
YHR200W,9.0
YHR201C,9.0
YHR202W,8.0
YHR203C,
YHR204W,9.0
YHR205W,9.0
YHR206W,9.0
YHR207C,7.0
YHR208W,9.0
YHR209W,9.0
YHR210C,9.0
YHR211W,7.0
YHR212C,
YHR212W-A,7.0
YHR213W,7.0
YHR213W-A,2.0
YHR213W-B,9.0
YHR214C-B,9.0
YHR214C-C,9.0
YHR214C-D,2.0
YHR214C-E,2.0
YHR214W,7.0
YHR214WA,
YHR214W-A,2.0
YHR215W,9.0
YHR216W,9.0
YHR217C,9.0
YHR218W,7.0
YHR218W-A,7.0
YHR219C-A,2.0
YHR219W,9.0
YIL001W,9.0
YIL002C,9.0
YIL002W-A,9.0
YIL003W,9.0
YIL004C,8.0
YIL005W,9.0
YIL006W,9.0
YIL007C,9.0
YIL008W,9.0
YIL009C-A,9.0
YIL009W,8.0
YIL010W,9.0
YIL011W,9.0
YIL012W,1.0
YIL013C,9.0
YIL014C-A,7.0
YIL014W,9.0
YIL015C-A,
YIL015W,9.0
YIL016W,9.0
YIL017C,9.0
YIL017W,
YIL018W,
YIL019W,9.0
YIL020C,9.0
YIL020C-A,
YIL021C-A,2.0
YIL021W,9.0
YIL022W,9.0
YIL023C,9.0
YIL024C,9.0
YIL025C,2.0
YIL026C,9.0
YIL027C,9.0
YIL028W,2.0
YIL029C,3.0
YIL029W-A,
YIL030C,8.0
YIL030W-A,
YIL031W,9.0
YIL032C,2.0
YIL033C,9.0
YIL034C,9.0
YIL035C,9.0
YIL036W,9.0
YIL037C,8.0
YIL038C,9.0
YIL039W,8.0
YIL040W,7.0
YIL041W,9.0
YIL042C,9.0
YIL043C,9.0
YIL044C,9.0
YIL045W,8.0
YIL046W,9.0
YIL046W-A,2.0
YIL047C,9.0
YIL047C-A,
YIL048W,9.0
YIL049W,9.0
YIL050W,9.0
YIL051C,9.0
YIL052C,9.0
YIL053W,9.0
YIL054W,2.0
YIL055C,8.0
YIL056W,8.0
YIL057C,5.0
YIL058W,2.0
YIL059C,5.0
YIL060W,2.0
YIL061C,9.0
YIL062C,9.0
YIL063C,8.0
YIL064W,9.0
YIL065C,9.0
YIL066C,9.0
YIL066W-A,
YIL067C,9.0
YIL068C,9.0
YIL068W-A,
YIL069C,9.0
YIL070C,9.0
YIL071C,8.0
YIL071W-A,
YIL072W,9.0
YIL073C,9.0
YIL074C,9.0
YIL075C,9.0
YIL076W,9.0
YIL077C,9.0
YIL078W,9.0
YIL079C,9.0
YIL080W,
YIL082W,9.0
YIL082WA,
YIL082W-A,9.0
YIL083C,9.0
YIL084C,9.0
YIL085C,9.0
YIL086C,2.0
YIL087C,9.0
YIL088C,9.0
YIL089W,9.0
YIL090W,9.0
YIL091C,9.0
YIL092W,9.0
YIL093C,8.0
YIL094C,8.0
YIL095W,9.0
YIL096C,8.0
YIL097W,9.0
YIL098C,9.0
YIL099W,9.0
YIL100C-A,2.0
YIL100W,2.0
YIL101C,8.0
YIL102C,7.0
YIL102C-A,4.0
YIL103W,9.0
YIL104C,9.0
YIL105C,8.0
YIL105W-A,2.0
YIL106W,9.0
YIL107C,9.0
YIL108W,9.0
YIL109C,9.0
YIL110W,9.0
YIL111W,9.0
YIL112W,8.0
YIL113W,9.0
YIL114C,9.0
YIL115C,7.0
YIL115W-A,
YIL116W,9.0
YIL117C,7.0
YIL118W,9.0
YIL119C,9.0
YIL120W,9.0
YIL121W,9.0
YIL122W,7.0
YIL123W,8.0
YIL124W,9.0
YIL125W,9.0
YIL126W,9.0
YIL127C,9.0
YIL128W,9.0
YIL129C,9.0
YIL130W,9.0
YIL131C,9.0
YIL132C,9.0
YIL133C,9.0
YIL134C-A,2.0
YIL134W,9.0
YIL135C,9.0
YIL136W,8.0
YIL137C,9.0
YIL138C,8.0
YIL139C,9.0
YIL140W,7.0
YIL141W,2.0
YIL142C-A,
YIL142W,9.0
YIL143C,9.0
YIL144W,9.0
YIL145C,9.0
YIL146C,5.0
YIL147C,8.0
YIL148W,
YIL149C,9.0
YIL150C,9.0
YIL151C,9.0
YIL152W,9.0
YIL153W,9.0
YIL154C,9.0
YIL155C,9.0
YIL156W,8.0
YIL156W-A,
YIL156W-B,8.0
YIL157C,8.0
YIL158W,9.0
YIL159W,8.0
YIL160C,9.0
YIL161W,9.0
YIL162W,8.0
YIL163C,1.0
YIL164C,9.0
YIL165C,9.0
YIL166C,9.0
YIL167W,
YIL168W,
YIL169C,9.0
YIL170W,
YIL171W,
YIL171W-A,4.0
YIL172C,
YIL173W,9.0
YIL174W,
YIL175W,
YIL176C,7.0
YIL177C,7.0
YIL177W-A,2.0
YIR001C,9.0
YIR002C,9.0
YIR003W,8.0
YIR004W,9.0
YIR005W,9.0
YIR006C,9.0
YIR007W,8.0
YIR008C,9.0
YIR009W,9.0
YIR010W,9.0
YIR011C,8.0
YIR012W,6.0
YIR013C,9.0
YIR014W,3.0
YIR015W,9.0
YIR016W,3.0
YIR017C,9.0
YIR017W-A,2.0
YIR018C-A,1.0
YIR018W,9.0
YIR019C,6.0
YIR020C,2.0
YIR020C-B,9.0
YIR020W-A,2.0
YIR021W,8.0
YIR021W-A,2.0
YIR022W,9.0
YIR023C-A,
YIR023W,9.0
YIR024C,9.0
YIR025W,9.0
YIR026C,9.0
YIR027C,9.0
YIR028W,9.0
YIR029W,9.0
YIR030C,9.0
YIR030W-A,
YIR031C,9.0
YIR032C,9.0
YIR033W,9.0
YIR034C,9.0
YIR035C,8.0
YIR036C,9.0
YIR036W-A,
YIR037W,9.0
YIR038C,8.0
YIR039C,8.0
YIR040C,7.0
YIR041W,7.0
YIR042C,9.0
YIR043C,
YIR044C,
YJL001W,9.0
YJL002C,9.0
YJL003W,9.0
YJL004C,9.0
YJL005W,8.0
YJL006C,9.0
YJL007C,2.0
YJL008C,9.0
YJL009W,7.0
YJL010C,9.0
YJL011C,9.0
YJL012C,9.0
YJL012C-A,
YJL013C,9.0
YJL014W,9.0
YJL015C,1.0
YJL016W,8.0
YJL017W,
YJL018W,
YJL019W,9.0
YJL020C,9.0
YJL020W-A,2.0
YJL021C,
YJL022W,2.0
YJL023C,9.0
YJL024C,9.0
YJL025W,9.0
YJL026C-A,2.0
YJL026W,9.0
YJL027C,7.0
YJL028W,2.0
YJL029C,9.0
YJL030W,9.0
YJL031C,9.0
YJL032W,2.0
YJL033W,9.0
YJL034W,9.0
YJL035C,9.0
YJL036W,8.0
YJL037W,8.0
YJL038C,9.0
YJL039C,8.0
YJL041W,9.0
YJL042W,9.0
YJL043W,9.0
YJL044C,9.0
YJL045W,9.0
YJL046W,9.0
YJL047C,9.0
YJL047C-A,1.0
YJL048C,8.0
YJL049W,8.0
YJL050W,9.0
YJL051W,8.0
YJL052C-A,2.0
YJL052W,9.0
YJL053W,9.0
YJL054W,8.0
YJL055W,9.0
YJL056C,9.0
YJL057C,9.0
YJL058C,9.0
YJL059W,9.0
YJL060W,9.0
YJL061W,9.0
YJL062W,9.0
YJL062W-A,9.0
YJL063C,9.0
YJL064W,2.0
YJL065C,9.0
YJL066C,8.0
YJL067W,2.0
YJL068C,9.0
YJL069C,9.0
YJL070C,7.0
YJL071W,8.0
YJL072C,9.0
YJL073W,9.0
YJL074C,9.0
YJL075C,1.0
YJL076W,8.0
YJL077C,2.0
YJL077W-A,1.0
YJL077W-B,2.0
YJL078C,9.0
YJL079C,9.0
YJL080C,9.0
YJL081C,8.0
YJL082W,9.0
YJL083W,9.0
YJL084C,9.0
YJL085W,7.0
YJL086C,8.0
YJL087C,8.0
YJL088W,9.0
YJL089W,9.0
YJL090C,9.0
YJL091C,9.0
YJL092W,9.0
YJL093C,9.0
YJL094C,9.0
YJL095W,9.0
YJL096W,8.0
YJL097W,9.0
YJL098W,8.0
YJL099W,9.0
YJL100W,9.0
YJL101C,9.0
YJL102W,9.0
YJL103C,9.0
YJL104W,9.0
YJL105W,9.0
YJL106W,9.0
YJL107C,8.0
YJL108C,9.0
YJL109C,9.0
YJL110C,9.0
YJL111W,9.0
YJL112W,9.0
YJL113W,
YJL114W,
YJL115W,9.0
YJL116C,8.0
YJL117W,7.0
YJL118W,3.0
YJL119C,2.0
YJL120W,2.0
YJL121C,9.0
YJL122W,6.0
YJL123C,8.0
YJL124C,9.0
YJL125C,9.0
YJL126W,9.0
YJL127C,9.0
YJL127C-B,8.0
YJL127W-A,5.0
YJL128C,9.0
YJL129C,8.0
YJL130C,9.0
YJL131C,7.0
YJL132W,9.0
YJL133C-A,3.0
YJL133W,9.0
YJL134W,9.0
YJL135W,8.0
YJL136C,9.0
YJL136W-A,1.0
YJL137C,9.0
YJL138C,
YJL139C,8.0
YJL140W,9.0
YJL141C,9.0
YJL142C,2.0
YJL143W,9.0
YJL144W,3.0
YJL145W,9.0
YJL146W,9.0
YJL147C,9.0
YJL148W,9.0
YJL149W,8.0
YJL150W,2.0
YJL151C,9.0
YJL152W,7.0
YJL153C,9.0
YJL154C,9.0
YJL155C,9.0
YJL156C,9.0
YJL156W-A,1.0
YJL157C,9.0
YJL158C,8.0
YJL159W,8.0
YJL160C,8.0
YJL161W,9.0
YJL162C,9.0
YJL163C,9.0
YJL164C,9.0
YJL165C,3.0
YJL166W,9.0
YJL167W,9.0
YJL168C,9.0
YJL169W,2.0
YJL170C,4.0
YJL171C,7.0
YJL172W,9.0
YJL173C,9.0
YJL174W,7.0
YJL175W,2.0
YJL176C,9.0
YJL177W,9.0
YJL178C,4.0
YJL179W,6.0
YJL180C,9.0
YJL181W,8.0
YJL182C,1.0
YJL183W,9.0
YJL184W,8.0
YJL185C,3.0
YJL186W,9.0
YJL187C,9.0
YJL188C,2.0
YJL189W,9.0
YJL190C,9.0
YJL191W,9.0
YJL192C,7.0
YJL193W,9.0
YJL194W,9.0
YJL195C,5.0
YJL196C,9.0
YJL197C-A,2.0
YJL197W,9.0
YJL198W,9.0
YJL199C,6.0
YJL200C,9.0
YJL201W,9.0
YJL202C,2.0
YJL203W,9.0
YJL204C,8.0
YJL205C,8.0
YJL206C,8.0
YJL206C-A,
YJL207C,9.0
YJL208C,9.0
YJL209W,9.0
YJL210W,9.0
YJL211C,5.0
YJL212C,9.0
YJL213W,9.0
YJL214W,9.0
YJL215C,1.0
YJL216C,9.0
YJL217W,5.0
YJL218W,9.0
YJL219W,8.0
YJL220W,
YJL221C,9.0
YJL222W,9.0
YJL222W-A,2.0
YJL222W-B,1.0
YJL223C,
YJL225C,7.0
YJL225W-A,
YJR001W,9.0
YJR002W,9.0
YJR003C,7.0
YJR004C,9.0
YJR005C-A,3.0
YJR005W,9.0
YJR006W,9.0
YJR007W,9.0
YJR008W,9.0
YJR009C,9.0
YJR010CA,
YJR010C-A,9.0
YJR010W,8.0
YJR011C,8.0
YJR012C,9.0
YJR013W,9.0
YJR014W,9.0
YJR015W,9.0
YJR016C,9.0
YJR017C,9.0
YJR018W,2.0
YJR019C,9.0
YJR020W,5.0
YJR021C,5.0
YJR022W,9.0
YJR023C,2.0
YJR024C,9.0
YJR025C,9.0
YJR026W,
YJR027W,8.0
YJR028W,8.0
YJR029W,8.0
YJR030C,8.0
YJR031C,9.0
YJR032W,9.0
YJR033C,9.0
YJR034W,9.0
YJR035W,9.0
YJR036C,8.0
YJR037W,2.0
YJR038C,2.0
YJR039W,7.0
YJR040W,9.0
YJR041C,9.0
YJR042W,7.0
YJR043C,9.0
YJR044C,9.0
YJR045C,9.0
YJR046W,9.0
YJR047C,9.0
YJR048W,9.0
YJR049C,9.0
YJR050W,9.0
YJR051W,9.0
YJR052W,9.0
YJR053W,9.0
YJR054W,8.0
YJR055W,8.0
YJR056C,9.0
YJR057W,9.0
YJR058C,9.0
YJR059W,4.0
YJR060W,9.0
YJR061W,9.0
YJR062C,9.0
YJR063W,9.0
YJR064W,9.0
YJR065C,9.0
YJR066W,9.0
YJR067C,9.0
YJR068W,9.0
YJR069C,9.0
YJR070C,9.0
YJR071W,1.0
YJR072C,9.0
YJR073C,9.0
YJR074W,9.0
YJR075W,8.0
YJR076C,9.0
YJR077C,9.0
YJR078W,9.0
YJR079W,2.0
YJR080C,7.0
YJR082C,8.0
YJR083C,9.0
YJR084W,9.0
YJR085C,9.0
YJR086W,9.0
YJR087W,8.0
YJR088C,9.0
YJR089W,9.0
YJR090C,9.0
YJR091C,9.0
YJR092W,8.0
YJR093C,9.0
YJR094C,9.0
YJR094WA,
YJR094W-A,9.0
YJR095W,9.0
YJR096W,9.0
YJR097W,9.0
YJR098C,8.0
YJR099W,9.0
YJR100C,9.0
YJR101W,9.0
YJR102C,9.0
YJR103W,9.0
YJR104C,9.0
YJR105W,9.0
YJR106W,8.0
YJR107W,9.0
YJR108W,7.0
YJR109C,9.0
YJR110W,9.0
YJR111C,9.0
YJR112W,8.0
YJR112W-A,9.0
YJR113C,9.0
YJR114W,2.0
YJR115W,9.0
YJR116W,9.0
YJR117W,9.0
YJR118C,6.0
YJR119C,9.0
YJR120W,2.0
YJR121W,9.0
YJR122W,9.0
YJR123W,9.0
YJR124C,8.0
YJR125C,9.0
YJR126C,9.0
YJR127C,9.0
YJR128W,5.0
YJR129C,8.0
YJR130C,9.0
YJR131W,9.0
YJR132W,9.0
YJR133W,8.0
YJR134C,7.0
YJR135C,9.0
YJR135W-A,9.0
YJR136C,9.0
YJR137C,9.0
YJR138W,9.0
YJR139C,9.0
YJR140C,8.0
YJR140W-A,2.0
YJR141W,8.0
YJR142W,9.0
YJR143C,9.0
YJR144W,9.0
YJR145C,9.0
YJR146W,2.0
YJR147W,9.0
YJR148W,9.0
YJR149W,9.0
YJR150C,7.0
YJR151C,9.0
YJR151W-A,1.0
YJR152W,9.0
YJR153W,9.0
YJR154W,9.0
YJR155W,9.0
YJR156C,8.0
YJR157W,1.0
YJR158W,9.0
YJR159W,9.0
YJR160C,9.0
YJR161C,8.0
YJR162C,9.0
YKL001C,9.0
YKL002W,9.0
YKL003C,8.0
YKL004W,9.0
YKL005C,9.0
YKL006CA,
YKL006C-A,9.0
YKL006W,9.0
YKL007W,9.0
YKL008C,9.0
YKL009W,9.0
YKL010C,9.0
YKL011C,9.0
YKL012W,9.0
YKL013C,9.0
YKL014C,8.0
YKL015W,9.0
YKL016C,8.0
YKL017C,9.0
YKL018C-A,8.0
YKL018W,9.0
YKL019W,9.0
YKL020C,9.0
YKL021C,9.0
YKL022C,9.0
YKL023C-A,2.0
YKL023W,3.0
YKL024C,9.0
YKL025C,9.0
YKL026C,9.0
YKL027W,9.0
YKL028W,9.0
YKL029C,9.0
YKL030W,5.0
YKL031W,2.0
YKL032C,9.0
YKL033W,9.0
YKL033WA,
YKL033W-A,9.0
YKL034W,7.0
YKL035W,9.0
YKL036C,2.0
YKL037W,2.0
YKL038W,9.0
YKL039W,9.0
YKL040C,9.0
YKL041W,9.0
YKL042W,9.0
YKL043W,9.0
YKL044W,1.0
YKL045W,9.0
YKL046C,8.0
YKL047W,9.0
YKL048C,3.0
YKL049C,8.0
YKL050C,9.0
YKL051W,7.0
YKL052C,9.0
YKL053CA,
YKL053C-A,9.0
YKL053W,2.0
YKL054C,9.0
YKL055C,9.0
YKL056C,9.0
YKL057C,8.0
YKL058W,9.0
YKL059C,9.0
YKL060C,9.0
YKL061W,9.0
YKL062W,9.0
YKL063C,3.0
YKL064W,9.0
YKL065C,4.0
YKL065W-A,9.0
YKL066W,1.0
YKL067W,9.0
YKL068W,9.0
YKL068W-A,8.0
YKL069W,8.0
YKL070W,8.0
YKL071W,9.0
YKL072W,8.0
YKL073W,8.0
YKL074C,9.0
YKL075C,8.0
YKL076C,5.0
YKL077W,9.0
YKL078W,9.0
YKL079W,9.0
YKL080W,9.0
YKL081W,9.0
YKL082C,9.0
YKL083W,4.0
YKL084W,6.0
YKL085W,9.0
YKL086W,9.0
YKL087C,9.0
YKL088W,9.0
YKL089W,9.0
YKL090W,5.0
YKL091C,9.0
YKL092C,9.0
YKL093W,9.0
YKL094W,9.0
YKL095W,9.0
YKL096C-B,2.0
YKL096W,9.0
YKL096WA,
YKL096W-A,1.0
YKL097C,1.0
YKL097W-A,
YKL098W,9.0
YKL099C,9.0
YKL100C,9.0
YKL100W-A,1.0
YKL101W,9.0
YKL102C,9.0
YKL103C,8.0
YKL104C,9.0
YKL105C,8.0
YKL106C-A,2.0
YKL106W,9.0
YKL107W,9.0
YKL108W,9.0
YKL109W,9.0
YKL110C,9.0
YKL111C,2.0
YKL112W,8.0
YKL113C,9.0
YKL114C,9.0
YKL115C,9.0
YKL116C,9.0
YKL117W,9.0
YKL118W,3.0
YKL119C,6.0
YKL120W,9.0
YKL121W,9.0
YKL122C,9.0
YKL123W,5.0
YKL124W,8.0
YKL125W,9.0
YKL126W,9.0
YKL127W,9.0
YKL128C,8.0
YKL129C,9.0
YKL130C,8.0
YKL131W,2.0
YKL132C,9.0
YKL133C,9.0
YKL134C,9.0
YKL135C,9.0
YKL136W,2.0
YKL137W,4.0
YKL138C,8.0
YKL138C-A,9.0
YKL139W,9.0
YKL140W,9.0
YKL141W,9.0
YKL142W,8.0
YKL143W,9.0
YKL144C,9.0
YKL145W,9.0
YKL145W-A,1.0
YKL146W,9.0
YKL147C,1.0
YKL148C,9.0
YKL149C,9.0
YKL150W,9.0
YKL151C,9.0
YKL152C,9.0
YKL153W,2.0
YKL154W,8.0
YKL155C,9.0
YKL156C-A,2.0
YKL156W,9.0
YKL157W,9.0
YKL158W,
YKL159C,9.0
YKL160W,9.0
YKL161C,9.0
YKL162C,9.0
YKL162C-A,2.0
YKL163W,8.0
YKL164C,8.0
YKL165C,9.0
YKL165C-A,2.0
YKL166C,9.0
YKL167C,9.0
YKL168C,3.0
YKL169C,8.0
YKL170W,9.0
YKL171W,9.0
YKL172W,9.0
YKL173W,9.0
YKL174C,9.0
YKL175W,9.0
YKL176C,4.0
YKL177W,2.0
YKL178C,8.0
YKL179C,9.0
YKL180W,9.0
YKL181W,9.0
YKL182W,9.0
YKL183C-A,2.0
YKL183W,9.0
YKL184W,9.0
YKL185W,8.0
YKL186C,4.0
YKL187C,7.0
YKL188C,9.0
YKL189W,9.0
YKL190W,9.0
YKL191W,9.0
YKL192C,9.0
YKL193C,9.0
YKL194C,9.0
YKL195W,9.0
YKL196C,9.0
YKL197C,9.0
YKL198C,4.0
YKL199C,
YKL200C,
YKL201C,9.0
YKL202W,1.0
YKL203C,9.0
YKL204W,3.0
YKL205W,9.0
YKL206C,9.0
YKL207W,9.0
YKL208W,8.0
YKL209C,9.0
YKL210W,9.0
YKL211C,9.0
YKL212W,9.0
YKL213C,9.0
YKL214C,9.0
YKL215C,9.0
YKL216W,9.0
YKL217W,9.0
YKL218C,9.0
YKL219W,9.0
YKL220C,7.0
YKL221W,9.0
YKL222C,9.0
YKL223W,7.0
YKL224C,9.0
YKL225W,9.0
YKR001C,9.0
YKR002W,9.0
YKR003W,9.0
YKR004C,9.0
YKR005C,8.0
YKR006C,7.0
YKR007W,9.0
YKR008W,9.0
YKR009C,9.0
YKR010C,8.0
YKR011C,7.0
YKR012C,1.0
YKR013W,9.0
YKR014C,9.0
YKR015C,9.0
YKR016W,9.0
YKR017C,9.0
YKR018C,9.0
YKR019C,9.0
YKR020W,9.0
YKR021W,9.0
YKR022C,9.0
YKR023W,9.0
YKR024C,9.0
YKR025W,9.0
YKR026C,9.0
YKR027W,9.0
YKR028W,8.0
YKR029C,9.0
YKR030W,9.0
YKR031C,9.0
YKR032W,2.0
YKR033C,2.0
YKR034W,9.0
YKR035C,9.0
YKR035W-A,9.0
YKR036C,9.0
YKR037C,9.0
YKR038C,9.0
YKR039W,9.0
YKR040C,2.0
YKR041W,5.0
YKR042W,8.0
YKR043C,9.0
YKR044W,9.0
YKR045C,4.0
YKR046C,9.0
YKR047W,1.0
YKR048C,9.0
YKR049C,9.0
YKR050W,8.0
YKR051W,9.0
YKR052C,9.0
YKR053C,9.0
YKR054C,9.0
YKR055W,8.0
YKR056W,9.0
YKR057W,9.0
YKR058W,9.0
YKR059W,9.0
YKR060W,4.0
YKR061W,9.0
YKR062W,9.0
YKR063C,9.0
YKR064W,9.0
YKR065C,9.0
YKR066C,9.0
YKR067W,8.0
YKR068C,9.0
YKR069W,9.0
YKR070W,9.0
YKR071C,9.0
YKR072C,9.0
YKR073C,3.0
YKR074W,9.0
YKR075C,9.0
YKR075W-A,2.0
YKR076W,9.0
YKR077W,9.0
YKR078W,8.0
YKR079C,9.0
YKR080W,8.0
YKR081C,9.0
YKR082W,8.0
YKR083C,9.0
YKR084C,9.0
YKR085C,9.0
YKR086W,9.0
YKR087C,9.0
YKR088C,9.0
YKR089C,9.0
YKR090W,9.0
YKR091W,3.0
YKR092C,9.0
YKR093W,9.0
YKR094C,9.0
YKR095W,9.0
YKR095W-A,9.0
YKR096W,9.0
YKR097W,9.0
YKR098C,9.0
YKR099W,9.0
YKR100C,9.0
YKR101W,8.0
YKR102W,7.0
YKR103W,9.0
YKR104W,8.0
YKR105C,9.0
YKR106W,8.0
YLL001W,9.0
YLL002W,9.0
YLL003W,9.0
YLL004W,9.0
YLL005C,9.0
YLL006W,8.0
YLL006W-A,1.0
YLL007C,8.0
YLL008W,9.0
YLL009C,9.0
YLL010C,9.0
YLL011W,9.0
YLL012W,9.0
YLL013C,9.0
YLL014W,8.0
YLL015W,9.0
YLL016W,
YLL017W,
YLL018C,9.0
YLL018CA,
YLL018C-A,9.0
YLL019C,9.0
YLL019W-A,2.0
YLL020C,7.0
YLL021W,9.0
YLL022C,9.0
YLL023C,8.0
YLL024C,9.0
YLL025W,9.0
YLL026W,9.0
YLL027W,9.0
YLL028W,9.0
YLL029W,9.0
YLL030C,2.0
YLL031C,9.0
YLL032C,8.0
YLL033W,9.0
YLL034C,9.0
YLL035W,9.0
YLL036C,9.0
YLL037W,9.0
YLL038C,9.0
YLL039C,9.0
YLL040C,9.0
YLL041C,9.0
YLL042C,8.0
YLL043W,9.0
YLL044W,2.0
YLL045C,9.0
YLL046C,9.0
YLL047W,1.0
YLL048C,9.0
YLL049W,9.0
YLL050C,9.0
YLL051C,7.0
YLL052C,8.0
YLL053C,9.0
YLL054C,4.0
YLL055W,9.0
YLL056C,9.0
YLL057C,8.0
YLL058W,9.0
YLL059C,2.0
YLL060C,9.0
YLL061W,9.0
YLL062C,9.0
YLL063C,9.0
YLL064C,7.0
YLL065W,9.0
YLL066C,
YLL066W-A,2.0
YLL066W-B,1.0
YLL067C,
YLL067W-A,
YLR001C,9.0
YLR002C,9.0
YLR003C,9.0
YLR004C,9.0
YLR005W,9.0
YLR006C,8.0
YLR007W,9.0
YLR008C,9.0
YLR009W,9.0
YLR010C,9.0
YLR011W,8.0
YLR012C,9.0
YLR013W,9.0
YLR014C,9.0
YLR015W,9.0
YLR016C,9.0
YLR017W,9.0
YLR018C,3.0
YLR019W,9.0
YLR020C,9.0
YLR021W,4.0
YLR022C,9.0
YLR023C,9.0
YLR024C,9.0
YLR025W,9.0
YLR026C,9.0
YLR027C,9.0
YLR028C,9.0
YLR029C,9.0
YLR030W,4.0
YLR031W,9.0
YLR032W,9.0
YLR033W,6.0
YLR034C,9.0
YLR035C,9.0
YLR035C-A,
YLR036C,2.0
YLR037C,7.0
YLR038C,9.0
YLR039C,9.0
YLR040C,7.0
YLR041W,2.0
YLR042C,3.0
YLR043C,9.0
YLR044C,9.0
YLR045C,9.0
YLR046C,9.0
YLR047C,9.0
YLR048W,9.0
YLR049C,9.0
YLR050C,9.0
YLR051C,9.0
YLR052W,8.0
YLR053C,7.0
YLR054C,9.0
YLR055C,8.0
YLR056W,9.0
YLR057W,9.0
YLR058C,9.0
YLR059C,9.0
YLR060W,9.0
YLR061W,9.0
YLR062C,1.0
YLR063W,8.0
YLR064W,8.0
YLR065C,8.0
YLR066W,9.0
YLR067C,9.0
YLR068W,9.0
YLR069C,9.0
YLR070C,9.0
YLR071C,9.0
YLR072W,8.0
YLR073C,9.0
YLR074C,9.0
YLR075W,9.0
YLR076C,9.0
YLR077W,9.0
YLR078C,9.0
YLR079W,7.0
YLR080W,9.0
YLR081W,9.0
YLR082C,9.0
YLR083C,9.0
YLR084C,9.0
YLR085C,8.0
YLR086W,9.0
YLR087C,9.0
YLR088W,9.0
YLR089C,9.0
YLR090W,9.0
YLR091W,9.0
YLR092W,9.0
YLR093C,9.0
YLR094C,4.0
YLR095C,9.0
YLR096W,9.0
YLR097C,9.0
YLR098C,9.0
YLR099C,9.0
YLR099W-A,8.0
YLR100W,9.0
YLR101C,2.0
YLR102C,3.0
YLR103C,9.0
YLR104W,9.0
YLR105C,9.0
YLR106C,9.0
YLR107W,9.0
YLR108C,8.0
YLR109W,9.0
YLR110C,7.0
YLR111W,2.0
YLR112W,2.0
YLR113W,9.0
YLR114C,9.0
YLR115W,8.0
YLR116W,9.0
YLR117C,9.0
YLR118C,9.0
YLR119W,9.0
YLR120C,9.0
YLR120W-A,2.0
YLR121C,9.0
YLR122C,5.0
YLR123C,2.0
YLR124W,2.0
YLR125W,3.0
YLR126C,9.0
YLR127C,9.0
YLR128W,9.0
YLR129W,9.0
YLR130C,9.0
YLR131C,9.0
YLR132C,9.0
YLR133W,9.0
YLR134W,9.0
YLR135W,7.0
YLR136C,9.0
YLR137W,8.0
YLR138W,9.0
YLR139C,9.0
YLR140W,2.0
YLR141W,9.0
YLR142W,9.0
YLR143W,9.0
YLR144C,9.0
YLR145W,9.0
YLR146C,9.0
YLR146W-A,3.0
YLR147C,9.0
YLR148W,9.0
YLR149C,9.0
YLR149C-A,1.0
YLR150W,7.0
YLR151C,9.0
YLR152C,9.0
YLR153C,9.0
YLR154C,9.0
YLR154C-G,2.0
YLR154C-H,3.0
YLR154W-A,9.0
YLR154W-B,5.0
YLR154W-C,7.0
YLR154W-E,9.0
YLR154W-F,7.0
YLR155C,9.0
YLR156C-A,
YLR156W,2.0
YLR157C,
YLR157C-B,8.0
YLR157C-C,
YLR157W-D,2.0
YLR157W-E,1.0
YLR158C,
YLR159C-A,
YLR159W,
YLR160C,
YLR161W,
YLR162W,5.0
YLR162W-A,9.0
YLR163C,9.0
YLR163W-A,2.0
YLR164W,9.0
YLR165C,9.0
YLR166C,9.0
YLR167W,9.0
YLR168C,9.0
YLR169W,2.0
YLR170C,9.0
YLR171W,2.0
YLR172C,9.0
YLR173W,9.0
YLR174W,9.0
YLR175W,9.0
YLR176C,9.0
YLR177W,8.0
YLR178C,9.0
YLR179C,9.0
YLR180W,9.0
YLR181C,9.0
YLR182W,9.0
YLR183C,8.0
YLR184W,8.0
YLR185W,9.0
YLR186W,9.0
YLR187W,8.0
YLR188W,9.0
YLR189C,9.0
YLR190W,9.0
YLR191W,9.0
YLR192C,9.0
YLR193C,9.0
YLR194C,3.0
YLR195C,9.0
YLR196W,9.0
YLR197W,9.0
YLR198C,2.0
YLR199C,3.0
YLR200W,9.0
YLR201C,9.0
YLR202C,1.0
YLR203C,8.0
YLR204W,9.0
YLR205C,9.0
YLR206W,9.0
YLR207W,9.0
YLR208W,9.0
YLR209C,9.0
YLR210W,9.0
YLR211C,9.0
YLR212C,9.0
YLR213C,9.0
YLR214W,9.0
YLR215C,9.0
YLR216C,9.0
YLR217W,9.0
YLR218C,9.0
YLR219W,7.0
YLR220W,9.0
YLR221C,9.0
YLR222C,9.0
YLR222C-A,8.0
YLR223C,9.0
YLR224W,7.0
YLR225C,8.0
YLR226W,4.0
YLR227C,5.0
YLR227W-B,8.0
YLR228C,9.0
YLR229C,9.0
YLR230W,
YLR231C,9.0
YLR232W,8.0
YLR233C,9.0
YLR234W,9.0
YLR235C,
YLR236C,
YLR237W,8.0
YLR238W,9.0
YLR239C,9.0
YLR240W,9.0
YLR241W,9.0
YLR242C,9.0
YLR243W,9.0
YLR244C,9.0
YLR245C,9.0
YLR246W,9.0
YLR247C,8.0
YLR248W,9.0
YLR249W,9.0
YLR250W,8.0
YLR251W,9.0
YLR252W,5.0
YLR253W,9.0
YLR254C,9.0
YLR255C,2.0
YLR256W,9.0
YLR256W-A,8.0
YLR257W,9.0
YLR258W,9.0
YLR259C,9.0
YLR260W,9.0
YLR261C,2.0
YLR262C,9.0
YLR262CA,
YLR262C-A,1.0
YLR263W,9.0
YLR264C-A,2.0
YLR264W,9.0
YLR265C,9.0
YLR266C,9.0
YLR267W,9.0
YLR268W,9.0
YLR269C,1.0
YLR270W,9.0
YLR271W,9.0
YLR272C,9.0
YLR273C,9.0
YLR274W,9.0
YLR275W,9.0
YLR276C,9.0
YLR277C,9.0
YLR278C,9.0
YLR279W,1.0
YLR280C,2.0
YLR281C,9.0
YLR282C,2.0
YLR283W,8.0
YLR284C,9.0
YLR285C-A,2.0
YLR285W,9.0
YLR286C,9.0
YLR286W-A,2.0
YLR287C,9.0
YLR287C-A,
YLR288C,7.0
YLR289W,9.0
YLR290C,8.0
YLR291C,9.0
YLR292C,7.0
YLR293C,9.0
YLR294C,1.0
YLR295C,9.0
YLR296W,2.0
YLR297W,8.0
YLR298C,9.0
YLR299C-A,2.0
YLR299W,9.0
YLR300W,9.0
YLR301W,9.0
YLR302C,2.0
YLR303W,9.0
YLR304C,9.0
YLR305C,9.0
YLR306W,9.0
YLR307C-A,9.0
YLR307W,9.0
YLR308W,9.0
YLR309C,7.0
YLR310C,8.0
YLR311C,1.0
YLR312C,9.0
YLR312WA,
YLR312W-A,9.0
YLR313C,9.0
YLR314C,9.0
YLR315W,3.0
YLR316C,9.0
YLR317W,1.0
YLR318W,9.0
YLR319C,9.0
YLR320W,7.0
YLR321C,9.0
YLR322W,9.0
YLR323C,9.0
YLR324W,8.0
YLR325C,9.0
YLR326W,9.0
YLR327C,9.0
YLR328W,9.0
YLR329W,8.0
YLR330W,8.0
YLR331C,2.0
YLR332W,9.0
YLR333C,9.0
YLR334C,7.0
YLR335W,9.0
YLR336C,9.0
YLR337C,9.0
YLR338W,4.0
YLR339C,9.0
YLR340W,9.0
YLR341W,9.0
YLR342W,9.0
YLR342W-A,2.0
YLR343W,9.0
YLR344W,9.0
YLR345W,9.0
YLR346C,8.0
YLR347C,9.0
YLR347W-A,2.0
YLR348C,9.0
YLR349W,2.0
YLR350W,9.0
YLR351C,9.0
YLR352W,8.0
YLR353W,8.0
YLR354C,9.0
YLR355C,9.0
YLR356W,9.0
YLR357W,9.0
YLR358C,2.0
YLR359W,9.0
YLR360W,9.0
YLR361C,8.0
YLR361C-A,5.0
YLR362W,9.0
YLR363C,9.0
YLR363W-A,8.0
YLR364C-A,2.0
YLR364W,8.0
YLR365W,2.0
YLR366W,2.0
YLR367W,9.0
YLR368W,9.0
YLR369W,9.0
YLR370C,9.0
YLR371W,9.0
YLR372W,9.0
YLR373C,8.0
YLR374C,3.0
YLR375W,9.0
YLR376C,9.0
YLR377C,9.0
YLR378C,9.0
YLR379W,2.0
YLR380W,9.0
YLR381W,4.0
YLR382C,9.0
YLR383W,9.0
YLR384C,9.0
YLR385C,3.0
YLR386W,9.0
YLR387C,9.0
YLR388W,9.0
YLR389C,9.0
YLR390W,4.0
YLR390WA,
YLR390W-A,8.0
YLR391W,
YLR392C,4.0
YLR393W,9.0
YLR394W,9.0
YLR395C,9.0
YLR396C,9.0
YLR397C,9.0
YLR398C,9.0
YLR399C,9.0
YLR399W-A,2.0
YLR400W,7.0
YLR401C,9.0
YLR402W,1.0
YLR403W,9.0
YLR404W,8.0
YLR405W,9.0
YLR406C,9.0
YLR406C-A,2.0
YLR407W,9.0
YLR408C,8.0
YLR409C,9.0
YLR410W,9.0
YLR410W-A,7.0
YLR410W-B,9.0
YLR411W,9.0
YLR412C-A,1.0
YLR412W,8.0
YLR413W,7.0
YLR414C,9.0
YLR415C,7.0
YLR416C,2.0
YLR417W,9.0
YLR418C,9.0
YLR419W,9.0
YLR420W,9.0
YLR421C,9.0
YLR422W,9.0
YLR423C,9.0
YLR424W,9.0
YLR425W,9.0
YLR426W,9.0
YLR427W,9.0
YLR428C,2.0
YLR429W,9.0
YLR430W,9.0
YLR431C,9.0
YLR432W,9.0
YLR433C,9.0
YLR434C,1.0
YLR435W,9.0
YLR436C,9.0
YLR437C,9.0
YLR437C-A,2.0
YLR438CA,
YLR438C-A,9.0
YLR438W,9.0
YLR439W,9.0
YLR440C,8.0
YLR441C,9.0
YLR442C,8.0
YLR443W,7.0
YLR444C,1.0
YLR445W,5.0
YLR446W,3.0
YLR447C,9.0
YLR448W,9.0
YLR449W,9.0
YLR450W,9.0
YLR451W,8.0
YLR452C,9.0
YLR453C,9.0
YLR454W,9.0
YLR455W,9.0
YLR456W,8.0
YLR457C,8.0
YLR458W,
YLR459W,9.0
YLR460C,9.0
YLR461W,7.0
YLR462W,7.0
YLR463C,1.0
YLR464W,
YLR465C,2.0
YLR466C-A,
YLR466C-B,1.0
YLR466W,9.0
YLR467C-A,
YLR467W,9.0
YML001W,9.0
YML002W,8.0
YML003W,2.0
YML004C,9.0
YML005W,8.0
YML006C,9.0
YML007C-A,2.0
YML007W,8.0
YML008C,9.0
YML009C,9.0
YML009C-A,
YML009W-B,2.0
YML010C-B,
YML010W,9.0
YML010W-A,
YML010W-B,
YML011C,9.0
YML012C-A,2.0
YML012W,9.0
YML013C-A,
YML013W,9.0
YML014W,9.0
YML015C,9.0
YML016C,8.0
YML017W,9.0
YML018C,9.0
YML019W,9.0
YML020W,8.0
YML021C,9.0
YML022W,9.0
YML023C,8.0
YML024W,9.0
YML025C,9.0
YML026C,9.0
YML027W,9.0
YML028W,9.0
YML029W,8.0
YML030W,9.0
YML031C-A,
YML031W,8.0
YML032C,9.0
YML032C-A,
YML033W,
YML034C-A,
YML034W,9.0
YML035C,9.0
YML035C-A,
YML036W,9.0
YML037C,7.0
YML038C,9.0
YML039W,8.0
YML040W,8.0
YML041C,9.0
YML042W,9.0
YML043C,6.0
YML045W,8.0
YML045W-A,8.0
YML046W,9.0
YML047C,8.0
YML047W-A,
YML048W,7.0
YML048W-A,
YML049C,9.0
YML050W,9.0
YML051W,9.0
YML052W,9.0
YML053C,9.0
YML054C,9.0
YML054C-A,2.0
YML055W,9.0
YML056C,9.0
YML057C-A,9.0
YML057W,9.0
YML058C-A,
YML058W,9.0
YML058W-A,3.0
YML059C,9.0
YML060W,9.0
YML061C,9.0
YML062C,3.0
YML063W,9.0
YML064C,9.0
YML065W,9.0
YML066C,5.0
YML067C,9.0
YML068W,9.0
YML069W,9.0
YML070W,9.0
YML071C,9.0
YML072C,9.0
YML073C,9.0
YML074C,9.0
YML075C,9.0
YML076C,8.0
YML077W,9.0
YML078W,9.0
YML079W,7.0
YML080W,9.0
YML081CA,
YML081C-A,8.0
YML081W,9.0
YML082W,9.0
YML083C,9.0
YML084W,2.0
YML085C,9.0
YML086C,9.0
YML087C,9.0
YML088W,9.0
YML089C,7.0
YML090W,1.0
YML091C,9.0
YML092C,9.0
YML093W,9.0
YML094C-A,2.0
YML094W,9.0
YML095C,9.0
YML095C-A,
YML096W,9.0
YML097C,9.0
YML098W,9.0
YML099C,9.0
YML099W-A,1.0
YML100W,9.0
YML100WA,
YML100W-A,2.0
YML101C,9.0
YML101C-A,2.0
YML102C-A,
YML102W,9.0
YML103C,9.0
YML104C,8.0
YML105C,9.0
YML106W,9.0
YML107C,9.0
YML108W,4.0
YML109W,9.0
YML110C,9.0
YML111W,9.0
YML112W,8.0
YML113W,3.0
YML114C,8.0
YML115C,8.0
YML116W,9.0
YML116W-A,2.0
YML117W,8.0
YML117W-A,
YML118W,9.0
YML119W,9.0
YML120C,9.0
YML121W,9.0
YML122C,3.0
YML123C,9.0
YML124C,9.0
YML125C,9.0
YML126C,9.0
YML127W,8.0
YML128C,8.0
YML129C,4.0
YML130C,9.0
YML131W,9.0
YML132W,7.0
YML133C,7.0
YML133W-A,
YML133W-B,
YMR001C,9.0
YMR001C-A,5.0
YMR002W,9.0
YMR003W,9.0
YMR004W,9.0
YMR005W,9.0
YMR006C,9.0
YMR007W,2.0
YMR008C,9.0
YMR009W,9.0
YMR010W,9.0
YMR011W,9.0
YMR012W,9.0
YMR013C,9.0
YMR013C-A,2.0
YMR013W-A,1.0
YMR014W,9.0
YMR015C,9.0
YMR016C,9.0
YMR017W,9.0
YMR018W,9.0
YMR019W,9.0
YMR020W,8.0
YMR021C,9.0
YMR022W,9.0
YMR023C,9.0
YMR024W,8.0
YMR025W,9.0
YMR026C,9.0
YMR027W,9.0
YMR028W,9.0
YMR029C,9.0
YMR030W,8.0
YMR030W-A,2.0
YMR031C,9.0
YMR031WA,
YMR031W-A,2.0
YMR032W,9.0
YMR033W,6.0
YMR034C,9.0
YMR035W,9.0
YMR036C,9.0
YMR037C,8.0
YMR038C,9.0
YMR039C,9.0
YMR040W,4.0
YMR041C,9.0
YMR042W,9.0
YMR043W,9.0
YMR044W,7.0
YMR045C,8.0
YMR046C,8.0
YMR046W-A,7.0
YMR047C,9.0
YMR048W,8.0
YMR049C,9.0
YMR050C,8.0
YMR051C,
YMR052C-A,1.0
YMR052W,9.0
YMR053C,8.0
YMR054W,9.0
YMR055C,8.0
YMR056C,9.0
YMR057C,1.0
YMR058W,9.0
YMR059W,6.0
YMR060C,9.0
YMR061W,9.0
YMR062C,9.0
YMR063W,4.0
YMR064W,3.0
YMR065W,6.0
YMR066W,9.0
YMR067C,9.0
YMR068W,9.0
YMR069W,9.0
YMR070W,9.0
YMR071C,8.0
YMR072W,9.0
YMR073C,9.0
YMR074C,9.0
YMR075CA,
YMR075C-A,2.0
YMR075W,8.0
YMR076C,9.0
YMR077C,9.0
YMR078C,9.0
YMR079W,9.0
YMR080C,9.0
YMR081C,9.0
YMR082C,9.0
YMR083W,9.0
YMR084W,9.0
YMR085W,9.0
YMR086C-A,1.0
YMR086W,8.0
YMR087W,9.0
YMR088C,9.0
YMR089C,9.0
YMR090W,9.0
YMR091C,8.0
YMR092C,9.0
YMR093W,9.0
YMR094W,9.0
YMR095C,9.0
YMR096W,9.0
YMR097C,9.0
YMR098C,9.0
YMR099C,9.0
YMR100W,9.0
YMR101C,9.0
YMR102C,9.0
YMR103C,2.0
YMR104C,9.0
YMR105C,9.0
YMR105W-A,2.0
YMR106C,9.0
YMR107W,9.0
YMR108W,9.0
YMR109W,9.0
YMR110C,9.0
YMR111C,8.0
YMR112C,9.0
YMR113W,9.0
YMR114C,9.0
YMR115W,9.0
YMR116C,9.0
YMR117C,9.0
YMR118C,9.0
YMR119W,9.0
YMR119WA,
YMR119W-A,
YMR120C,9.0
YMR121C,9.0
YMR122C,7.0
YMR122W-A,4.0
YMR123W,8.0
YMR124W,7.0
YMR125W,9.0
YMR126C,8.0
YMR127C,8.0
YMR128W,9.0
YMR129W,9.0
YMR130W,9.0
YMR131C,9.0
YMR132C,9.0
YMR133W,8.0
YMR134W,8.0
YMR135C,8.0
YMR135W-A,3.0
YMR136W,9.0
YMR137C,9.0
YMR138W,9.0
YMR139W,9.0
YMR140W,9.0
YMR141C,9.0
YMR141W-A,2.0
YMR142C,9.0
YMR143W,9.0
YMR144W,5.0
YMR145C,9.0
YMR146C,9.0
YMR147W,3.0
YMR148W,4.0
YMR149W,8.0
YMR150C,9.0
YMR151W,5.0
YMR152W,9.0
YMR153CA,
YMR153C-A,
YMR153W,6.0
YMR154C,9.0
YMR155W,9.0
YMR156C,9.0
YMR157C,8.0
YMR158C-A,1.0
YMR158W,9.0
YMR158W-A,
YMR158W-B,1.0
YMR159C,9.0
YMR160W,5.0
YMR161W,9.0
YMR162C,8.0
YMR163C,9.0
YMR164C,9.0
YMR165C,9.0
YMR166C,9.0
YMR167W,9.0
YMR168C,9.0
YMR169C,9.0
YMR170C,9.0
YMR171C,8.0
YMR172CA,
YMR172C-A,
YMR172W,9.0
YMR173W,3.0
YMR173WA,
YMR173W-A,
YMR174C,9.0
YMR175W,9.0
YMR175W-A,2.0
YMR176W,8.0
YMR177W,9.0
YMR178W,8.0
YMR179W,9.0
YMR180C,9.0
YMR181C,3.0
YMR182C,9.0
YMR182W-A,1.0
YMR183C,9.0
YMR184W,9.0
YMR185W,8.0
YMR186W,9.0
YMR187C,9.0
YMR188C,9.0
YMR189W,9.0
YMR190C,9.0
YMR191W,4.0
YMR192W,8.0
YMR193C-A,1.0
YMR193W,9.0
YMR194C-A,2.0
YMR194C-B,9.0
YMR194W,9.0
YMR195W,9.0
YMR196W,9.0
YMR197C,9.0
YMR198W,7.0
YMR199W,4.0
YMR200W,8.0
YMR201C,9.0
YMR202W,9.0
YMR203W,9.0
YMR204C,4.0
YMR205C,9.0
YMR206W,3.0
YMR207C,9.0
YMR208W,9.0
YMR209C,9.0
YMR210W,9.0
YMR211W,9.0
YMR212C,9.0
YMR213W,9.0
YMR214W,9.0
YMR215W,9.0
YMR216C,9.0
YMR217W,9.0
YMR218C,8.0
YMR219W,9.0
YMR220W,9.0
YMR221C,9.0
YMR222C,9.0
YMR223W,9.0
YMR224C,9.0
YMR225C,8.0
YMR226C,9.0
YMR227C,9.0
YMR228W,6.0
YMR229C,9.0
YMR230W,9.0
YMR230W-A,2.0
YMR231W,9.0
YMR232W,9.0
YMR233W,9.0
YMR234W,9.0
YMR235C,9.0
YMR236W,9.0
YMR237W,9.0
YMR238W,8.0
YMR239C,9.0
YMR240C,9.0
YMR241W,8.0
YMR242C,9.0
YMR242W-A,1.0
YMR243C,9.0
YMR244CA,
YMR244C-A,9.0
YMR244W,8.0
YMR245W,7.0
YMR246W,9.0
YMR247C,9.0
YMR247W-A,2.0
YMR250W,9.0
YMR251W,9.0
YMR251WA,
YMR251W-A,1.0
YMR252C,9.0
YMR253C,9.0
YMR254C,2.0
YMR255W,5.0
YMR256C,7.0
YMR257C,8.0
YMR258C,8.0
YMR259C,9.0
YMR260C,9.0
YMR261C,9.0
YMR262W,8.0
YMR263W,8.0
YMR264W,9.0
YMR265C,8.0
YMR266W,9.0
YMR267W,9.0
YMR268C,9.0
YMR269W,6.0
YMR270C,9.0
YMR271C,9.0
YMR272C,9.0
YMR272W-A,2.0
YMR272W-B,2.0
YMR273C,9.0
YMR274C,9.0
YMR275C,8.0
YMR276W,9.0
YMR277W,9.0
YMR278W,9.0
YMR279C,9.0
YMR280C,9.0
YMR281W,9.0
YMR282C,9.0
YMR283C,9.0
YMR284W,9.0
YMR285C,9.0
YMR286W,9.0
YMR287C,8.0
YMR288W,9.0
YMR289W,9.0
YMR290C,9.0
YMR290W-A,
YMR291W,3.0
YMR292W,9.0
YMR293C,9.0
YMR294W,9.0
YMR294WA,
YMR294W-A,
YMR295C,9.0
YMR296C,9.0
YMR297W,9.0
YMR298W,9.0
YMR299C,9.0
YMR300C,9.0
YMR301C,9.0
YMR302C,8.0
YMR303C,9.0
YMR304C-A,
YMR304W,9.0
YMR305C,8.0
YMR306CA,
YMR306C-A,
YMR306W,9.0
YMR307C-A,2.0
YMR307W,9.0
YMR308C,9.0
YMR309C,9.0
YMR310C,9.0
YMR311C,9.0
YMR312W,8.0
YMR313C,9.0
YMR314W,9.0
YMR315W,9.0
YMR315W-A,2.0
YMR316C-A,1.0
YMR316C-B,
YMR316W,4.0
YMR317W,9.0
YMR318C,9.0
YMR319C,8.0
YMR320W,2.0
YMR321C,9.0
YMR322C,8.0
YMR323W,9.0
YMR324C,7.0
YMR325W,7.0
YMR326C,9.0
YNL001W,9.0
YNL002C,9.0
YNL003C,9.0
YNL004W,9.0
YNL005C,9.0
YNL006W,9.0
YNL007C,9.0
YNL008C,9.0
YNL009W,9.0
YNL010W,8.0
YNL011C,9.0
YNL012W,9.0
YNL013C,2.0
YNL014W,9.0
YNL015W,9.0
YNL016W,9.0
YNL017C,1.0
YNL018C,9.0
YNL019C,8.0
YNL020C,9.0
YNL021W,9.0
YNL022C,9.0
YNL023C,9.0
YNL024C,8.0
YNL024C-A,9.0
YNL025C,9.0
YNL026W,9.0
YNL027W,9.0
YNL028W,2.0
YNL029C,9.0
YNL030W,
YNL031C,9.0
YNL032W,9.0
YNL033W,8.0
YNL034W,9.0
YNL035C,9.0
YNL036W,8.0
YNL037C,9.0
YNL038W,9.0
YNL039W,9.0
YNL040W,9.0
YNL041C,9.0
YNL042W,7.0
YNL042W-B,2.0
YNL043C,2.0
YNL044W,9.0
YNL045W,9.0
YNL046W,3.0
YNL047C,8.0
YNL048W,9.0
YNL049C,9.0
YNL050C,9.0
YNL051W,8.0
YNL052W,8.0
YNL053W,9.0
YNL054W,8.0
YNL054W-A,8.0
YNL055C,9.0
YNL056W,8.0
YNL057W,2.0
YNL058C,7.0
YNL059C,9.0
YNL061W,9.0
YNL062C,9.0
YNL063W,9.0
YNL064C,9.0
YNL065W,9.0
YNL066W,8.0
YNL067W,9.0
YNL067W-A,8.0
YNL067W-B,1.0
YNL068C,9.0
YNL069C,9.0
YNL070W,9.0
YNL071W,9.0
YNL072W,9.0
YNL073W,8.0
YNL074C,9.0
YNL075W,9.0
YNL076W,5.0
YNL077W,9.0
YNL078W,9.0
YNL079C,8.0
YNL080C,9.0
YNL081C,9.0
YNL082W,9.0
YNL083W,9.0
YNL084C,8.0
YNL085W,9.0
YNL086W,4.0
YNL087W,8.0
YNL088W,9.0
YNL089C,5.0
YNL090W,9.0
YNL091W,9.0
YNL092W,9.0
YNL093W,9.0
YNL094W,8.0
YNL095C,9.0
YNL096C,9.0
YNL097C,9.0
YNL097C-B,2.0
YNL097W-A,2.0
YNL098C,9.0
YNL099C,9.0
YNL100W,9.0
YNL101W,9.0
YNL102W,9.0
YNL103W,9.0
YNL103W-A,1.0
YNL104C,9.0
YNL105W,2.0
YNL106C,9.0
YNL107W,9.0
YNL108C,8.0
YNL109W,2.0
YNL110C,9.0
YNL111C,9.0
YNL112W,9.0
YNL113W,9.0
YNL114C,2.0
YNL115C,7.0
YNL116W,9.0
YNL117W,9.0
YNL118C,9.0
YNL119W,8.0
YNL120C,2.0
YNL121C,9.0
YNL122C,9.0
YNL123W,9.0
YNL124W,9.0
YNL125C,9.0
YNL126W,9.0
YNL127W,9.0
YNL128W,9.0
YNL129W,8.0
YNL130C,9.0
YNL130C-A,2.0
YNL131W,9.0
YNL132W,9.0
YNL133C,4.0
YNL134C,9.0
YNL135C,9.0
YNL136W,8.0
YNL137C,9.0
YNL138W,9.0
YNL138W-A,9.0
YNL139C,9.0
YNL140C,2.0
YNL141W,9.0
YNL142W,9.0
YNL143C,1.0
YNL144C,8.0
YNL144W-A,1.0
YNL145W,3.0
YNL146C-A,2.0
YNL146W,1.0
YNL147W,9.0
YNL148C,9.0
YNL149C,4.0
YNL150W,2.0
YNL151C,9.0
YNL152W,9.0
YNL153C,9.0
YNL154C,9.0
YNL155W,9.0
YNL156C,9.0
YNL157W,9.0
YNL158W,8.0
YNL159C,9.0
YNL160W,9.0
YNL161W,9.0
YNL162W,
YNL162W-A,8.0
YNL163C,9.0
YNL164C,8.0
YNL165W,4.0
YNL166C,5.0
YNL167C,7.0
YNL168C,9.0
YNL169C,9.0
YNL170W,7.0
YNL171C,7.0
YNL172W,9.0
YNL173C,9.0
YNL174W,2.0
YNL175C,8.0
YNL176C,8.0
YNL177C,8.0
YNL178W,9.0
YNL179C,1.0
YNL180C,3.0
YNL181W,9.0
YNL182C,8.0
YNL183C,8.0
YNL184C,1.0
YNL185C,9.0
YNL186W,8.0
YNL187W,9.0
YNL188W,9.0
YNL189W,9.0
YNL190W,5.0
YNL191W,9.0
YNL192W,7.0
YNL193W,8.0
YNL194C,5.0
YNL195C,9.0
YNL196C,9.0
YNL197C,9.0
YNL198C,2.0
YNL199C,9.0
YNL200C,9.0
YNL201C,9.0
YNL202W,9.0
YNL203C,2.0
YNL204C,9.0
YNL205C,1.0
YNL206C,9.0
YNL207W,9.0
YNL208W,9.0
YNL209W,8.0
YNL210W,8.0
YNL211C,5.0
YNL212W,9.0
YNL213C,9.0
YNL214W,9.0
YNL215W,8.0
YNL216W,8.0
YNL217W,9.0
YNL218W,9.0
YNL219C,9.0
YNL220W,9.0
YNL221C,9.0
YNL222W,9.0
YNL223W,9.0
YNL224C,8.0
YNL225C,8.0
YNL226W,2.0
YNL227C,9.0
YNL228W,2.0
YNL229C,9.0
YNL230C,9.0
YNL231C,9.0
YNL232W,9.0
YNL233W,8.0
YNL234W,9.0
YNL235C,9.0
YNL236W,9.0
YNL237W,9.0
YNL238W,9.0
YNL239W,9.0
YNL240C,9.0
YNL241C,9.0
YNL242W,9.0
YNL243W,9.0
YNL244C,9.0
YNL245C,9.0
YNL246W,9.0
YNL247W,9.0
YNL248C,9.0
YNL249C,9.0
YNL250W,9.0
YNL251C,8.0
YNL252C,9.0
YNL253W,9.0
YNL254C,8.0
YNL255C,9.0
YNL256W,9.0
YNL257C,8.0
YNL258C,9.0
YNL259C,9.0
YNL260C,9.0
YNL261W,9.0
YNL262W,9.0
YNL263C,9.0
YNL264C,9.0
YNL265C,9.0
YNL266W,1.0
YNL267W,9.0
YNL268W,9.0
YNL269W,2.0
YNL270C,9.0
YNL271C,8.0
YNL272C,8.0
YNL273W,9.0
YNL274C,9.0
YNL275W,9.0
YNL276C,2.0
YNL277W,9.0
YNL277W-A,1.0
YNL278W,8.0
YNL279W,8.0
YNL280C,9.0
YNL281W,9.0
YNL282W,9.0
YNL283C,9.0
YNL284C,9.0
YNL284C-A,9.0
YNL284C-B,9.0
YNL285W,5.0
YNL286W,9.0
YNL287W,9.0
YNL288W,9.0
YNL289W,9.0
YNL290W,9.0
YNL291C,8.0
YNL292W,9.0
YNL293W,9.0
YNL294C,7.0
YNL295W,9.0
YNL296W,2.0
YNL297C,9.0
YNL298W,9.0
YNL299W,9.0
YNL300W,1.0
YNL301C,
YNL302C,9.0
YNL303W,8.0
YNL304W,4.0
YNL305C,9.0
YNL306W,9.0
YNL307C,9.0
YNL308C,9.0
YNL309W,9.0
YNL310C,9.0
YNL311C,8.0
YNL312W,9.0
YNL313C,9.0
YNL314W,8.0
YNL315C,9.0
YNL316C,9.0
YNL317W,9.0
YNL318C,9.0
YNL319W,4.0
YNL320W,9.0
YNL321W,9.0
YNL322C,6.0
YNL323W,9.0
YNL324W,2.0
YNL325C,9.0
YNL326C,9.0
YNL327W,9.0
YNL328C,9.0
YNL329C,9.0
YNL330C,9.0
YNL331C,9.0
YNL332W,8.0
YNL333W,9.0
YNL334C,9.0
YNL335W,7.0
YNL336W,8.0
YNL337W,5.0
YNL338W,1.0
YNL339C,9.0
YNL339W-A,
YNL339W-B,
YNR001C,9.0
YNR001W-A,7.0
YNR002C,9.0
YNR003C,9.0
YNR003W-A,1.0
YNR004W,9.0
YNR005C,2.0
YNR006W,9.0
YNR007C,9.0
YNR008W,9.0
YNR009W,9.0
YNR010W,5.0
YNR011C,9.0
YNR012W,9.0
YNR013C,9.0
YNR014W,3.0
YNR015W,9.0
YNR016C,9.0
YNR017W,9.0
YNR018W,9.0
YNR019W,8.0
YNR020C,9.0
YNR021W,9.0
YNR022C,9.0
YNR023W,9.0
YNR024W,3.0
YNR025C,1.0
YNR026C,9.0
YNR027W,9.0
YNR028W,3.0
YNR029C,9.0
YNR030W,9.0
YNR031C,9.0
YNR032CA,
YNR032C-A,9.0
YNR032W,8.0
YNR033W,9.0
YNR034W,9.0
YNR034W-A,9.0
YNR035C,9.0
YNR036C,9.0
YNR037C,9.0
YNR038W,9.0
YNR039C,9.0
YNR040W,8.0
YNR041C,9.0
YNR042W,7.0
YNR043W,9.0
YNR044W,2.0
YNR045W,9.0
YNR046W,9.0
YNR047W,9.0
YNR048W,9.0
YNR049C,5.0
YNR050C,9.0
YNR051C,8.0
YNR052C,9.0
YNR053C,9.0
YNR054C,9.0
YNR055C,6.0
YNR056C,8.0
YNR057C,9.0
YNR058W,9.0
YNR059W,9.0
YNR060W,9.0
YNR061C,6.0
YNR062C,7.0
YNR063W,9.0
YNR064C,9.0
YNR065C,9.0
YNR066C,8.0
YNR067C,9.0
YNR068C,8.0
YNR069C,9.0
YNR070W,9.0
YNR071C,9.0
YNR072W,9.0
YNR073C,7.0
YNR074C,9.0
YNR075C-A,2.0
YNR075W,9.0
YNR076W,
YNR077C,9.0
YOL001W,9.0
YOL002C,9.0
YOL003C,8.0
YOL004W,9.0
YOL005C,9.0
YOL006C,9.0
YOL007C,9.0
YOL008W,9.0
YOL009C,8.0
YOL010W,9.0
YOL011W,9.0
YOL012C,9.0
YOL013C,9.0
YOL013W-A,1.0
YOL013W-B,8.0
YOL014W,3.0
YOL015W,9.0
YOL016C,9.0
YOL017W,9.0
YOL018C,9.0
YOL019W,9.0
YOL019W-A,2.0
YOL020W,9.0
YOL021C,9.0
YOL022C,9.0
YOL023W,9.0
YOL024W,7.0
YOL025W,7.0
YOL026C,9.0
YOL027C,9.0
YOL028C,9.0
YOL029C,7.0
YOL030W,9.0
YOL031C,9.0
YOL032W,9.0
YOL033W,9.0
YOL034W,9.0
YOL035C,2.0
YOL036W,9.0
YOL037C,2.0
YOL038C-A,2.0
YOL038W,9.0
YOL039W,9.0
YOL040C,9.0
YOL041C,9.0
YOL042W,8.0
YOL043C,9.0
YOL044W,7.0
YOL045W,9.0
YOL046C,7.0
YOL047C,9.0
YOL048C,9.0
YOL049W,9.0
YOL050C,7.0
YOL051W,7.0
YOL052C,9.0
YOL052CA,
YOL052C-A,1.0
YOL053C-A,
YOL053W,9.0
YOL054W,9.0
YOL055C,9.0
YOL056W,8.0
YOL057W,9.0
YOL058W,9.0
YOL059W,9.0
YOL060C,9.0
YOL061W,9.0
YOL062C,9.0
YOL063C,5.0
YOL064C,9.0
YOL065C,4.0
YOL066C,9.0
YOL067C,9.0
YOL068C,9.0
YOL069W,9.0
YOL070C,7.0
YOL071W,9.0
YOL072W,7.0
YOL073C,9.0
YOL075C,9.0
YOL076W,9.0
YOL077C,9.0
YOL077W-A,8.0
YOL078W,9.0
YOL079W,1.0
YOL080C,9.0
YOL081W,9.0
YOL082W,9.0
YOL083C-A,2.0
YOL083W,9.0
YOL084W,9.0
YOL085C,2.0
YOL085W-A,5.0
YOL086C,9.0
YOL086W-A,9.0
YOL087C,9.0
YOL088C,8.0
YOL089C,9.0
YOL090W,9.0
YOL091W,8.0
YOL092W,9.0
YOL093W,9.0
YOL094C,9.0
YOL095C,8.0
YOL096C,9.0
YOL097C,9.0
YOL097W-A,2.0
YOL098C,9.0
YOL099C,2.0
YOL100W,9.0
YOL101C,3.0
YOL102C,9.0
YOL103W,9.0
YOL103W-A,8.0
YOL103W-B,8.0
YOL104C,9.0
YOL105C,9.0
YOL106W,7.0
YOL107W,9.0
YOL108C,9.0
YOL109W,7.0
YOL110W,7.0
YOL111C,8.0
YOL112W,9.0
YOL113W,9.0
YOL114C,9.0
YOL115W,9.0
YOL116W,8.0
YOL117W,7.0
YOL118C,1.0
YOL119C,9.0
YOL120C,9.0
YOL121C,9.0
YOL122C,9.0
YOL123W,9.0
YOL124C,9.0
YOL125W,9.0
YOL126C,3.0
YOL127W,9.0
YOL128C,8.0
YOL129W,9.0
YOL130W,9.0
YOL131W,8.0
YOL132W,9.0
YOL133W,9.0
YOL134C,1.0
YOL135C,9.0
YOL136C,9.0
YOL137W,9.0
YOL138C,9.0
YOL139C,9.0
YOL140W,9.0
YOL141W,9.0
YOL142W,9.0
YOL143C,9.0
YOL144W,8.0
YOL145C,9.0
YOL146W,9.0
YOL147C,9.0
YOL148C,8.0
YOL149W,9.0
YOL150C,2.0
YOL151W,9.0
YOL152W,9.0
YOL153C,
YOL154W,9.0
YOL155C,9.0
YOL155W-A,2.0
YOL156W,9.0
YOL157C,9.0
YOL158C,8.0
YOL159C,3.0
YOL159C-A,2.0
YOL160W,2.0
YOL161C,7.0
YOL162W,9.0
YOL163W,9.0
YOL164W,9.0
YOL164W-A,1.0
YOL165C,9.0
YOL166C,2.0
YOL166W-A,9.0
YOR001W,9.0
YOR002W,9.0
YOR003W,9.0
YOR004W,9.0
YOR005C,9.0
YOR006C,9.0
YOR007C,9.0
YOR008C,9.0
YOR008C-A,2.0
YOR008W-B,2.0
YOR009W,7.0
YOR010C,7.0
YOR011W,9.0
YOR011W-A,2.0
YOR012W,7.0
YOR013W,9.0
YOR014W,9.0
YOR015W,2.0
YOR016C,9.0
YOR017W,8.0
YOR018W,9.0
YOR019W,9.0
YOR020C,9.0
YOR020W-A,9.0
YOR021C,8.0
YOR022C,9.0
YOR023C,8.0
YOR024W,1.0
YOR025W,7.0
YOR026W,8.0
YOR027W,9.0
YOR028C,6.0
YOR029W,2.0
YOR030W,9.0
YOR031W,9.0
YOR032C,9.0
YOR032W-A,1.0
YOR033C,9.0
YOR034C,9.0
YOR034C-A,2.0
YOR035C,9.0
YOR036W,9.0
YOR037W,9.0
YOR038C,9.0
YOR039W,9.0
YOR040W,9.0
YOR041C,2.0
YOR042W,8.0
YOR043W,9.0
YOR044W,3.0
YOR045W,6.0
YOR046C,9.0
YOR047C,9.0
YOR048C,9.0
YOR049C,8.0
YOR050C,2.0
YOR051C,9.0
YOR052C,9.0
YOR053W,1.0
YOR054C,9.0
YOR055W,8.0
YOR056C,9.0
YOR057W,9.0
YOR058C,9.0
YOR059C,9.0
YOR060C,9.0
YOR061W,9.0
YOR062C,7.0
YOR063W,9.0
YOR064C,9.0
YOR065W,9.0
YOR066W,9.0
YOR067C,9.0
YOR068C,2.0
YOR069W,9.0
YOR070C,9.0
YOR071C,9.0
YOR072W,2.0
YOR072W-A,2.0
YOR072W-B,2.0
YOR073W,8.0
YOR073W-A,2.0
YOR074C,9.0
YOR075W,9.0
YOR076C,3.0
YOR077W,9.0
YOR078W,8.0
YOR079C,9.0
YOR080W,9.0
YOR081C,9.0
YOR082C,2.0
YOR083W,9.0
YOR084W,9.0
YOR085W,9.0
YOR086C,6.0
YOR087W,9.0
YOR088W,
YOR089C,9.0
YOR090C,9.0
YOR091W,9.0
YOR092W,9.0
YOR093C,9.0
YOR094W,9.0
YOR095C,9.0
YOR096W,9.0
YOR097C,8.0
YOR098C,9.0
YOR099W,9.0
YOR100C,9.0
YOR101W,9.0
YOR102W,4.0
YOR103C,9.0
YOR104W,9.0
YOR105W,2.0
YOR106W,9.0
YOR107W,4.0
YOR108C-A,2.0
YOR108W,9.0
YOR109W,9.0
YOR110W,8.0
YOR111W,9.0
YOR112W,9.0
YOR113W,9.0
YOR114W,9.0
YOR115C,9.0
YOR116C,9.0
YOR117W,9.0
YOR118W,8.0
YOR119C,9.0
YOR120W,9.0
YOR121C,2.0
YOR122C,9.0
YOR123C,9.0
YOR124C,8.0
YOR125C,9.0
YOR126C,9.0
YOR127W,9.0
YOR128C,9.0
YOR129C,8.0
YOR130C,9.0
YOR131C,9.0
YOR132W,8.0
YOR133W,
YOR134W,9.0
YOR135C,4.0
YOR136W,9.0
YOR137C,5.0
YOR138C,5.0
YOR139C,2.0
YOR140W,9.0
YOR141C,9.0
YOR142W,9.0
YOR142W-B,8.0
YOR143C,9.0
YOR144C,9.0
YOR145C,9.0
YOR146W,2.0
YOR147W,9.0
YOR148C,9.0
YOR149C,9.0
YOR150W,9.0
YOR151C,9.0
YOR152C,9.0
YOR153W,9.0
YOR154W,9.0
YOR155C,8.0
YOR156C,9.0
YOR157C,9.0
YOR158W,9.0
YOR159C,9.0
YOR160W,9.0
YOR161C,9.0
YOR161C-C,2.0
YOR161W-A,1.0
YOR161W-B,2.0
YOR162C,9.0
YOR163W,9.0
YOR164C,9.0
YOR165W,9.0
YOR166C,9.0
YOR167C,9.0
YOR168W,9.0
YOR169C,8.0
YOR170W,2.0
YOR171C,9.0
YOR172W,9.0
YOR173W,9.0
YOR174W,9.0
YOR175C,9.0
YOR176W,9.0
YOR177C,9.0
YOR178C,9.0
YOR179C,3.0
YOR180C,9.0
YOR181W,9.0
YOR182C,9.0
YOR183W,2.0
YOR184W,9.0
YOR185C,9.0
YOR186C-A,2.0
YOR186W,5.0
YOR187W,9.0
YOR188W,9.0
YOR189W,4.0
YOR190W,9.0
YOR191W,9.0
YOR192C,9.0
YOR192C-A,7.0
YOR192C-B,9.0
YOR192C-C,1.0
YOR193W,8.0
YOR194C,9.0
YOR195W,9.0
YOR196C,9.0
YOR197W,9.0
YOR198C,9.0
YOR199W,1.0
YOR200W,1.0
YOR201C,9.0
YOR202W,9.0
YOR203W,2.0
YOR204W,9.0
YOR205C,8.0
YOR206W,9.0
YOR207C,9.0
YOR208W,9.0
YOR209C,9.0
YOR210W,9.0
YOR211C,8.0
YOR212W,9.0
YOR213C,8.0
YOR214C,9.0
YOR215C,9.0
YOR216C,9.0
YOR217W,9.0
YOR218C,1.0
YOR219C,8.0
YOR220W,9.0
YOR221C,9.0
YOR222W,9.0
YOR223W,8.0
YOR224C,9.0
YOR225W,1.0
YOR226C,9.0
YOR227W,7.0
YOR228C,9.0
YOR229W,9.0
YOR230W,9.0
YOR231C-A,7.0
YOR231W,9.0
YOR232W,9.0
YOR233W,9.0
YOR234C,9.0
YOR235W,2.0
YOR236W,9.0
YOR237W,9.0
YOR238W,9.0
YOR239W,9.0
YOR240W,
YOR241W,9.0
YOR242C,8.0
YOR243C,9.0
YOR244W,9.0
YOR245C,9.0
YOR246C,9.0
YOR247W,3.0
YOR248W,2.0
YOR249C,9.0
YOR250C,9.0
YOR251C,9.0
YOR252W,8.0
YOR253W,9.0
YOR254C,9.0
YOR255W,8.0
YOR256C,9.0
YOR257W,9.0
YOR258W,9.0
YOR259C,9.0
YOR260W,8.0
YOR261C,9.0
YOR262W,9.0
YOR263C,2.0
YOR264W,7.0
YOR265W,9.0
YOR266W,4.0
YOR267C,8.0
YOR268C,9.0
YOR269W,8.0
YOR270C,9.0
YOR271C,9.0
YOR272W,9.0
YOR273C,9.0
YOR274W,9.0
YOR275C,9.0
YOR276W,5.0
YOR277C,1.0
YOR278W,9.0
YOR279C,3.0
YOR280C,9.0
YOR281C,9.0
YOR282W,5.0
YOR283W,9.0
YOR284W,8.0
YOR285W,9.0
YOR286W,9.0
YOR287C,9.0
YOR288C,9.0
YOR289W,9.0
YOR290C,9.0
YOR291W,9.0
YOR292C,9.0
YOR293C-A,2.0
YOR293W,9.0
YOR294W,9.0
YOR295W,9.0
YOR296W,9.0
YOR297C,9.0
YOR298CA,
YOR298C-A,9.0
YOR298W,7.0
YOR299W,9.0
YOR300W,1.0
YOR301W,9.0
YOR302W,1.0
YOR303W,9.0
YOR304CA,
YOR304C-A,9.0
YOR304W,9.0
YOR305W,8.0
YOR306C,9.0
YOR307C,9.0
YOR308C,9.0
YOR309C,2.0
YOR310C,9.0
YOR311C,8.0
YOR312C,
YOR313C,9.0
YOR314W,2.0
YOR314W-A,2.0
YOR315W,8.0
YOR316C,9.0
YOR316C-A,2.0
YOR317W,9.0
YOR318C,2.0
YOR319W,9.0
YOR320C,9.0
YOR321W,9.0
YOR322C,8.0
YOR323C,9.0
YOR324C,8.0
YOR325W,2.0
YOR326W,9.0
YOR327C,9.0
YOR328W,9.0
YOR329C,9.0
YOR329W-A,2.0
YOR330C,9.0
YOR331C,5.0
YOR332W,9.0
YOR333C,4.0
YOR334W,9.0
YOR335C,9.0
YOR335W-A,1.0
YOR336W,9.0
YOR337W,9.0
YOR338W,8.0
YOR339C,9.0
YOR340C,8.0
YOR341W,9.0
YOR342C,8.0
YOR343C,1.0
YOR343W-A,9.0
YOR343W-B,9.0
YOR344C,9.0
YOR345C,2.0
YOR346W,9.0
YOR347C,9.0
YOR348C,9.0
YOR349W,8.0
YOR350C,7.0
YOR351C,9.0
YOR352W,8.0
YOR353C,9.0
YOR354C,9.0
YOR355W,7.0
YOR356W,9.0
YOR357C,9.0
YOR358W,9.0
YOR359W,9.0
YOR360C,9.0
YOR361C,9.0
YOR362C,9.0
YOR363C,9.0
YOR364W,2.0
YOR365C,8.0
YOR366W,2.0
YOR367W,8.0
YOR368W,9.0
YOR369C,9.0
YOR370C,7.0
YOR371C,9.0
YOR372C,8.0
YOR373W,9.0
YOR374W,9.0
YOR375C,9.0
YOR376W,2.0
YOR376W-A,2.0
YOR377W,5.0
YOR378W,7.0
YOR379C,1.0
YOR380W,8.0
YOR381W,7.0
YOR381W-A,2.0
YOR382W,7.0
YOR383C,3.0
YOR384W,9.0
YOR385W,4.0
YOR386W,9.0
YOR387C,8.0
YOR388C,9.0
YOR389W,9.0
YOR390W,9.0
YOR391C,8.0
YOR392W,1.0
YOR393W,
YOR394C-A,9.0
YOR394W,9.0
YOR396C-A,2.0
YOR396W,
YPL001W,9.0
YPL002C,9.0
YPL003W,9.0
YPL004C,8.0
YPL005W,9.0
YPL006W,9.0
YPL007C,9.0
YPL008W,9.0
YPL009C,9.0
YPL010W,9.0
YPL011C,8.0
YPL012W,9.0
YPL013C,9.0
YPL014W,9.0
YPL015C,9.0
YPL016W,9.0
YPL017C,9.0
YPL018W,9.0
YPL019C,9.0
YPL020C,9.0
YPL021W,9.0
YPL022W,9.0
YPL023C,9.0
YPL024W,9.0
YPL025C,2.0
YPL026C,9.0
YPL027W,9.0
YPL028W,9.0
YPL029W,9.0
YPL030W,9.0
YPL031C,9.0
YPL032C,9.0
YPL033C,9.0
YPL034W,9.0
YPL035C,2.0
YPL036W,9.0
YPL037C,9.0
YPL038W,9.0
YPL038W-A,2.0
YPL039W,8.0
YPL040C,9.0
YPL041C,9.0
YPL042C,9.0
YPL043W,9.0
YPL044C,5.0
YPL045W,9.0
YPL046C,9.0
YPL047W,8.0
YPL048W,9.0
YPL049C,7.0
YPL050C,9.0
YPL051W,9.0
YPL052W,9.0
YPL053C,9.0
YPL054W,8.0
YPL055C,9.0
YPL056C,2.0
YPL057C,9.0
YPL058C,9.0
YPL059W,9.0
YPL060C-A,
YPL060W,9.0
YPL061W,9.0
YPL062W,2.0
YPL063W,9.0
YPL064C,9.0
YPL065W,9.0
YPL066W,8.0
YPL067C,9.0
YPL068C,9.0
YPL069C,9.0
YPL070W,4.0
YPL071C,9.0
YPL072W,7.0
YPL073C,9.0
YPL074W,9.0
YPL075W,8.0
YPL076W,8.0
YPL077C,9.0
YPL078C,8.0
YPL079W,9.0
YPL080C,2.0
YPL081W,9.0
YPL082C,9.0
YPL083C,8.0
YPL084W,9.0
YPL085W,9.0
YPL086C,9.0
YPL087W,9.0
YPL088W,9.0
YPL089C,9.0
YPL090C,
YPL091W,9.0
YPL092W,9.0
YPL093W,9.0
YPL094C,9.0
YPL095C,9.0
YPL096C-A,9.0
YPL096W,9.0
YPL097W,9.0
YPL098C,9.0
YPL099C,9.0
YPL100W,9.0
YPL101W,9.0
YPL102C,2.0
YPL103C,9.0
YPL104W,9.0
YPL105C,9.0
YPL106C,9.0
YPL107W,9.0
YPL108W,9.0
YPL109C,9.0
YPL110C,9.0
YPL111W,9.0
YPL112C,8.0
YPL113C,9.0
YPL114W,5.0
YPL115C,9.0
YPL116W,9.0
YPL117C,9.0
YPL118W,8.0
YPL119C,9.0
YPL119C-A,2.0
YPL120W,9.0
YPL121C,5.0
YPL122C,9.0
YPL123C,9.0
YPL124W,9.0
YPL125W,9.0
YPL126W,9.0
YPL127C,9.0
YPL128C,9.0
YPL129W,8.0
YPL130W,9.0
YPL131W,9.0
YPL132W,9.0
YPL133C,9.0
YPL134C,9.0
YPL135C-A,2.0
YPL135W,9.0
YPL136W,2.0
YPL137C,9.0
YPL138C,9.0
YPL139C,3.0
YPL140C,9.0
YPL141C,9.0
YPL142C,4.0
YPL143W,9.0
YPL144W,4.0
YPL145C,9.0
YPL146C,9.0
YPL147W,9.0
YPL148C,9.0
YPL149W,9.0
YPL150W,9.0
YPL151C,9.0
YPL152W,9.0
YPL152W-A,2.0
YPL153C,9.0
YPL154C,9.0
YPL155C,8.0
YPL156C,8.0
YPL157W,9.0
YPL158C,9.0
YPL159C,9.0
YPL160W,9.0
YPL161C,9.0
YPL162C,9.0
YPL163C,3.0
YPL164C,9.0
YPL165C,9.0
YPL166W,9.0
YPL167C,9.0
YPL168W,8.0
YPL169C,9.0
YPL170W,9.0
YPL171C,9.0
YPL172C,9.0
YPL173W,8.0
YPL174C,9.0
YPL175W,9.0
YPL176C,9.0
YPL177C,9.0
YPL178W,9.0
YPL179W,8.0
YPL180W,8.0
YPL181W,8.0
YPL182C,2.0
YPL183C,9.0
YPL183WA,
YPL183W-A,9.0
YPL184C,8.0
YPL185W,2.0
YPL186C,9.0
YPL187W,9.0
YPL188W,9.0
YPL189C-A,9.0
YPL189W,9.0
YPL190C,9.0
YPL191C,9.0
YPL192C,3.0
YPL193W,9.0
YPL194W,8.0
YPL195W,9.0
YPL196W,9.0
YPL197C,7.0
YPL198W,9.0
YPL199C,9.0
YPL200W,9.0
YPL201C,9.0
YPL202C,8.0
YPL203W,9.0
YPL204W,9.0
YPL205C,2.0
YPL206C,9.0
YPL207W,9.0
YPL208W,8.0
YPL209C,9.0
YPL210C,9.0
YPL211W,9.0
YPL212C,9.0
YPL213W,9.0
YPL214C,9.0
YPL215W,9.0
YPL216W,9.0
YPL217C,9.0
YPL218W,9.0
YPL219W,9.0
YPL220W,
YPL221W,8.0
YPL222C-A,8.0
YPL222W,9.0
YPL223C,3.0
YPL224C,9.0
YPL225W,9.0
YPL226W,8.0
YPL227C,9.0
YPL228W,9.0
YPL229W,3.0
YPL230W,9.0
YPL231W,9.0
YPL232W,9.0
YPL233W,9.0
YPL234C,9.0
YPL235W,9.0
YPL236C,9.0
YPL237W,9.0
YPL238C,2.0
YPL239W,9.0
YPL240C,9.0
YPL241C,9.0
YPL242C,9.0
YPL243W,9.0
YPL244C,9.0
YPL245W,9.0
YPL246C,9.0
YPL247C,9.0
YPL248C,8.0
YPL249C,8.0
YPL249CA,
YPL249C-A,9.0
YPL250C,3.0
YPL250W-A,2.0
YPL251W,2.0
YPL252C,9.0
YPL253C,8.0
YPL254W,8.0
YPL255W,8.0
YPL256C,4.0
YPL257W,2.0
YPL257W-A,8.0
YPL257W-B,8.0
YPL258C,9.0
YPL259C,9.0
YPL260W,8.0
YPL261C,2.0
YPL262W,9.0
YPL263C,9.0
YPL264C,9.0
YPL265W,9.0
YPL266W,9.0
YPL267W,9.0
YPL268W,9.0
YPL269W,9.0
YPL270W,9.0
YPL271W,9.0
YPL272C,8.0
YPL273W,9.0
YPL274W,9.0
YPL275W,
YPL276W,
YPL277C,9.0
YPL278C,9.0
YPL279C,9.0
YPL280W,8.0
YPL281C,9.0
YPL282C,
YPL283C,9.0
YPL283W-A,
YPL283W-B,
YPR001W,9.0
YPR002C-A,7.0
YPR002W,8.0
YPR003C,9.0
YPR004C,9.0
YPR005C,9.0
YPR006C,9.0
YPR007C,9.0
YPR008W,9.0
YPR009W,5.0
YPR010C,9.0
YPR010C-A,9.0
YPR011C,9.0
YPR012W,5.0
YPR013C,9.0
YPR014C,2.0
YPR015C,7.0
YPR016C,9.0
YPR016W-A,9.0
YPR017C,9.0
YPR018W,8.0
YPR019W,9.0
YPR020W,8.0
YPR021C,9.0
YPR022C,8.0
YPR023C,9.0
YPR024W,9.0
YPR025C,9.0
YPR026W,9.0
YPR027C,9.0
YPR028W,9.0
YPR029C,9.0
YPR030W,8.0
YPR031W,9.0
YPR032W,8.0
YPR033C,9.0
YPR034W,9.0
YPR035W,9.0
YPR036W,9.0
YPR036W-A,4.0
YPR037C,9.0
YPR038W,2.0
YPR039W,5.0
YPR040W,9.0
YPR041W,9.0
YPR042C,9.0
YPR043W,
YPR044C,
YPR045C,9.0
YPR046W,8.0
YPR047W,9.0
YPR048W,9.0
YPR049C,9.0
YPR050C,
YPR051W,9.0
YPR052C,9.0
YPR053C,2.0
YPR054W,4.0
YPR055W,9.0
YPR056W,9.0
YPR057W,5.0
YPR058W,9.0
YPR059C,8.0
YPR060C,9.0
YPR061C,9.0
YPR062W,9.0
YPR063C,9.0
YPR064W,2.0
YPR065W,9.0
YPR066W,9.0
YPR067W,9.0
YPR068C,8.0
YPR069C,9.0
YPR070W,3.0
YPR071W,3.0
YPR072W,9.0
YPR073C,9.0
YPR074C,9.0
YPR074W-A,2.0
YPR075C,9.0
YPR076W,2.0
YPR077C,9.0
YPR078C,9.0
YPR079W,9.0
YPR080W,9.0
YPR081C,9.0
YPR082C,9.0
YPR083W,9.0
YPR084W,4.0
YPR085C,9.0
YPR086W,9.0
YPR087W,1.0
YPR088C,9.0
YPR089W,9.0
YPR090W,
YPR091C,9.0
YPR092W,2.0
YPR093C,8.0
YPR094W,9.0
YPR095C,8.0
YPR096C,8.0
YPR097W,8.0
YPR098C,9.0
YPR099C,2.0
YPR100W,9.0
YPR101W,5.0
YPR102C,9.0
YPR103W,9.0
YPR104C,9.0
YPR105C,9.0
YPR106W,9.0
YPR107C,9.0
YPR108W,9.0
YPR108W-A,9.0
YPR109W,3.0
YPR110C,9.0
YPR111W,8.0
YPR112C,9.0
YPR113W,9.0
YPR114W,9.0
YPR115W,8.0
YPR116W,8.0
YPR117W,8.0
YPR118W,9.0
YPR119W,9.0
YPR120C,9.0
YPR121W,9.0
YPR122W,9.0
YPR123C,2.0
YPR124W,9.0
YPR125W,9.0
YPR126C,2.0
YPR127W,9.0
YPR128C,9.0
YPR129W,9.0
YPR130C,2.0
YPR131C,9.0
YPR132W,
YPR133C,9.0
YPR133WA,
YPR133W-A,8.0
YPR134W,9.0
YPR135W,8.0
YPR136C,2.0
YPR137C-B,8.0
YPR137W,9.0
YPR138C,9.0
YPR139C,9.0
YPR140W,9.0
YPR141C,9.0
YPR142C,2.0
YPR143W,8.0
YPR144C,9.0
YPR145C-A,3.0
YPR145W,9.0
YPR146C,2.0
YPR147C,9.0
YPR148C,3.0
YPR149W,7.0
YPR150W,2.0
YPR151C,3.0
YPR152C,9.0
YPR153W,9.0
YPR154W,9.0
YPR155C,9.0
YPR156C,9.0
YPR157W,8.0
YPR158C-C,8.0
YPR158C-D,8.0
YPR158W,9.0
YPR158W-A,8.0
YPR158W-B,9.0
YPR159C-A,1.0
YPR159W,8.0
YPR160C-A,2.0
YPR160W,9.0
YPR160W-A,1.0
YPR161C,9.0
YPR162C,9.0
YPR163C,4.0
YPR164W,9.0
YPR165W,9.0
YPR166C,9.0
YPR167C,9.0
YPR168W,9.0
YPR169W,6.0
YPR169W-A,8.0
YPR170C,
YPR170W-A,1.0
YPR170W-B,8.0
YPR171W,7.0
YPR172W,8.0
YPR173C,9.0
YPR174C,8.0
YPR175W,9.0
YPR176C,9.0
YPR177C,2.0
YPR178W,9.0
YPR179C,5.0
YPR180W,9.0
YPR181C,9.0
YPR182W,9.0
YPR183W,9.0
YPR184W,9.0
YPR185W,9.0
YPR186C,9.0
YPR187W,9.0
YPR188C,8.0
YPR189W,9.0
YPR190C,9.0
YPR191W,8.0
YPR192W,9.0
YPR193C,9.0
YPR194C,8.0
YPR195C,2.0
YPR196W,9.0
YPR197C,
YPR198W,9.0
YPR199C,8.0
YPR200C,8.0
YPR201W,8.0
YPR202W,3.0
YPR203W,2.0
YPR204C-A,
YPR204W,7.0
