ID,Protein half life
Q0010,
Q0017,
Q0032,
Q0045,
Q0050,
Q0055,
Q0060,
Q0065,
Q0070,
Q0075,
Q0080,
Q0085,
Q0092,
Q0105,
Q0110,
Q0115,
Q0120,
Q0130,
Q0140,645.3
Q0142,
Q0143,
Q0144,
Q0160,
Q0182,
Q0250,603.1
Q0255,
Q0275,
Q0297,
R0020C,383.7
R0040C,195.8
snR10,
YAL001C,415.6
YAL002W,
YAL003W,580.0
YAL004W,
YAL005C,1211.0
YAL007C,632.7
YAL008W,
YAL009W,861.9
YAL010C,358.9
YAL011W,661.4
YAL012W,737.5
YAL013W,537.4
YAL014C,297.1
YAL015C,467.0
YAL016C-A,
YAL016C-B,
YAL016W,634.9
YAL017W,746.8
YAL018C,
YAL019W,440.5
YAL019W-A,
YAL020C,
YAL021C,638.3
YAL022C,425.5
YAL023C,503.3
YAL024C,408.2
YAL025C,345.8
YAL026C,546.4
YAL026C-A,
YAL027W,
YAL028W,
YAL029C,550.1
YAL030W,499.8
YAL031C,488.5
YAL031W-A,
YAL032C,290.2
YAL033W,351.4
YAL034C,
YAL034C-B,
YAL034WA,
YAL034W-A,403.6
YAL035C-A,
YAL035W,570.2
YAL036C,376.9
YAL037C-A,
YAL037C-B,
YAL037W,
YAL038W,699.5
YAL039C,727.2
YAL040C,
YAL041W,443.7
YAL042C-A,
YAL042W,449.6
YAL043C,557.5
YAL043C-A,
YAL044C,423.0
YAL044W-A,216.6
YAL045C,
YAL046C,280.0
YAL047C,316.9
YAL047W-A,
YAL048C,
YAL049C,386.2
YAL051W,86.6
YAL053W,389.5
YAL054C,
YAL055W,566.0
YAL056C-A,
YAL056W,
YAL058C-A,
YAL058W,432.8
YAL059C-A,
YAL059W,388.3
YAL060W,393.8
YAL061W,
YAL062W,
YAL063C,
YAL063C-A,
YAL064C-A,
YAL064W,
YAL064W-B,
YAL065C,
YAL065C-A,
YAL066W,
YAL067C,
YAL067W-A,
YAL068C,
YAL068W-A,
YAL069W,
YAR002CA,
YAR002C-A,576.2
YAR002W,453.9
YAR003W,
YAR007C,544.9
YAR008W,1042.1
YAR009C,
YAR010C,
YAR014C,330.8
YAR015W,494.0
YAR018C,329.0
YAR019C,919.6
YAR019W-A,
YAR020C,
YAR023C,
YAR027W,92.5
YAR028W,144.4
YAR029W,
YAR030C,
YAR031W,117.1
YAR033W,398.6
YAR035C-A,
YAR035W,
YAR037W,
YAR040C,
YAR042W,690.0
YAR043C,
YAR044W,
YAR047C,
YAR050W,
YAR052C,
YAR053W,
YAR060C,
YAR061W,
YAR062W,
YAR064W,
YAR066W,
YAR068W,
YAR069C,
YAR070C,
YAR071W,
YAR073W,
YAR074C,
YAR075W,
YBL001C,
YBL002W,631.6
YBL003C,
YBL004W,374.7
YBL005W,
YBL005WA,
YBL005W-A,
YBL005W-B,
YBL006C,422.8
YBL006W-A,
YBL007C,607.8
YBL008W,517.0
YBL008W-A,
YBL009W,
YBL010C,604.3
YBL011W,455.1
YBL012C,
YBL013W,1714.7
YBL014C,
YBL015W,568.9
YBL016W,263.4
YBL017C,530.9
YBL018C,281.5
YBL019W,
YBL020W,
YBL021C,
YBL022C,523.4
YBL023C,723.8
YBL024W,594.6
YBL025W,260.4
YBL026W,565.0
YBL027W,633.9
YBL028C,144.5
YBL029C-A,625.6
YBL029W,
YBL030C,410.5
YBL031W,144.7
YBL032W,717.8
YBL033C,387.5
YBL034C,552.8
YBL035C,431.3
YBL036C,378.9
YBL037W,506.6
YBL038W,1825.0
YBL039C,571.8
YBL039C-A,
YBL039W-B,
YBL040C,
YBL041W,635.3
YBL042C,101.8
YBL043W,
YBL044W,
YBL045C,534.5
YBL046W,412.4
YBL047C,688.6
YBL048W,
YBL049W,
YBL050W,690.9
YBL051C,446.8
YBL052C,
YBL053W,
YBL054W,197.7
YBL055C,474.5
YBL056W,556.0
YBL057C,634.0
YBL058W,559.7
YBL059C-A,120.4
YBL059W,
YBL060W,
YBL061C,325.3
YBL062W,
YBL063W,
YBL064C,611.0
YBL065W,
YBL066C,589.0
YBL067C,580.7
YBL068W,603.7
YBL068W-A,504.5
YBL069W,504.5
YBL070C,
YBL071C,
YBL071C-B,
YBL071W-A,
YBL072C,586.1
YBL073W,
YBL074C,534.4
YBL075C,662.9
YBL076C,647.6
YBL077W,
YBL078C,321.2
YBL079W,629.6
YBL080C,416.3
YBL081W,151.6
YBL082C,484.4
YBL083C,
YBL084C,
YBL085W,338.6
YBL086C,260.9
YBL087C,1145.7
YBL088C,
YBL089W,
YBL090W,276.2
YBL091C,587.4
YBL091CA,
YBL091C-A,405.2
YBL092W,595.0
YBL093C,221.7
YBL094C,
YBL095W,
YBL096C,
YBL097W,
YBL098W,786.0
YBL099W,517.2
YBL100C,
YBL100W-A,
YBL100W-B,
YBL100W-C,
YBL101C,457.0
YBL101WA,
YBL101W-A,
YBL101W-B,
YBL102W,
YBL103C,462.2
YBL104C,873.0
YBL105C,601.8
YBL106C,
YBL107C,784.4
YBL107WA,
YBL107W-A,
YBL108C-A,
YBL108W,
YBL109W,
YBL111C,83.8
YBL112C,
YBL113C,83.8
YBL113W-A,
YBR001C,
YBR002C,592.1
YBR003W,460.2
YBR004C,
YBR005W,
YBR006W,437.8
YBR007C,279.7
YBR008C,
YBR009C,505.3
YBR010W,444.8
YBR011C,648.9
YBR012C,
YBR012W-A,
YBR012W-B,
YBR013C,
YBR014C,155.2
YBR015C,413.4
YBR016W,572.1
YBR017C,767.5
YBR018C,
YBR019C,
YBR020W,
YBR021W,
YBR022W,648.8
YBR023C,223.0
YBR024W,396.4
YBR025C,874.2
YBR026C,485.7
YBR027C,
YBR028C,303.7
YBR029C,435.8
YBR030W,521.0
YBR031W,590.2
YBR032W,
YBR033W,
YBR034C,715.7
YBR035C,820.5
YBR036C,
YBR037C,2148.9
YBR038W,44.4
YBR039W,484.5
YBR040W,
YBR041W,592.1
YBR042C,720.8
YBR043C,
YBR044C,485.8
YBR045C,
YBR046C,458.3
YBR047W,
YBR048W,531.8
YBR049C,451.8
YBR050C,
YBR051W,
YBR052C,551.4
YBR053C,1016.8
YBR054W,
YBR055C,527.2
YBR056C-B,
YBR056W,693.5
YBR056W-A,
YBR057C,149.8
YBR058C,527.1
YBR058C-A,421.0
YBR059C,592.4
YBR060C,477.0
YBR061C,939.3
YBR062C,112.1
YBR063C,
YBR064W,
YBR065C,847.2
YBR066C,
YBR067C,
YBR068C,51.4
YBR069C,281.4
YBR070C,
YBR071W,
YBR072C-A,
YBR072W,
YBR073W,180.3
YBR074W,
YBR075W,
YBR076C-A,
YBR076W,
YBR077C,485.5
YBR078W,124.8
YBR079C,652.7
YBR080C,723.6
YBR081C,612.1
YBR082C,761.5
YBR083W,
YBR084C-A,633.9
YBR084W,529.7
YBR085C-A,147.3
YBR085W,
YBR086C,828.7
YBR087W,600.4
YBR088C,681.4
YBR089CA,
YBR089C-A,461.1
YBR089W,
YBR090C,
YBR090C-A,
YBR091C,256.4
YBR092C,398.1
YBR093C,398.1
YBR094W,614.7
YBR095C,521.4
YBR096W,730.8
YBR097W,361.4
YBR098W,
YBR099C,
YBR100W,
YBR101C,577.1
YBR102C,468.5
YBR103C-A,
YBR103W,341.0
YBR104W,
YBR105C,
YBR106W,389.8
YBR107C,
YBR108W,731.2
YBR109C,646.7
YBR109W-A,
YBR110W,592.3
YBR111C,489.0
YBR111W-A,
YBR112C,627.8
YBR113W,
YBR114W,
YBR115C,
YBR116C,
YBR117C,
YBR118W,598.9
YBR119W,651.8
YBR120C,398.8
YBR121C,617.4
YBR121C-A,
YBR122C,
YBR123C,500.0
YBR124W,
YBR125C,582.8
YBR126C,541.6
YBR126W-A,144.8
YBR126W-B,
YBR127C,577.1
YBR128C,
YBR129C,
YBR130C,551.3
YBR131C-A,
YBR131W,
YBR132C,
YBR133C,296.8
YBR134W,
YBR135W,
YBR136W,449.6
YBR137W,581.3
YBR138C,
YBR139W,489.7
YBR140C,387.5
YBR141C,369.1
YBR141W-A,
YBR142W,356.1
YBR143C,543.3
YBR144C,
YBR145W,1200.2
YBR146W,281.3
YBR147W,
YBR148W,
YBR149W,540.7
YBR150C,
YBR151W,583.5
YBR152W,424.9
YBR153W,
YBR154C,599.6
YBR155W,563.0
YBR156C,
YBR157C,
YBR158W,23.1
YBR159W,
YBR160W,622.4
YBR161W,
YBR162C,236.2
YBR162WA,
YBR162W-A,601.5
YBR163W,
YBR164C,648.7
YBR165W,
YBR166C,599.3
YBR167C,
YBR168W,
YBR169C,770.0
YBR170C,546.0
YBR171W,629.3
YBR172C,405.1
YBR173C,24.6
YBR174C,
YBR175W,
YBR176W,589.1
YBR177C,460.7
YBR178W,
YBR179C,178.7
YBR180W,
YBR181C,513.6
YBR182C,
YBR182C-A,
YBR183W,
YBR184W,
YBR185C,383.5
YBR186W,
YBR187W,184.2
YBR188C,271.0
YBR189W,646.5
YBR190W,
YBR191W,867.6
YBR191W-A,
YBR192W,488.7
YBR193C,489.4
YBR194W,399.5
YBR195C,1026.4
YBR196C,793.0
YBR196C-A,
YBR196C-B,
YBR197C,292.5
YBR198C,623.5
YBR199W,134.1
YBR200W,468.5
YBR200W-A,
YBR201C-A,
YBR201W,562.9
YBR202W,100.4
YBR203W,
YBR204C,863.3
YBR205W,426.4
YBR206W,
YBR207W,
YBR208C,628.4
YBR209W,
YBR210W,
YBR211C,601.1
YBR212W,
YBR213W,936.1
YBR214W,480.4
YBR215W,456.0
YBR216C,606.0
YBR217W,
YBR218C,805.8
YBR219C,
YBR220C,313.1
YBR221C,564.5
YBR221W-A,
YBR222C,752.5
YBR223C,412.6
YBR223W-A,
YBR224W,
YBR225W,2159.7
YBR226C,
YBR227C,459.4
YBR228W,
YBR229C,264.0
YBR230C,419.5
YBR230W-A,
YBR231C,264.8
YBR232C,
YBR233W,338.7
YBR233W-A,
YBR234C,698.0
YBR235W,593.1
YBR236C,521.9
YBR237W,
YBR238C,100.1
YBR239C,819.2
YBR240C,
YBR241C,
YBR242W,192.1
YBR243C,
YBR244W,281.9
YBR245C,542.3
YBR246W,498.0
YBR247C,514.8
YBR248C,903.8
YBR249C,833.4
YBR250W,
YBR251W,466.3
YBR252W,667.9
YBR253W,
YBR254C,872.8
YBR255C-A,
YBR255W,723.3
YBR256C,1199.3
YBR257W,1267.5
YBR258C,385.0
YBR259W,
YBR260C,14.6
YBR261C,630.7
YBR262C,321.8
YBR263W,547.9
YBR264C,508.8
YBR265W,262.4
YBR266C,
YBR267W,289.4
YBR268W,322.1
YBR269C,169.8
YBR270C,
YBR271W,
YBR272C,1100.8
YBR273C,463.8
YBR274W,357.7
YBR275C,387.7
YBR276C,
YBR277C,
YBR278W,670.6
YBR279W,513.2
YBR280C,304.5
YBR281C,659.0
YBR282W,924.1
YBR283C,
YBR284W,
YBR285W,
YBR286W,486.0
YBR287W,
YBR288C,701.1
YBR289W,
YBR290W,
YBR291C,406.8
YBR292C,
YBR293W,
YBR294W,
YBR295W,
YBR296C,
YBR296C-A,
YBR297W,
YBR298C,
YBR298C-A,
YBR299W,
YBR300C,
YBR301W,
YBR302C,
YCL001W,449.8
YCL001W-A,
YCL001W-B,
YCL002C,
YCL003W,
YCL004W,962.9
YCL005W,
YCL005W-A,
YCL006C,
YCL007C,
YCL008C,
YCL009C,667.6
YCL010C,387.3
YCL011C,532.4
YCL012C,217.7
YCL012W,
YCL013W,
YCL014W,450.7
YCL016C,705.7
YCL017C,385.9
YCL018W,
YCL019W,
YCL020W,
YCL021W,
YCL021W-A,
YCL022C,
YCL023C,
YCL024W,443.9
YCL025C,
YCL026C,
YCL026CA,
YCL026C-A,
YCL026C-B,
YCL027W,
YCL028W,1009.9
YCL029C,693.2
YCL030C,7649.4
YCL031C,514.0
YCL032W,374.9
YCL033C,251.5
YCL034W,473.3
YCL035C,569.1
YCL036W,127.3
YCL037C,630.2
YCL038C,
YCL039W,582.3
YCL040W,905.3
YCL041C,
YCL042W,
YCL043C,745.4
YCL044C,440.4
YCL045C,482.1
YCL046W,
YCL047C,9627.3
YCL048W,
YCL048W-A,
YCL049C,
YCL050C,904.0
YCL051W,
YCL052C,
YCL053C,
YCL054W,514.5
YCL054W-A,
YCL055W,39.7
YCL056C,
YCL057C-A,377.8
YCL057W,544.4
YCL058C,
YCL058W-A,70.8
YCL059C,419.0
YCL060C,
YCL061C,
YCL062W,
YCL063W,
YCL064C,90.6
YCL065W,
YCL066W,
YCL067C,15.5
YCL068C,
YCL069W,
YCL073C,
YCL074W,
YCL075W,
YCL076W,
YCR001W,
YCR002C,1301.8
YCR003W,
YCR004C,438.3
YCR005C,84.1
YCR006C,
YCR007C,
YCR008W,292.2
YCR009C,578.4
YCR010C,
YCR011C,1028.0
YCR012W,984.6
YCR013C,
YCR014C,
YCR015C,401.2
YCR016W,475.4
YCR017C,
YCR018C,
YCR018C-A,
YCR019W,458.1
YCR020C,
YCR020CA,
YCR020C-A,138.6
YCR020WB,
YCR020W-B,556.9
YCR021C,
YCR022C,
YCR023C,
YCR024C,570.2
YCR024CA,
YCR024C-A,
YCR024C-B,
YCR025C,
YCR026C,250.2
YCR027C,591.5
YCR028C,
YCR028CA,
YCR028C-A,544.4
YCR029C,
YCR029C-A,
YCR030C,655.4
YCR031C,598.1
YCR032W,
YCR033W,
YCR034W,2042.6
YCR035C,587.5
YCR036W,482.4
YCR037C,
YCR038C,
YCR038W-A,
YCR039C,15.5
YCR040W,
YCR041W,
YCR042C,298.9
YCR043C,563.6
YCR044C,
YCR045C,
YCR045W-A,
YCR046C,396.4
YCR047C,403.0
YCR047W-A,
YCR048W,
YCR049C,
YCR050C,
YCR051W,587.2
YCR052W,566.4
YCR053W,617.0
YCR054C,289.0
YCR055C,
YCR056W,
YCR057C,591.0
YCR058C,
YCR059C,
YCR060W,
YCR061W,
YCR062W,
YCR063W,
YCR064C,
YCR065W,
YCR066W,384.9
YCR067C,
YCR068W,
YCR069W,59.8
YCR070W,
YCR071C,326.1
YCR072C,492.3
YCR073C,501.4
YCR073WA,
YCR073W-A,506.3
YCR074C,
YCR075C,410.3
YCR075W-A,
YCR076C,548.1
YCR077C,557.7
YCR079W,1183.0
YCR080W,
YCR081C-A,
YCR081W,
YCR082W,56.1
YCR083W,413.9
YCR084C,516.8
YCR085W,
YCR086W,410.6
YCR087C-A,420.6
YCR087W,
YCR088W,555.4
YCR089W,
YCR090C,687.8
YCR091W,
YCR092C,
YCR093W,600.9
YCR094W,365.5
YCR095C,1745.9
YCR095W-A,
YCR096C,15.5
YCR097W,
YCR097WA,
YCR097W-A,
YCR097WB,
YCR098C,
YCR099C,
YCR100C,155.8
YCR101C,
YCR102C,643.6
YCR102WA,
YCR102W-A,
YCR103C,
YCR104W,
YCR105W,
YCR106W,
YCR107W,
YCR108C,
YDL001W,892.6
YDL002C,
YDL003W,47.4
YDL004W,
YDL005C,335.6
YDL006W,624.6
YDL007C-A,
YDL007W,563.6
YDL008W,89.0
YDL009C,
YDL010W,145.1
YDL011C,
YDL012C,
YDL013W,
YDL014W,580.1
YDL015C,659.0
YDL016C,
YDL017W,328.1
YDL018C,592.2
YDL019C,424.2
YDL020C,
YDL021W,
YDL022C-A,
YDL022W,1469.0
YDL023C,
YDL024C,
YDL025C,345.7
YDL025W-A,
YDL026W,
YDL027C,521.4
YDL028C,
YDL029W,675.0
YDL030W,696.3
YDL031W,458.1
YDL032W,
YDL033C,
YDL034W,
YDL035C,
YDL036C,
YDL037C,
YDL038C,
YDL039C,
YDL040C,699.3
YDL041W,
YDL042C,382.6
YDL043C,312.6
YDL044C,369.4
YDL045C,537.3
YDL045WA,
YDL045W-A,221.5
YDL046W,424.7
YDL047W,603.5
YDL048C,
YDL049C,
YDL050C,
YDL051W,661.1
YDL052C,496.3
YDL053C,292.6
YDL054C,
YDL055C,603.4
YDL056W,466.4
YDL057W,
YDL058W,614.9
YDL059C,
YDL060W,504.4
YDL061C,764.9
YDL062W,
YDL063C,430.4
YDL064W,573.3
YDL065C,480.2
YDL066W,551.9
YDL067C,153.1
YDL068W,
YDL069C,
YDL070W,42.8
YDL071C,
YDL072C,463.4
YDL073W,184.8
YDL074C,484.4
YDL075W,
YDL076C,436.4
YDL077C,1000.1
YDL078C,526.7
YDL079C,
YDL080C,
YDL081C,635.3
YDL082W,5921.1
YDL083C,662.1
YDL084W,620.7
YDL085C-A,1069.1
YDL085W,
YDL086C-A,
YDL086W,540.7
YDL087C,448.6
YDL088C,618.5
YDL089W,460.8
YDL090C,420.5
YDL091C,336.5
YDL092W,578.5
YDL093W,
YDL094C,
YDL095W,640.4
YDL096C,
YDL097C,714.4
YDL098C,424.8
YDL099W,628.9
YDL100C,783.8
YDL101C,401.7
YDL102W,313.7
YDL103C,685.9
YDL104C,412.1
YDL105W,389.6
YDL106C,336.4
YDL107W,339.2
YDL108W,2563.6
YDL109C,
YDL110C,217.0
YDL111C,620.2
YDL112W,655.4
YDL113C,606.3
YDL114W,
YDL114W-A,
YDL115C,459.2
YDL116W,681.5
YDL117W,746.7
YDL118W,
YDL119C,
YDL120W,296.2
YDL121C,392.3
YDL122W,535.9
YDL123W,
YDL124W,1005.4
YDL125C,616.4
YDL126C,563.7
YDL127W,
YDL128W,391.4
YDL129W,484.5
YDL130W,675.2
YDL130WA,
YDL130W-A,
YDL131W,711.2
YDL132W,563.5
YDL133CA,
YDL133C-A,
YDL133W,332.9
YDL134C,
YDL134C-A,
YDL135C,662.7
YDL136W,591.1
YDL137W,590.3
YDL138W,
YDL139C,261.9
YDL140C,365.8
YDL141W,638.5
YDL142C,
YDL143W,618.8
YDL144C,620.1
YDL145C,654.4
YDL146W,
YDL147W,640.2
YDL148C,488.2
YDL149W,
YDL150W,467.8
YDL151C,
YDL152W,
YDL153C,433.7
YDL154W,
YDL155W,
YDL156W,382.2
YDL157C,123.7
YDL158C,
YDL159C-B,
YDL159W,451.2
YDL159W-A,
YDL160C,493.2
YDL160C-A,417.6
YDL161W,526.7
YDL162C,
YDL163W,
YDL164C,466.1
YDL165W,1050.5
YDL166C,539.4
YDL167C,412.4
YDL168W,709.0
YDL169C,
YDL170W,
YDL171C,512.1
YDL172C,
YDL173W,512.9
YDL174C,393.8
YDL175C,240.1
YDL176W,256.5
YDL177C,
YDL178W,542.4
YDL179W,
YDL180W,
YDL181W,596.2
YDL182W,791.5
YDL183C,1397.4
YDL184C,
YDL185C-A,
YDL185W,526.2
YDL186W,
YDL187C,
YDL188C,507.0
YDL189W,401.6
YDL190C,651.3
YDL191W,591.1
YDL192W,590.3
YDL193W,378.3
YDL194W,
YDL195W,691.6
YDL196W,
YDL197C,257.7
YDL198C,790.5
YDL199C,
YDL200C,
YDL201W,594.8
YDL202W,343.1
YDL203C,447.3
YDL204W,87.3
YDL205C,860.5
YDL206W,
YDL207W,494.4
YDL208W,603.9
YDL209C,483.3
YDL210W,
YDL211C,
YDL212W,539.2
YDL213C,470.5
YDL214C,
YDL215C,799.4
YDL216C,
YDL217C,786.0
YDL218W,
YDL219W,680.5
YDL220C,421.2
YDL221W,
YDL222C,
YDL223C,
YDL224C,189.2
YDL225W,604.0
YDL226C,620.3
YDL227C,
YDL228C,
YDL229W,578.6
YDL230W,720.9
YDL231C,
YDL232W,
YDL233W,
YDL234C,488.5
YDL235C,579.4
YDL236W,563.9
YDL237W,459.6
YDL238C,
YDL239C,
YDL240C-A,
YDL240W,382.5
YDL241W,
YDL242W,
YDL243C,
YDL244W,
YDL245C,
YDL246C,
YDL247W,
YDL247W-A,
YDL248W,
YDR001C,566.2
YDR002W,621.7
YDR003W,154.7
YDR003W-A,
YDR004W,
YDR005C,407.2
YDR006C,
YDR007W,822.2
YDR008C,
YDR009W,
YDR010C,
YDR011W,493.0
YDR012W,531.5
YDR013W,537.2
YDR014W,
YDR014W-A,
YDR015C,
YDR016C,303.9
YDR017C,351.0
YDR018C,
YDR019C,580.5
YDR020C,529.4
YDR021W,563.7
YDR022C,333.8
YDR023W,627.0
YDR024W,
YDR025W,531.8
YDR026C,
YDR027C,747.2
YDR028C,444.3
YDR029W,
YDR030C,
YDR031W,552.2
YDR032C,543.2
YDR033W,614.3
YDR034C,
YDR034CA,
YDR034C-A,
YDR034C-C,
YDR034C-D,
YDR034WB,
YDR034W-B,
YDR035W,924.8
YDR036C,448.3
YDR037W,728.9
YDR038C,
YDR039C,228.0
YDR040C,170.2
YDR041W,356.5
YDR042C,
YDR043C,
YDR044W,724.5
YDR045C,298.0
YDR046C,
YDR047W,2578.9
YDR048C,
YDR049W,567.2
YDR050C,672.2
YDR051C,539.4
YDR052C,375.3
YDR053W,
YDR054C,195.5
YDR055W,112.2
YDR056C,446.6
YDR057W,
YDR058C,
YDR059C,
YDR060W,489.0
YDR061W,836.5
YDR062W,516.2
YDR063W,1016.7
YDR064W,635.1
YDR065W,
YDR066C,
YDR067C,878.1
YDR068W,544.7
YDR069C,
YDR070C,
YDR071C,638.9
YDR072C,
YDR073W,
YDR074W,582.7
YDR075W,
YDR076W,
YDR077W,13.1
YDR078C,
YDR079C-A,375.5
YDR079W,
YDR080W,333.7
YDR081C,529.5
YDR082W,
YDR083W,450.4
YDR084C,479.9
YDR085C,
YDR086C,40.4
YDR087C,499.5
YDR088C,503.6
YDR089W,512.3
YDR090C,
YDR091C,570.8
YDR092W,
YDR093W,680.4
YDR094W,
YDR095C,
YDR096W,511.6
YDR097C,464.1
YDR098C,816.7
YDR098C-A,
YDR098C-B,
YDR099W,645.2
YDR100W,
YDR101C,546.6
YDR102C,
YDR103W,181.3
YDR104C,
YDR105C,
YDR106W,
YDR107C,380.1
YDR108W,601.4
YDR109C,489.0
YDR110W,464.4
YDR111C,317.4
YDR112W,
YDR113C,
YDR114C,
YDR115W,
YDR116C,495.7
YDR117C,559.7
YDR118W,
YDR118W-A,
YDR119W,422.9
YDR119W-A,
YDR120C,483.1
YDR121W,637.6
YDR122W,651.2
YDR123C,
YDR124W,
YDR125C,
YDR126W,
YDR127W,722.8
YDR128W,374.4
YDR129C,560.8
YDR130C,
YDR131C,
YDR132C,
YDR133C,
YDR134C,
YDR135C,700.3
YDR136C,
YDR137W,387.7
YDR138W,493.8
YDR139C,1435.0
YDR140W,473.8
YDR141C,653.8
YDR142C,
YDR143C,199.2
YDR144C,
YDR145W,511.5
YDR146C,26.8
YDR147W,347.3
YDR148C,530.6
YDR149C,
YDR150W,304.8
YDR151C,
YDR152W,685.3
YDR153C,418.6
YDR154C,
YDR155C,650.5
YDR156W,550.0
YDR157W,
YDR158W,1037.9
YDR159W,941.2
YDR160W,
YDR161W,649.4
YDR162C,633.1
YDR163W,154.6
YDR164C,637.6
YDR165W,566.8
YDR166C,360.5
YDR167W,591.8
YDR168W,704.1
YDR169C,297.4
YDR169C-A,
YDR170C,533.1
YDR170W-A,
YDR171W,1283.8
YDR172W,578.7
YDR173C,453.0
YDR174W,696.4
YDR175C,322.0
YDR176W,583.7
YDR177W,467.7
YDR178W,349.8
YDR179C,455.9
YDR179WA,
YDR179W-A,
YDR180W,366.0
YDR181C,617.4
YDR182W,283.8
YDR182W-A,
YDR183C-A,
YDR183W,460.4
YDR184C,20.6
YDR185C,58.3
YDR186C,121.9
YDR187C,
YDR188W,600.0
YDR189W,595.6
YDR190C,549.9
YDR191W,698.5
YDR192C,520.0
YDR193W,
YDR194C,416.3
YDR194W-A,
YDR195W,384.5
YDR196C,820.0
YDR197W,
YDR198C,477.3
YDR199W,
YDR200C,
YDR201W,480.5
YDR202C,470.4
YDR203W,
YDR204W,503.0
YDR205W,
YDR206W,483.5
YDR207C,612.7
YDR208W,213.3
YDR209C,
YDR210C-C,
YDR210C-D,
YDR210W,772.2
YDR210W-A,
YDR210W-B,
YDR211W,663.8
YDR212W,596.6
YDR213W,
YDR214W,1062.6
YDR215C,
YDR216W,152.8
YDR217C,104.6
YDR218C,
YDR219C,102.5
YDR220C,
YDR221W,346.9
YDR222W,117.6
YDR223W,
YDR224C,631.6
YDR225W,
YDR226W,730.2
YDR227W,266.6
YDR228C,443.0
YDR229W,284.3
YDR230W,
YDR231C,556.2
YDR232W,520.7
YDR233C,579.8
YDR234W,630.8
YDR235W,860.3
YDR236C,96.9
YDR237W,433.1
YDR238C,686.8
YDR239C,
YDR240C,
YDR241W,
YDR242W,
YDR243C,353.7
YDR244W,148.2
YDR245W,535.4
YDR246W,542.7
YDR246W-A,
YDR247W,113.2
YDR248C,634.3
YDR249C,
YDR250C,
YDR251W,489.9
YDR252W,
YDR253C,
YDR254W,
YDR255C,603.8
YDR256C,
YDR257C,544.3
YDR258C,2685.4
YDR259C,
YDR260C,
YDR261C,280.0
YDR261C-C,
YDR261C-D,
YDR261W-A,
YDR261W-B,
YDR262W,59.5
YDR263C,
YDR264C,602.6
YDR265W,619.8
YDR266C,467.4
YDR267C,577.9
YDR268W,586.4
YDR269C,
YDR270W,
YDR271C,
YDR272W,429.7
YDR273W,
YDR274C,
YDR275W,
YDR276C,
YDR277C,
YDR278C,
YDR279W,585.6
YDR280W,545.2
YDR281C,
YDR282C,
YDR283C,666.8
YDR284C,1724.5
YDR285W,
YDR286C,
YDR287W,487.9
YDR288W,430.0
YDR289C,504.8
YDR290W,
YDR291W,804.4
YDR292C,594.1
YDR293C,678.4
YDR294C,511.3
YDR295C,562.9
YDR296W,417.3
YDR297W,390.6
YDR298C,434.9
YDR299W,502.0
YDR300C,652.6
YDR301W,731.8
YDR302W,
YDR303C,551.3
YDR304C,642.9
YDR305C,561.2
YDR306C,
YDR307W,
YDR308C,316.7
YDR309C,30.1
YDR310C,545.9
YDR311W,489.1
YDR312W,589.3
YDR313C,119.1
YDR314C,
YDR315C,
YDR316W,462.5
YDR316W-A,
YDR316W-B,
YDR317W,
YDR318W,275.3
YDR319C,
YDR320C,574.7
YDR320C-A,
YDR320W-B,
YDR321W,650.9
YDR322CA,
YDR322C-A,407.7
YDR322W,552.4
YDR323C,522.6
YDR324C,632.7
YDR325W,300.7
YDR326C,152.8
YDR327W,
YDR328C,635.5
YDR329C,508.8
YDR330W,400.8
YDR331W,
YDR332W,800.7
YDR333C,578.1
YDR334W,461.2
YDR335W,
YDR336W,
YDR337W,429.5
YDR338C,
YDR339C,608.5
YDR340W,
YDR341C,625.5
YDR342C,76.0
YDR343C,76.0
YDR344C,
YDR345C,378.7
YDR346C,571.5
YDR347W,510.2
YDR348C,505.6
YDR349C,
YDR350C,
YDR351W,148.1
YDR352W,
YDR353W,464.1
YDR354C-A,
YDR354W,858.6
YDR355C,
YDR356W,390.0
YDR357C,
YDR358W,558.6
YDR359C,424.0
YDR360W,
YDR361C,633.3
YDR362C,550.2
YDR363W,739.4
YDR363WA,
YDR363W-A,475.8
YDR364C,
YDR365C,564.2
YDR365W-B,
YDR366C,
YDR367W,862.4
YDR368W,806.2
YDR369C,31.0
YDR370C,174.4
YDR371C-A,
YDR371W,391.3
YDR372C,571.4
YDR373W,264.4
YDR374C,
YDR374W-A,
YDR375C,337.9
YDR376W,549.7
YDR377W,374.0
YDR378C,
YDR379C-A,
YDR379W,413.6
YDR380W,
YDR381C-A,309.7
YDR381W,618.2
YDR382W,574.5
YDR383C,
YDR384C,56.3
YDR385W,593.3
YDR386W,
YDR387C,
YDR388W,592.0
YDR389W,328.9
YDR390C,547.2
YDR391C,437.4
YDR392W,503.8
YDR393W,
YDR394W,541.9
YDR395W,639.9
YDR396W,
YDR397C,412.6
YDR398W,521.0
YDR399W,738.3
YDR400W,682.8
YDR401W,
YDR402C,
YDR403W,
YDR404C,696.0
YDR405W,
YDR406W,485.2
YDR406W-A,
YDR407C,592.8
YDR408C,515.5
YDR409W,447.6
YDR410C,
YDR411C,339.1
YDR412W,421.2
YDR413C,
YDR414C,
YDR415C,290.2
YDR416W,477.6
YDR417C,
YDR418W,620.4
YDR419W,
YDR420W,
YDR421W,
YDR422C,328.8
YDR423C,
YDR424C,492.3
YDR425W,493.1
YDR426C,
YDR427W,732.9
YDR428C,263.0
YDR429C,688.8
YDR430C,636.7
YDR431W,
YDR432W,595.1
YDR433W,
YDR434W,680.8
YDR435C,778.2
YDR436W,359.2
YDR437W,
YDR438W,
YDR439W,482.6
YDR440W,369.9
YDR441C,
YDR442W,
YDR443C,449.8
YDR444W,
YDR445C,
YDR446W,
YDR447C,575.0
YDR448W,
YDR449C,513.2
YDR450W,640.5
YDR451C,1293.4
YDR452W,323.9
YDR453C,281.6
YDR454C,640.2
YDR455C,
YDR456W,
YDR457W,472.8
YDR458C,494.3
YDR459C,
YDR460W,583.8
YDR461C-A,97.1
YDR461W,
YDR462W,
YDR463W,
YDR464C-A,
YDR464W,209.2
YDR465C,424.5
YDR466W,469.7
YDR467C,
YDR468C,448.4
YDR469W,531.7
YDR470C,
YDR471W,551.3
YDR472W,636.7
YDR473C,879.6
YDR474C,
YDR475C,
YDR476C,684.5
YDR477W,550.9
YDR478W,756.9
YDR479C,
YDR480W,531.4
YDR481C,530.7
YDR482C,
YDR483W,226.5
YDR484W,669.8
YDR485C,1622.3
YDR486C,
YDR487C,
YDR488C,
YDR489W,566.3
YDR490C,597.4
YDR491C,
YDR492W,144.1
YDR493W,533.8
YDR494W,271.0
YDR495C,601.7
YDR496C,608.9
YDR497C,22.1
YDR498C,647.5
YDR499W,470.4
YDR500C,564.1
YDR501W,
YDR502C,607.0
YDR503C,444.9
YDR504C,
YDR505C,297.7
YDR506C,
YDR507C,159.4
YDR508C,170.2
YDR509W,
YDR510C-A,
YDR510W,577.7
YDR511W,336.2
YDR512C,
YDR513W,454.7
YDR514C,
YDR515W,629.7
YDR516C,630.9
YDR517W,749.3
YDR518W,1184.3
YDR519W,301.4
YDR520C,
YDR521W,
YDR522C,
YDR523C,
YDR524C,353.5
YDR524C-A,
YDR524C-B,
YDR524W-C,
YDR525W,
YDR525WA,
YDR525W-A,
YDR526C,
YDR527W,564.8
YDR528W,
YDR529C,10.4
YDR530C,789.4
YDR531W,618.1
YDR532C,340.2
YDR533C,1870.0
YDR534C,
YDR535C,
YDR536W,
YDR537C,
YDR538W,
YDR539W,672.3
YDR540C,160.4
YDR541C,539.1
YDR542W,
YDR543C,
YDR544C,
YDR545C-A,
YDR545W,83.8
YEL001C,470.9
YEL002C,598.8
YEL003W,572.6
YEL004W,
YEL005C,
YEL006W,
YEL007W,321.3
YEL008C-A,
YEL008W,
YEL009C,
YEL009C-A,
YEL010W,
YEL011W,718.5
YEL012W,
YEL013W,610.8
YEL014C,
YEL015W,641.6
YEL016C,
YEL017CA,
YEL017C-A,
YEL017W,3270.1
YEL018C-A,
YEL018W,611.2
YEL019C,686.7
YEL020C,673.8
YEL020C-B,
YEL020WA,
YEL020W-A,505.8
YEL021W,
YEL022W,578.1
YEL023C,
YEL024W,316.9
YEL025C,
YEL026W,567.9
YEL027W,
YEL028W,
YEL029C,742.8
YEL030C-A,
YEL030W,
YEL031W,701.4
YEL032C-A,
YEL032W,352.8
YEL033W,
YEL034C-A,
YEL034W,546.0
YEL035C,
YEL036C,584.6
YEL037C,506.5
YEL038W,823.2
YEL039C,
YEL040W,175.5
YEL041W,
YEL042W,292.0
YEL043W,377.5
YEL044W,635.2
YEL045C,
YEL046C,429.4
YEL047C,693.5
YEL048C,371.0
YEL049W,
YEL050C,403.1
YEL050W-A,
YEL051W,740.7
YEL052W,310.1
YEL053C,
YEL053W-A,
YEL054C,620.4
YEL055C,623.9
YEL056W,546.6
YEL057C,
YEL058W,656.3
YEL059CA,
YEL059C-A,580.4
YEL059W,
YEL060C,1156.8
YEL061C,79.0
YEL062W,467.8
YEL063C,81.2
YEL064C,
YEL065W,
YEL066W,470.8
YEL067C,
YEL068C,
YEL069C,
YEL070W,
YEL071W,930.3
YEL072W,
YEL073C,
YEL074W,
YEL075C,83.8
YEL075W-A,
YEL076C,83.8
YEL076C-A,83.8
YEL076W-C,
YEL077C,83.8
YEL077W-A,
YER001W,153.4
YER002W,366.1
YER003C,793.3
YER004W,611.2
YER005W,596.3
YER006C-A,
YER006W,430.3
YER007CA,
YER007C-A,645.0
YER007W,463.1
YER008C,694.4
YER009W,533.4
YER010C,603.4
YER011W,
YER012W,759.4
YER013W,315.1
YER014C-A,
YER014W,499.6
YER015W,
YER016W,732.3
YER017C,385.2
YER018C,
YER019CA,
YER019C-A,360.3
YER019W,839.1
YER020W,541.8
YER021W,581.6
YER022W,550.7
YER023C-A,
YER023W,599.8
YER024W,
YER025W,541.3
YER026C,
YER027C,459.6
YER028C,
YER029C,665.0
YER030W,608.6
YER031C,579.9
YER032W,55.9
YER033C,
YER034W,440.2
YER035W,
YER036C,571.1
YER037W,
YER038C,
YER038W-A,
YER039C,
YER039CA,
YER039C-A,
YER040W,340.5
YER041W,
YER042W,613.6
YER043C,484.7
YER044C,1392.2
YER044CA,
YER044C-A,
YER045C,
YER046W,
YER046W-A,
YER047C,444.8
YER048C,554.2
YER048WA,
YER048W-A,403.3
YER049W,533.9
YER050C,210.8
YER051W,237.8
YER052C,976.5
YER053C,623.8
YER053C-A,
YER054C,
YER055C,1023.3
YER056C,53.3
YER056CA,
YER056C-A,
YER057C,551.4
YER058W,439.6
YER059W,338.0
YER060W,
YER060w-A,
YER060W-A,
YER061C,419.4
YER062C,711.4
YER063W,631.5
YER064C,
YER065C,62.1
YER066C-A,
YER066W,
YER067C-A,
YER067W,449.2
YER068C-A,
YER068W,519.9
YER069W,2659.9
YER070W,234.9
YER071C,815.9
YER072W,579.2
YER073W,739.6
YER074W,685.4
YER074W-A,
YER075C,234.5
YER076C,
YER076W-A,
YER077C,214.4
YER078C,448.3
YER078W-A,
YER079C-A,
YER079W,233.0
YER080W,527.4
YER081W,1005.9
YER082C,478.3
YER083C,519.7
YER084W,
YER084W-A,
YER085C,
YER086W,491.0
YER087C-A,
YER087C-B,656.9
YER087W,364.7
YER088C,178.5
YER088C-A,
YER088W-B,
YER089C,497.2
YER090C-A,
YER090W,632.5
YER091C,450.7
YER091C-A,
YER092W,380.5
YER093C,
YER093CA,
YER093C-A,
YER094C,525.6
YER095W,205.7
YER096W,
YER097W,
YER098W,
YER099C,647.0
YER100W,83.1
YER101C,647.4
YER102W,586.1
YER103W,
YER104W,
YER105C,605.7
YER106W,
YER107C,628.1
YER107W-A,
YER108C,
YER109C,
YER110C,559.4
YER111C,343.9
YER112W,613.9
YER113C,547.5
YER114C,341.9
YER115C,
YER116C,
YER117W,1145.7
YER118C,
YER119C,
YER119CA,
YER119C-A,
YER120W,642.5
YER121W,
YER122C,553.3
YER123W,
YER124C,
YER125W,465.3
YER126C,181.3
YER127W,657.3
YER128W,307.6
YER129W,2823.0
YER130C,
YER131W,674.6
YER132C,567.5
YER133W,942.7
YER133W-A,
YER134C,558.9
YER135C,
YER136W,660.3
YER137C,508.1
YER137W-A,
YER138C,
YER138WA,
YER138W-A,
YER139C,346.5
YER140W,
YER141W,1949.7
YER142C,
YER143W,371.9
YER144C,
YER145C,304.6
YER145C-A,
YER146W,566.3
YER147C,1083.7
YER147C-A,
YER148W,285.4
YER148W-A,
YER149C,569.6
YER150W,
YER151C,619.4
YER152C,1092.9
YER152W-A,
YER153C,
YER154W,674.6
YER155C,409.0
YER156C,694.9
YER157W,590.2
YER158C,
YER158W-A,
YER159C,417.9
YER160C,
YER161C,290.2
YER162C,86.2
YER163C,604.6
YER164W,
YER165C-A,
YER165W,578.2
YER166W,562.1
YER167W,141.9
YER168C,561.9
YER169W,396.7
YER170W,167.8
YER171W,501.6
YER172C,452.5
YER172C-A,
YER173W,
YER174C,593.2
YER175C,
YER175W-A,
YER176W,725.7
YER177W,696.5
YER178W,517.6
YER179W,
YER180C,
YER180C-A,330.7
YER181C,
YER182W,585.6
YER183C,596.6
YER184C,
YER185W,
YER186C,
YER187W,
YER188C-A,
YER188W,
YER189W,83.8
YER190C-A,
YER190C-B,
YER190W,83.8
YFL001W,496.8
YFL002C,445.4
YFL002W-A,
YFL002W-B,
YFL003C,
YFL004W,612.6
YFL005W,591.5
YFL006W,
YFL007W,350.5
YFL008W,515.1
YFL009W,60.6
YFL010C,452.8
YFL010W-A,
YFL011W,
YFL011W-A,
YFL012W,
YFL012W-A,
YFL013C,493.7
YFL013W-A,
YFL014W,543.7
YFL015C,
YFL015W-A,
YFL016C,707.1
YFL017C,628.6
YFL017WA,
YFL017W-A,527.4
YFL018C,598.5
YFL018W-A,
YFL019C,
YFL020C,
YFL021C-A,
YFL021W,170.3
YFL022C,738.8
YFL023W,476.0
YFL024C,478.7
YFL025C,
YFL026W,
YFL027C,454.8
YFL028C,640.7
YFL029C,1013.6
YFL030W,
YFL031C-A,
YFL031W,
YFL032W,
YFL033C,331.7
YFL034CA,
YFL034C-A,590.8
YFL034CB,
YFL034C-B,343.1
YFL034W,491.6
YFL035C,
YFL035C-A,
YFL035C-B,
YFL036W,169.4
YFL037W,667.0
YFL038C,656.0
YFL039C,625.5
YFL040W,
YFL041W,339.8
YFL041W-A,
YFL042C,326.2
YFL043C,
YFL044C,428.6
YFL045C,648.8
YFL046W,463.8
YFL047W,468.5
YFL048C,432.5
YFL049W,499.8
YFL050C,302.6
YFL051C,
YFL052W,
YFL053W,
YFL054C,
YFL055W,
YFL056C,
YFL057C,
YFL058W,
YFL059W,
YFL060C,
YFL061W,
YFL062W,
YFL063W,
YFL064C,83.8
YFL065C,83.8
YFL066C,83.8
YFL067W,
YFL068W,
YFL-TYA,
YFL-TYB,
YFR001W,566.9
YFR002W,613.6
YFR003C,
YFR004W,615.0
YFR005C,422.0
YFR006W,633.0
YFR007W,645.4
YFR008W,486.8
YFR009W,623.3
YFR009W-A,
YFR010W,554.0
YFR010W-A,
YFR011C,315.4
YFR012W,
YFR012W-A,
YFR013W,
YFR014C,524.7
YFR015C,5118.1
YFR016C,528.4
YFR017C,
YFR018C,
YFR019W,406.0
YFR020W,
YFR021W,599.6
YFR022W,
YFR023W,
YFR024C,
YFR024CA,
YFR024C-A,776.4
YFR025C,567.5
YFR026C,
YFR027W,
YFR028C,524.3
YFR029W,260.3
YFR030W,472.8
YFR031C,
YFR031CA,
YFR031C-A,583.6
YFR032C,
YFR032CA,
YFR032C-A,729.1
YFR032C-B,
YFR033C,842.5
YFR034C,171.7
YFR034W-A,
YFR035C,
YFR036W,236.0
YFR036W-A,
YFR037C,591.6
YFR038W,232.3
YFR039C,326.3
YFR040W,522.3
YFR041C,458.2
YFR042W,
YFR043C,340.7
YFR044C,647.2
YFR045W,
YFR046C,
YFR047C,516.2
YFR048W,
YFR049W,300.0
YFR050C,742.9
YFR051C,745.2
YFR052C-A,
YFR052W,657.0
YFR053C,681.9
YFR054C,
YFR055W,
YFR056C,
YFR057W,
YGL001C,723.2
YGL002W,335.7
YGL003C,
YGL004C,334.9
YGL005C,572.0
YGL006W,360.1
YGL006W-A,
YGL007C-A,
YGL007W,
YGL008C,328.1
YGL009C,1384.7
YGL010W,
YGL011C,636.9
YGL012W,721.1
YGL013C,684.3
YGL014C-A,
YGL014W,597.0
YGL015C,
YGL016W,542.5
YGL017W,241.3
YGL018C,853.8
YGL019W,712.1
YGL020C,486.4
YGL021W,65.7
YGL022W,501.3
YGL023C,569.5
YGL024W,
YGL025C,410.2
YGL026C,843.9
YGL027C,370.8
YGL028C,188.5
YGL029W,258.2
YGL030W,605.3
YGL031C,595.6
YGL032C,
YGL033W,
YGL034C,
YGL035C,222.8
YGL036W,237.1
YGL037C,1025.1
YGL038C,220.7
YGL039W,2543.9
YGL040C,999.5
YGL041C,
YGL041C-B,
YGL041W-A,499.8
YGL042C,
YGL043W,568.7
YGL044C,
YGL045W,
YGL046W,
YGL047W,629.0
YGL048C,713.7
YGL049C,702.4
YGL050W,550.0
YGL051W,398.6
YGL052W,
YGL053W,209.2
YGL054C,
YGL055W,390.3
YGL056C,495.8
YGL057C,227.7
YGL058W,
YGL059W,
YGL060W,570.9
YGL061C,419.2
YGL062W,635.4
YGL063C-A,
YGL063W,
YGL064C,438.7
YGL065C,535.9
YGL066W,287.9
YGL067W,836.9
YGL068W,524.1
YGL069C,
YGL070C,
YGL071W,
YGL072C,
YGL073W,626.7
YGL074C,
YGL075C,310.0
YGL076C,577.8
YGL077C,120.0
YGL078C,505.1
YGL079W,
YGL080W,326.1
YGL081W,
YGL082W,644.5
YGL083W,501.2
YGL084C,
YGL085W,
YGL086W,553.0
YGL087C,629.7
YGL088W,
YGL089C,
YGL090W,
YGL091C,375.1
YGL092W,542.7
YGL093W,351.4
YGL094C,648.4
YGL095C,439.9
YGL096W,
YGL097W,606.5
YGL098W,353.4
YGL099W,613.2
YGL100W,573.8
YGL101W,466.7
YGL102C,
YGL103W,604.6
YGL104C,
YGL105W,637.9
YGL106W,568.6
YGL107C,
YGL108C,571.6
YGL109W,
YGL110C,607.5
YGL111W,526.7
YGL112C,522.1
YGL113W,
YGL114W,
YGL115W,695.2
YGL116W,
YGL117W,1081.2
YGL118C,
YGL119W,576.0
YGL120C,554.0
YGL121C,
YGL122C,551.9
YGL123C-A,
YGL123W,615.6
YGL124C,642.0
YGL125W,568.9
YGL126W,
YGL127C,
YGL128C,
YGL129C,333.1
YGL130W,641.4
YGL131C,
YGL132W,
YGL133W,532.0
YGL134W,
YGL135W,607.6
YGL136C,
YGL137W,626.2
YGL138C,
YGL139W,306.7
YGL140C,
YGL141W,485.9
YGL142C,
YGL143C,825.9
YGL144C,414.5
YGL145W,539.6
YGL146C,
YGL147C,638.2
YGL148W,704.7
YGL149W,
YGL150C,410.3
YGL151W,609.0
YGL152C,
YGL153W,402.8
YGL154C,755.5
YGL155W,599.3
YGL156W,
YGL157W,593.1
YGL158W,
YGL159W,626.0
YGL160W,
YGL161C,659.3
YGL162W,
YGL163C,
YGL164C,585.7
YGL165C,
YGL166W,
YGL167C,612.3
YGL168W,
YGL169W,760.2
YGL170C,
YGL171W,402.0
YGL172W,739.1
YGL173C,662.0
YGL174W,389.0
YGL175C,
YGL176C,
YGL177W,
YGL178W,176.8
YGL179C,
YGL180W,2007.2
YGL181W,414.3
YGL182C,
YGL183C,
YGL184C,
YGL185C,956.6
YGL186C,
YGL187C,315.9
YGL188C,
YGL188C-A,
YGL189C,613.4
YGL190C,528.0
YGL191W,136.9
YGL192W,
YGL193C,
YGL194C,271.9
YGL194C-A,
YGL195W,653.3
YGL196W,809.3
YGL197W,444.6
YGL198W,
YGL199C,
YGL200C,767.0
YGL201C,517.1
YGL202W,752.8
YGL203C,237.8
YGL204C,
YGL205W,
YGL206C,624.6
YGL207W,859.1
YGL208W,666.3
YGL209W,
YGL210W,616.9
YGL211W,851.6
YGL212W,88538.2
YGL213C,627.4
YGL214W,
YGL215W,
YGL216W,301.6
YGL217C,
YGL218W,
YGL219C,32.1
YGL220W,570.1
YGL221C,600.7
YGL222C,81.8
YGL223C,467.8
YGL224C,701.5
YGL225W,278.0
YGL226CA,
YGL226C-A,368.8
YGL226W,
YGL227W,494.1
YGL228W,487.8
YGL229C,
YGL230C,
YGL231C,529.2
YGL232W,605.5
YGL233W,569.4
YGL234W,574.0
YGL235W,
YGL236C,495.8
YGL237C,308.1
YGL238W,572.2
YGL239C,
YGL240W,
YGL241W,541.3
YGL242C,1313.0
YGL243W,148.7
YGL244W,293.2
YGL245W,652.5
YGL246C,687.6
YGL247W,
YGL248W,
YGL249W,
YGL250W,
YGL251C,
YGL252C,677.8
YGL253W,1069.2
YGL254W,404.0
YGL255W,
YGL256W,
YGL257C,
YGL258W,
YGL258W-A,
YGL259W,
YGL260W,
YGL261C,
YGL262W,
YGL263W,
YGR001C,614.6
YGR002C,407.7
YGR003W,1466.9
YGR004W,
YGR005C,534.9
YGR006W,604.3
YGR007W,764.8
YGR008C,221.2
YGR009C,456.6
YGR010W,640.7
YGR011W,
YGR012W,693.2
YGR013W,453.1
YGR014W,
YGR015C,
YGR016W,
YGR017W,628.1
YGR018C,
YGR019W,555.4
YGR020C,638.7
YGR021W,530.4
YGR022C,
YGR023W,
YGR024C,386.0
YGR025W,
YGR026W,355.1
YGR027C,
YGR027W-A,
YGR027W-B,
YGR028W,260.9
YGR029W,499.2
YGR030C,504.6
YGR031C-A,
YGR031W,821.4
YGR032W,214.4
YGR033C,440.4
YGR034W,630.9
YGR035C,
YGR035W-A,
YGR036C,
YGR037C,733.0
YGR038C-A,
YGR038C-B,
YGR038W,425.6
YGR039W,
YGR040W,497.8
YGR041W,349.1
YGR042W,280.6
YGR043C,1826.9
YGR044C,56.9
YGR045C,
YGR046W,50.2
YGR047C,440.9
YGR048W,573.4
YGR049W,657.3
YGR050C,
YGR051C,
YGR052W,
YGR053C,
YGR054W,637.9
YGR055W,34.2
YGR056W,
YGR057C,440.2
YGR058W,286.1
YGR059W,
YGR060W,163.3
YGR061C,554.5
YGR062C,673.7
YGR063C,
YGR064W,
YGR065C,
YGR066C,
YGR067C,
YGR068C,529.4
YGR068W-A,
YGR069W,
YGR070W,
YGR071C,
YGR072W,525.0
YGR073C,
YGR074W,
YGR075C,446.3
YGR076C,325.9
YGR077C,
YGR078C,578.5
YGR079W,
YGR080W,698.1
YGR081C,237.7
YGR082W,558.6
YGR083C,590.8
YGR084C,375.9
YGR085C,619.3
YGR086C,381.6
YGR087C,
YGR088W,6525.3
YGR089W,354.7
YGR090W,677.4
YGR091W,418.3
YGR092W,347.8
YGR093W,489.7
YGR094W,726.9
YGR095C,585.7
YGR096W,
YGR097W,517.7
YGR098C,
YGR099W,525.4
YGR100W,774.3
YGR101W,
YGR102C,251.0
YGR103W,494.6
YGR104C,
YGR105W,
YGR106C,54.0
YGR107W,
YGR108W,
YGR109C,
YGR109W-A,
YGR109W-B,
YGR110W,
YGR111W,14.3
YGR112W,
YGR113W,533.4
YGR114C,
YGR115C,
YGR116W,587.1
YGR117C,498.0
YGR118W,615.3
YGR119C,684.3
YGR120C,454.7
YGR121C,
YGR121W-A,
YGR122C-A,
YGR122W,541.1
YGR123C,521.0
YGR124W,632.3
YGR125W,2438.9
YGR126W,441.8
YGR127W,729.0
YGR128C,510.7
YGR129W,351.7
YGR130C,294.1
YGR131W,
YGR132C,527.8
YGR133W,
YGR134W,523.1
YGR135W,575.1
YGR136W,249.0
YGR137W,
YGR138C,300.7
YGR139W,
YGR140W,708.9
YGR141W,108.8
YGR142W,
YGR143W,
YGR144W,
YGR145W,389.1
YGR146C,
YGR146C-A,
YGR147C,532.2
YGR148C,565.0
YGR149W,
YGR150C,410.7
YGR151C,
YGR152C,532.1
YGR153W,
YGR154C,
YGR155W,616.6
YGR156W,483.7
YGR157W,452.7
YGR158C,600.0
YGR159C,498.3
YGR160W,
YGR161C,
YGR161C-D,
YGR161W-A,
YGR161W-B,
YGR161W-C,
YGR162W,541.5
YGR163W,519.8
YGR164W,
YGR165W,365.0
YGR166W,501.3
YGR167W,587.7
YGR168C,
YGR169C,
YGR169C-A,462.7
YGR170W,
YGR171C,884.1
YGR172C,
YGR173W,479.7
YGR174C,599.5
YGR174W-A,
YGR175C,83.3
YGR176W,
YGR177C,19750.7
YGR178C,231.7
YGR179C,1748.6
YGR180C,735.2
YGR181W,495.9
YGR182C,
YGR183C,265.4
YGR184C,359.3
YGR185C,638.2
YGR186W,441.5
YGR187C,748.8
YGR188C,
YGR189C,192.4
YGR190C,
YGR191W,95.9
YGR192C,769.3
YGR193C,541.7
YGR194C,602.9
YGR195W,614.3
YGR196C,
YGR197C,
YGR198W,569.5
YGR199W,10128.2
YGR200C,547.7
YGR201C,1717.6
YGR202C,543.9
YGR203W,615.3
YGR204C-A,
YGR204W,794.3
YGR205W,461.8
YGR206W,
YGR207C,458.5
YGR208W,641.7
YGR209C,494.9
YGR210C,577.3
YGR211W,669.8
YGR212W,
YGR213C,
YGR214W,
YGR215W,275.7
YGR216C,
YGR217W,
YGR218W,724.7
YGR219W,
YGR220C,473.8
YGR221C,
YGR222W,420.2
YGR223C,572.7
YGR224W,
YGR225W,
YGR226C,
YGR227W,
YGR228W,
YGR229C,448.0
YGR230W,
YGR231C,426.1
YGR232W,640.5
YGR233C,550.5
YGR234W,1022.3
YGR235C,207.8
YGR236C,
YGR237C,422.9
YGR238C,
YGR239C,
YGR240C,766.0
YGR240C-A,
YGR241C,366.0
YGR242W,
YGR243W,70.2
YGR244C,409.5
YGR245C,273.1
YGR246C,130.3
YGR247W,
YGR248W,763.6
YGR249W,
YGR250C,285.5
YGR251W,289.0
YGR252W,458.6
YGR253C,682.6
YGR254W,
YGR255C,428.4
YGR256W,
YGR257C,456.8
YGR258C,265.7
YGR259C,
YGR260W,92.4
YGR261C,570.7
YGR262C,680.2
YGR263C,549.4
YGR264C,623.2
YGR265W,
YGR266W,453.6
YGR267C,844.5
YGR268C,491.2
YGR269W,
YGR270C-A,
YGR270W,574.5
YGR271C-A,423.7
YGR271W,563.5
YGR272C,
YGR273C,
YGR274C,764.6
YGR275W,441.6
YGR276C,359.9
YGR277C,724.4
YGR278W,1624.0
YGR279C,187.3
YGR280C,243.1
YGR281W,622.4
YGR282C,487.9
YGR283C,696.1
YGR284C,554.6
YGR285C,596.4
YGR286C,533.9
YGR287C,442.6
YGR288W,
YGR289C,
YGR290W,
YGR291C,
YGR292W,
YGR293C,
YGR294W,
YGR295C,
YGR296C-A,
YGR296C-B,
YGR296W,83.8
YHL001W,633.9
YHL002C-A,
YHL002W,260.8
YHL003C,893.0
YHL004W,273.4
YHL005C,
YHL006C,
YHL006W-A,
YHL007C,554.8
YHL008C,
YHL009C,172.1
YHL009W-A,
YHL009W-B,
YHL010C,599.6
YHL011C,728.5
YHL012W,738.8
YHL013C,634.0
YHL014C,518.1
YHL015W,607.8
YHL015W-A,
YHL016C,
YHL017W,2264.9
YHL018W,
YHL019C,
YHL019W-A,
YHL020C,177.5
YHL021C,688.2
YHL022C,
YHL023C,575.7
YHL024W,
YHL025W,578.5
YHL026C,
YHL027W,42.8
YHL028W,
YHL029C,415.4
YHL030W,782.9
YHL030W-A,
YHL031C,539.4
YHL032C,
YHL033C,557.1
YHL034C,702.5
YHL034W-A,
YHL035C,
YHL036W,
YHL037C,
YHL038C,677.1
YHL039W,508.4
YHL040C,
YHL041W,
YHL042W,
YHL043W,
YHL044W,
YHL045W,
YHL046C,
YHL046W-A,
YHL047C,
YHL048C-A,
YHL048W,107.5
YHL049C,83.8
YHL050C,83.8
YHL050W-A,
YHR001W,484.3
YHR001WA,
YHR001W-A,153.3
YHR002W,
YHR003C,587.4
YHR004C,
YHR005C,402.1
YHR005CA,
YHR005C-A,197.1
YHR006W,
YHR007C,158.7
YHR007C-A,
YHR008C,465.3
YHR009C,517.8
YHR010W,551.3
YHR011W,448.0
YHR012W,651.7
YHR013C,567.7
YHR014W,
YHR015W,
YHR016C,480.9
YHR017W,452.0
YHR018C,1493.5
YHR019C,655.9
YHR020W,727.6
YHR021C,
YHR021WA,
YHR021W-A,
YHR022C,
YHR022C-A,
YHR023W,
YHR024C,544.6
YHR025W,742.2
YHR026W,827.0
YHR027C,571.5
YHR028C,541.5
YHR028W-A,
YHR029C,1456.0
YHR030C,997.0
YHR031C,
YHR032C-A,
YHR032W,
YHR032W-A,
YHR033W,
YHR034C,492.5
YHR035W,
YHR036W,262.8
YHR037W,444.2
YHR038W,509.0
YHR039C,602.0
YHR039CA,
YHR039C-A,574.4
YHR039C-B,
YHR040W,512.1
YHR041C,
YHR042W,599.2
YHR043C,2152.8
YHR044C,
YHR045W,647.5
YHR046C,608.9
YHR047C,1161.9
YHR048W,
YHR049CA,
YHR049C-A,
YHR049W,808.2
YHR050W,110.4
YHR050W-A,
YHR051W,313.2
YHR052W,555.2
YHR052W-A,
YHR053C,452.6
YHR054C,567.6
YHR054W-A,
YHR055C,452.6
YHR056C,567.6
YHR056W-A,
YHR057C,53.9
YHR058C,582.9
YHR059W,380.4
YHR060W,
YHR061C,
YHR062C,521.6
YHR063C,708.6
YHR063W-A,
YHR064C,588.3
YHR065C,472.3
YHR066W,533.7
YHR067W,
YHR068W,655.8
YHR069C,592.2
YHR069C-A,
YHR070C-A,
YHR070W,619.8
YHR071C-A,
YHR071W,
YHR072W,710.9
YHR072W-A,478.1
YHR073C-B,
YHR073W,1038.9
YHR073W-A,
YHR074W,595.5
YHR075C,
YHR076W,558.8
YHR077C,1152.0
YHR078W,229.2
YHR079C,684.6
YHR079C-A,
YHR079C-B,
YHR080C,
YHR081W,427.4
YHR082C,187.9
YHR083W,455.9
YHR084W,288.7
YHR085W,556.9
YHR086W,283.4
YHR086W-A,
YHR087W,1126.2
YHR088W,265.6
YHR089C,545.1
YHR090C,110.0
YHR091C,
YHR092C,
YHR093W,
YHR094C,198.2
YHR095W,
YHR096C,
YHR097C,235.3
YHR098C,615.6
YHR099W,501.7
YHR100C,290.3
YHR101C,
YHR102W,458.5
YHR103W,140.1
YHR104W,1078.8
YHR105W,
YHR106W,518.8
YHR107C,669.9
YHR108W,581.8
YHR109W,
YHR110W,421.5
YHR111W,665.0
YHR112C,970.7
YHR113W,662.7
YHR114W,586.5
YHR115C,73.8
YHR116W,258.3
YHR117W,590.6
YHR118C,303.0
YHR119W,277.5
YHR120W,316.8
YHR121W,553.9
YHR122W,296.1
YHR123W,
YHR124W,
YHR125W,
YHR126C,
YHR127W,541.0
YHR128W,2193.9
YHR129C,
YHR130C,
YHR131C,
YHR131W-A,
YHR132C,230.0
YHR132W-A,363.4
YHR133C,349.8
YHR134W,
YHR135C,286.7
YHR136C,
YHR137C-A,
YHR137W,
YHR138C,158.5
YHR139C,
YHR139C-A,
YHR140W,
YHR141C,606.6
YHR142W,159.4
YHR143W,
YHR143WA,
YHR143W-A,477.2
YHR144C,707.4
YHR145C,
YHR146W,481.7
YHR147C,302.5
YHR148W,484.4
YHR149C,168.0
YHR150W,
YHR151C,
YHR152W,27.9
YHR153C,
YHR154W,441.1
YHR155W,524.9
YHR156C,
YHR157W,
YHR158C,492.9
YHR159W,449.5
YHR160C,
YHR161C,218.1
YHR162W,70.2
YHR163W,648.0
YHR164C,290.9
YHR165C,380.9
YHR165W-A,
YHR166C,390.5
YHR167W,785.0
YHR168W,
YHR169W,558.2
YHR170W,556.4
YHR171W,573.6
YHR172W,
YHR173C,
YHR174W,962.0
YHR175W,58.1
YHR175W-A,
YHR176W,
YHR177W,
YHR178W,
YHR179W,1306.1
YHR180C-B,
YHR180W,
YHR180W-A,
YHR181W,675.6
YHR182C-A,
YHR182W,425.3
YHR183W,1114.3
YHR184W,
YHR185C,
YHR186C,943.3
YHR187W,954.6
YHR188C,550.1
YHR189W,
YHR190W,613.4
YHR191C,532.5
YHR192W,632.6
YHR193C,603.3
YHR193C-A,
YHR194W,
YHR195W,130.0
YHR196W,603.4
YHR197W,499.8
YHR198C,700.2
YHR199C,544.9
YHR199C-A,392.4
YHR200W,934.7
YHR201C,602.5
YHR202W,261.2
YHR203C,591.7
YHR204W,
YHR205W,302.6
YHR206W,297.6
YHR207C,660.0
YHR208W,993.9
YHR209W,3035.2
YHR210C,
YHR211W,
YHR212C,
YHR212W-A,
YHR213W,
YHR213W-A,
YHR213W-B,
YHR214C-B,
YHR214C-C,
YHR214C-D,
YHR214C-E,
YHR214W,
YHR214WA,
YHR214W-A,
YHR215W,
YHR216W,875.2
YHR217C,
YHR218W,83.8
YHR218W-A,
YHR219C-A,
YHR219W,83.8
YIL001W,
YIL002C,
YIL002W-A,264.3
YIL003W,275.7
YIL004C,
YIL005W,280.7
YIL006W,
YIL007C,396.7
YIL008W,
YIL009C-A,
YIL009W,477.0
YIL010W,379.5
YIL011W,
YIL012W,
YIL013C,
YIL014C-A,
YIL014W,343.1
YIL015C-A,
YIL015W,
YIL016W,510.7
YIL017C,263.4
YIL017W,
YIL018W,583.6
YIL019W,151.9
YIL020C,720.3
YIL020C-A,
YIL021C-A,
YIL021W,648.8
YIL022W,555.0
YIL023C,
YIL024C,
YIL025C,
YIL026C,620.9
YIL027C,564.5
YIL028W,
YIL029C,
YIL029W-A,
YIL030C,592.3
YIL030W-A,
YIL031W,
YIL032C,
YIL033C,623.0
YIL034C,614.2
YIL035C,633.6
YIL036W,352.3
YIL037C,
YIL038C,485.6
YIL039W,529.2
YIL040W,1040.9
YIL041W,601.3
YIL042C,
YIL043C,564.8
YIL044C,441.1
YIL045W,
YIL046W,504.4
YIL046W-A,
YIL047C,
YIL047C-A,
YIL048W,1191.4
YIL049W,
YIL050W,
YIL051C,694.0
YIL052C,973.0
YIL053W,877.0
YIL054W,
YIL055C,133.0
YIL056W,196.0
YIL057C,
YIL058W,
YIL059C,
YIL060W,
YIL061C,
YIL062C,728.9
YIL063C,531.6
YIL064W,367.1
YIL065C,546.1
YIL066C,
YIL066W-A,
YIL067C,
YIL068C,796.6
YIL068W-A,
YIL069C,685.4
YIL070C,612.1
YIL071C,
YIL071W-A,
YIL072W,
YIL073C,
YIL074C,932.2
YIL075C,589.9
YIL076W,589.6
YIL077C,487.7
YIL078W,591.9
YIL079C,374.5
YIL080W,
YIL082W,629.8
YIL082WA,
YIL082W-A,
YIL083C,487.0
YIL084C,
YIL085C,349.7
YIL086C,
YIL087C,
YIL088C,368.9
YIL089W,
YIL090W,
YIL091C,588.0
YIL092W,
YIL093C,359.9
YIL094C,745.7
YIL095W,267.6
YIL096C,480.9
YIL097W,453.0
YIL098C,
YIL099W,
YIL100C-A,
YIL100W,
YIL101C,
YIL102C,
YIL102C-A,
YIL103W,514.5
YIL104C,452.8
YIL105C,334.0
YIL105W-A,
YIL106W,570.6
YIL107C,435.4
YIL108W,863.3
YIL109C,813.0
YIL110W,692.7
YIL111W,265.9
YIL112W,165.0
YIL113W,
YIL114C,252.5
YIL115C,584.2
YIL115W-A,
YIL116W,773.9
YIL117C,129.0
YIL118W,969.3
YIL119C,119.3
YIL120W,
YIL121W,
YIL122W,
YIL123W,30.9
YIL124W,478.3
YIL125W,515.8
YIL126W,471.4
YIL127C,248.1
YIL128W,509.0
YIL129C,452.4
YIL130W,399.8
YIL131C,244.0
YIL132C,
YIL133C,575.6
YIL134C-A,
YIL134W,
YIL135C,106.9
YIL136W,390.9
YIL137C,766.5
YIL138C,650.1
YIL139C,
YIL140W,102.5
YIL141W,
YIL142C-A,
YIL142W,677.6
YIL143C,333.8
YIL144W,188.6
YIL145C,569.6
YIL146C,
YIL147C,365.9
YIL148W,1472.6
YIL149C,410.8
YIL150C,686.4
YIL151C,
YIL152W,
YIL153W,
YIL154C,
YIL155C,232.8
YIL156W,489.8
YIL156W-A,
YIL156W-B,785.1
YIL157C,422.3
YIL158W,
YIL159W,511.1
YIL160C,
YIL161W,360.7
YIL162W,615.5
YIL163C,
YIL164C,
YIL165C,
YIL166C,
YIL167W,
YIL168W,
YIL169C,
YIL170W,
YIL171W,
YIL171W-A,
YIL172C,
YIL173W,562.9
YIL174W,
YIL175W,
YIL176C,
YIL177C,
YIL177W-A,
YIR001C,630.8
YIR002C,264.4
YIR003W,639.1
YIR004W,508.8
YIR005W,
YIR006C,609.7
YIR007W,394.3
YIR008C,650.4
YIR009W,526.5
YIR010W,252.1
YIR011C,
YIR012W,485.0
YIR013C,
YIR014W,245.9
YIR015W,316.4
YIR016W,
YIR017C,574.9
YIR017W-A,
YIR018C-A,
YIR018W,
YIR019C,
YIR020C,
YIR020C-B,
YIR020W-A,
YIR021W,
YIR021W-A,
YIR022W,534.8
YIR023C-A,
YIR023W,
YIR024C,489.6
YIR025W,
YIR026C,508.5
YIR027C,
YIR028W,
YIR029W,
YIR030C,
YIR030W-A,
YIR031C,
YIR032C,
YIR033W,122.1
YIR034C,1417.6
YIR035C,713.6
YIR036C,645.1
YIR036W-A,
YIR037W,607.1
YIR038C,415.9
YIR039C,
YIR040C,
YIR041W,
YIR042C,
YIR043C,
YIR044C,
YJL001W,508.6
YJL002C,454.9
YJL003W,
YJL004C,
YJL005W,568.1
YJL006C,341.0
YJL007C,
YJL008C,628.2
YJL009W,
YJL010C,522.4
YJL011C,681.8
YJL012C,651.2
YJL012C-A,
YJL013C,
YJL014W,628.2
YJL015C,
YJL016W,203.2
YJL017W,
YJL018W,
YJL019W,410.1
YJL020C,608.5
YJL020W-A,
YJL021C,
YJL022W,
YJL023C,
YJL024C,
YJL025W,
YJL026C-A,
YJL026W,464.9
YJL027C,
YJL028W,
YJL029C,488.0
YJL030W,404.0
YJL031C,685.7
YJL032W,
YJL033W,429.7
YJL034W,1620.7
YJL035C,
YJL036W,400.5
YJL037W,
YJL038C,
YJL039C,466.0
YJL041W,544.5
YJL042W,560.4
YJL043W,
YJL044C,447.8
YJL045W,
YJL046W,535.8
YJL047C,361.1
YJL047C-A,
YJL048C,
YJL049W,507.6
YJL050W,491.0
YJL051W,
YJL052C-A,
YJL052W,
YJL053W,716.2
YJL054W,490.0
YJL055W,1022.7
YJL056C,
YJL057C,310.7
YJL058C,
YJL059W,
YJL060W,741.9
YJL061W,521.7
YJL062W,372.7
YJL062W-A,377.1
YJL063C,339.1
YJL064W,
YJL065C,632.5
YJL066C,1611.5
YJL067W,
YJL068C,804.9
YJL069C,547.1
YJL070C,
YJL071W,396.4
YJL072C,
YJL073W,484.1
YJL074C,551.0
YJL075C,
YJL076W,708.4
YJL077C,
YJL077W-A,
YJL077W-B,
YJL078C,
YJL079C,
YJL080C,723.7
YJL081C,427.2
YJL082W,473.2
YJL083W,
YJL084C,451.4
YJL085W,643.6
YJL086C,
YJL087C,558.4
YJL088W,
YJL089W,
YJL090C,
YJL091C,
YJL092W,327.7
YJL093C,
YJL094C,97.1
YJL095W,617.6
YJL096W,
YJL097W,422.6
YJL098W,262.6
YJL099W,291.5
YJL100W,
YJL101C,497.9
YJL102W,822.4
YJL103C,
YJL104W,
YJL105W,
YJL106W,
YJL107C,
YJL108C,
YJL109C,517.2
YJL110C,136.8
YJL111W,645.8
YJL112W,440.4
YJL113W,
YJL114W,
YJL115W,661.4
YJL116C,
YJL117W,547.6
YJL118W,
YJL119C,
YJL120W,
YJL121C,654.4
YJL122W,327.7
YJL123C,506.8
YJL124C,999.1
YJL125C,557.9
YJL126W,439.0
YJL127C,
YJL127C-B,
YJL127W-A,
YJL128C,581.3
YJL129C,
YJL130C,470.8
YJL131C,458.7
YJL132W,
YJL133C-A,25.0
YJL133W,
YJL134W,567.7
YJL135W,
YJL136C,580.3
YJL136W-A,
YJL137C,
YJL138C,660.7
YJL139C,364.2
YJL140W,600.5
YJL141C,297.5
YJL142C,
YJL143W,
YJL144W,
YJL145W,691.2
YJL146W,543.4
YJL147C,194.6
YJL148W,607.7
YJL149W,
YJL150W,
YJL151C,
YJL152W,
YJL153C,1470.3
YJL154C,575.5
YJL155C,604.2
YJL156C,62.7
YJL156W-A,
YJL157C,32.1
YJL158C,84.5
YJL159W,
YJL160C,
YJL161W,
YJL162C,
YJL163C,
YJL164C,549.6
YJL165C,536.8
YJL166W,254.6
YJL167W,648.8
YJL168C,326.2
YJL169W,
YJL170C,
YJL171C,1793.7
YJL172W,461.3
YJL173C,485.9
YJL174W,255.3
YJL175W,
YJL176C,473.4
YJL177W,606.1
YJL178C,504.6
YJL179W,537.3
YJL180C,386.4
YJL181W,
YJL182C,
YJL183W,529.3
YJL184W,470.0
YJL185C,
YJL186W,293.4
YJL187C,
YJL188C,
YJL189W,
YJL190C,650.7
YJL191W,598.1
YJL192C,473.1
YJL193W,
YJL194W,
YJL195C,
YJL196C,
YJL197C-A,
YJL197W,620.4
YJL198W,148.4
YJL199C,
YJL200C,521.6
YJL201W,441.4
YJL202C,
YJL203W,624.5
YJL204C,566.2
YJL205C,335.4
YJL206C,
YJL206C-A,
YJL207C,627.6
YJL208C,610.3
YJL209W,
YJL210W,345.6
YJL211C,
YJL212C,
YJL213W,
YJL214W,
YJL215C,
YJL216C,
YJL217W,658.7
YJL218W,327.8
YJL219W,
YJL220W,
YJL221C,
YJL222W,562.9
YJL222W-A,
YJL222W-B,
YJL223C,
YJL225C,
YJL225W-A,
YJR001W,
YJR002W,418.7
YJR003C,488.5
YJR004C,171.9
YJR005C-A,
YJR005W,662.4
YJR006W,576.4
YJR007W,582.9
YJR008W,
YJR009C,
YJR010CA,
YJR010C-A,453.6
YJR010W,
YJR011C,379.4
YJR012C,
YJR013W,
YJR014W,564.4
YJR015W,33.7
YJR016C,702.3
YJR017C,589.9
YJR018W,
YJR019C,567.8
YJR020W,
YJR021C,
YJR022W,
YJR023C,
YJR024C,445.2
YJR025C,1122.0
YJR026W,
YJR027W,
YJR028W,
YJR029W,
YJR030C,
YJR031C,497.7
YJR032W,616.9
YJR033C,575.2
YJR034W,347.3
YJR035W,
YJR036C,
YJR037W,
YJR038C,
YJR039W,
YJR040W,786.4
YJR041C,495.6
YJR042W,471.5
YJR043C,319.2
YJR044C,
YJR045C,729.2
YJR046W,821.6
YJR047C,4664.9
YJR048W,395.5
YJR049C,520.1
YJR050W,
YJR051W,479.4
YJR052W,497.5
YJR053W,508.4
YJR054W,467.7
YJR055W,499.6
YJR056C,
YJR057W,639.1
YJR058C,
YJR059W,507.2
YJR060W,518.4
YJR061W,
YJR062C,412.1
YJR063W,440.8
YJR064W,580.1
YJR065C,600.1
YJR066W,450.4
YJR067C,549.7
YJR068W,623.8
YJR069C,655.7
YJR070C,550.6
YJR071W,
YJR072C,559.2
YJR073C,
YJR074W,475.6
YJR075W,334.6
YJR076C,563.0
YJR077C,471.4
YJR078W,
YJR079W,
YJR080C,454.7
YJR082C,
YJR083C,788.2
YJR084W,
YJR085C,
YJR086W,459.7
YJR087W,
YJR088C,691.2
YJR089W,
YJR090C,
YJR091C,347.2
YJR092W,58.2
YJR093C,499.2
YJR094C,
YJR094WA,
YJR094W-A,64.7
YJR095W,
YJR096W,561.8
YJR097W,
YJR098C,564.8
YJR099W,809.5
YJR100C,504.5
YJR101W,598.7
YJR102C,
YJR103W,599.5
YJR104C,371.1
YJR105W,484.9
YJR106W,
YJR107W,
YJR108W,
YJR109C,1271.9
YJR110W,
YJR111C,
YJR112W,274.3
YJR112W-A,
YJR113C,365.0
YJR114W,
YJR115W,
YJR116W,
YJR117W,785.7
YJR118C,
YJR119C,
YJR120W,
YJR121W,510.2
YJR122W,363.1
YJR123W,639.6
YJR124C,428.5
YJR125C,460.1
YJR126C,
YJR127C,151.6
YJR128W,
YJR129C,291.4
YJR130C,
YJR131W,519.1
YJR132W,842.9
YJR133W,454.5
YJR134C,767.7
YJR135C,
YJR135W-A,325.2
YJR136C,
YJR137C,616.7
YJR138W,459.9
YJR139C,703.7
YJR140C,245.9
YJR140W-A,
YJR141W,490.7
YJR142W,759.0
YJR143C,592.0
YJR144W,681.0
YJR145C,591.7
YJR146W,
YJR147W,276.9
YJR148W,1095.8
YJR149W,405.0
YJR150C,
YJR151C,
YJR151W-A,
YJR152W,
YJR153W,
YJR154W,
YJR155W,
YJR156C,
YJR157W,
YJR158W,
YJR159W,
YJR160C,
YJR161C,
YJR162C,
YKL001C,
YKL002W,534.7
YKL003C,
YKL004W,
YKL005C,298.2
YKL006CA,
YKL006C-A,670.9
YKL006W,581.5
YKL007W,1322.0
YKL008C,379.7
YKL009W,591.4
YKL010C,461.6
YKL011C,
YKL012W,743.1
YKL013C,
YKL014C,428.7
YKL015W,
YKL016C,
YKL017C,1077.0
YKL018C-A,543.0
YKL018W,828.7
YKL019W,575.9
YKL020C,
YKL021C,932.6
YKL022C,245.6
YKL023C-A,
YKL023W,561.6
YKL024C,867.4
YKL025C,517.0
YKL026C,
YKL027W,556.3
YKL028W,489.2
YKL029C,785.2
YKL030W,
YKL031W,
YKL032C,390.6
YKL033W,484.6
YKL033WA,
YKL033W-A,586.5
YKL034W,
YKL035W,653.1
YKL036C,
YKL037W,
YKL038W,
YKL039W,574.2
YKL040C,470.5
YKL041W,764.2
YKL042W,396.3
YKL043W,314.7
YKL044W,
YKL045W,263.0
YKL046C,
YKL047W,629.4
YKL048C,407.3
YKL049C,
YKL050C,
YKL051W,311.1
YKL052C,531.4
YKL053CA,
YKL053C-A,369.5
YKL053W,
YKL054C,597.5
YKL055C,366.0
YKL056C,605.3
YKL057C,624.4
YKL058W,450.0
YKL059C,436.6
YKL060C,720.6
YKL061W,379.0
YKL062W,113.0
YKL063C,421.9
YKL064W,1007.3
YKL065C,491.5
YKL065W-A,
YKL066W,
YKL067W,643.0
YKL068W,
YKL068W-A,
YKL069W,532.8
YKL070W,
YKL071W,
YKL072W,212.4
YKL073W,783.0
YKL074C,504.8
YKL075C,295.8
YKL076C,
YKL077W,476.6
YKL078W,390.7
YKL079W,448.2
YKL080W,689.8
YKL081W,599.4
YKL082C,388.2
YKL083W,
YKL084W,137.5
YKL085W,641.0
YKL086W,
YKL087C,301.3
YKL088W,650.3
YKL089W,
YKL090W,695.7
YKL091C,588.6
YKL092C,539.1
YKL093W,
YKL094W,693.6
YKL095W,226.5
YKL096C-B,
YKL096W,30.6
YKL096WA,
YKL096W-A,
YKL097C,
YKL097W-A,
YKL098W,295.3
YKL099C,340.7
YKL100C,446.4
YKL100W-A,
YKL101W,58.2
YKL102C,
YKL103C,997.7
YKL104C,783.6
YKL105C,365.7
YKL106C-A,
YKL106W,586.3
YKL107W,
YKL108W,
YKL109W,
YKL110C,717.8
YKL111C,
YKL112W,383.8
YKL113C,529.6
YKL114C,544.0
YKL115C,
YKL116C,808.8
YKL117W,593.2
YKL118W,
YKL119C,262.4
YKL120W,2089.6
YKL121W,390.1
YKL122C,474.8
YKL123W,
YKL124W,3887.8
YKL125W,99.6
YKL126W,500.6
YKL127W,581.7
YKL128C,1125.2
YKL129C,847.3
YKL130C,1291.1
YKL131W,
YKL132C,
YKL133C,
YKL134C,392.5
YKL135C,756.9
YKL136W,
YKL137W,94.0
YKL138C,336.0
YKL138C-A,
YKL139W,11.6
YKL140W,
YKL141W,239.7
YKL142W,672.8
YKL143W,429.0
YKL144C,493.1
YKL145W,662.1
YKL145W-A,
YKL146W,
YKL147C,
YKL148C,613.2
YKL149C,
YKL150W,455.6
YKL151C,470.5
YKL152C,832.6
YKL153W,
YKL154W,604.6
YKL155C,240.6
YKL156C-A,
YKL156W,
YKL157W,609.0
YKL158W,
YKL159C,
YKL160W,733.7
YKL161C,
YKL162C,
YKL162C-A,
YKL163W,12.1
YKL164C,12.1
YKL165C,544.5
YKL165C-A,
YKL166C,445.4
YKL167C,264.9
YKL168C,447.2
YKL169C,
YKL170W,377.1
YKL171W,
YKL172W,506.4
YKL173W,499.9
YKL174C,259.5
YKL175W,
YKL176C,281.1
YKL177W,
YKL178C,41.6
YKL179C,655.6
YKL180W,
YKL181W,548.8
YKL182W,726.7
YKL183C-A,
YKL183W,
YKL184W,121.9
YKL185W,58.9
YKL186C,7647.7
YKL187C,
YKL188C,
YKL189W,624.7
YKL190W,474.2
YKL191W,488.2
YKL192C,678.1
YKL193C,762.5
YKL194C,532.1
YKL195W,495.4
YKL196C,609.4
YKL197C,453.1
YKL198C,163.5
YKL199C,
YKL200C,
YKL201C,
YKL202W,
YKL203C,538.6
YKL204W,492.3
YKL205W,476.1
YKL206C,940.9
YKL207W,685.0
YKL208W,
YKL209C,
YKL210W,549.1
YKL211C,808.7
YKL212W,672.9
YKL213C,762.5
YKL214C,455.1
YKL215C,620.7
YKL216W,605.2
YKL217W,
YKL218C,2757.5
YKL219W,367.5
YKL220C,
YKL221W,
YKL222C,
YKL223W,
YKL224C,
YKL225W,
YKR001C,722.8
YKR002W,484.4
YKR003W,462.1
YKR004C,928.6
YKR005C,
YKR006C,288.0
YKR007W,
YKR008W,588.7
YKR009C,
YKR010C,418.9
YKR011C,
YKR012C,
YKR013W,27.3
YKR014C,409.6
YKR015C,
YKR016W,475.9
YKR017C,
YKR018C,539.7
YKR019C,324.1
YKR020W,302.6
YKR021W,264.6
YKR022C,
YKR023W,639.5
YKR024C,481.4
YKR025W,395.1
YKR026C,777.4
YKR027W,668.9
YKR028W,515.1
YKR029C,358.2
YKR030W,
YKR031C,392.0
YKR032W,
YKR033C,
YKR034W,
YKR035C,
YKR035W-A,462.6
YKR036C,431.6
YKR037C,5553.4
YKR038C,717.8
YKR039W,
YKR040C,
YKR041W,
YKR042W,33.6
YKR043C,810.3
YKR044W,
YKR045C,
YKR046C,891.8
YKR047W,
YKR048C,628.0
YKR049C,354.7
YKR050W,
YKR051W,
YKR052C,180.8
YKR053C,
YKR054C,619.2
YKR055W,558.5
YKR056W,448.0
YKR057W,580.3
YKR058W,
YKR059W,660.7
YKR060W,469.9
YKR061W,
YKR062W,335.3
YKR063C,503.2
YKR064W,
YKR065C,537.6
YKR066C,471.1
YKR067W,407.9
YKR068C,796.8
YKR069W,
YKR070W,473.8
YKR071C,153.1
YKR072C,542.8
YKR073C,
YKR074W,768.2
YKR075C,
YKR075W-A,
YKR076W,291.3
YKR077W,713.5
YKR078W,383.4
YKR079C,547.9
YKR080W,642.9
YKR081C,512.8
YKR082W,504.5
YKR083C,462.3
YKR084C,623.0
YKR085C,303.2
YKR086W,
YKR087C,
YKR088C,659.4
YKR089C,250.0
YKR090W,341.0
YKR091W,
YKR092C,510.1
YKR093W,94.6
YKR094C,1472.6
YKR095W,475.0
YKR095W-A,502.5
YKR096W,
YKR097W,
YKR098C,
YKR099W,351.8
YKR100C,167.3
YKR101W,
YKR102W,
YKR103W,
YKR104W,700.3
YKR105C,
YKR106W,
YLL001W,636.2
YLL002W,
YLL003W,
YLL004W,510.7
YLL005C,
YLL006W,
YLL006W-A,
YLL007C,505.1
YLL008W,458.2
YLL009C,422.4
YLL010C,173.1
YLL011W,323.2
YLL012W,732.8
YLL013C,300.2
YLL014W,575.2
YLL015W,251.1
YLL016W,
YLL017W,
YLL018C,652.6
YLL018CA,
YLL018C-A,
YLL019C,1047.1
YLL019W-A,
YLL020C,
YLL021W,529.5
YLL022C,369.8
YLL023C,551.7
YLL024C,891.7
YLL025W,
YLL026W,1420.8
YLL027W,83.3
YLL028W,115.6
YLL029W,1831.2
YLL030C,
YLL031C,759.0
YLL032C,622.9
YLL033W,350.2
YLL034C,521.9
YLL035W,585.7
YLL036C,540.1
YLL037W,
YLL038C,748.5
YLL039C,1472.6
YLL040C,612.0
YLL041C,705.2
YLL042C,
YLL043W,166.3
YLL044W,
YLL045C,604.2
YLL046C,
YLL047W,
YLL048C,707.4
YLL049W,
YLL050C,671.8
YLL051C,
YLL052C,
YLL053C,
YLL054C,
YLL055W,
YLL056C,
YLL057C,
YLL058W,
YLL059C,
YLL060C,
YLL061W,
YLL062C,621.2
YLL063C,
YLL064C,
YLL065W,
YLL066C,
YLL066W-A,
YLL066W-B,
YLL067C,
YLL067W-A,
YLR001C,
YLR002C,501.2
YLR003C,614.1
YLR004C,
YLR005W,588.6
YLR006C,482.7
YLR007W,386.9
YLR008C,453.4
YLR009W,365.3
YLR010C,
YLR011W,497.7
YLR012C,
YLR013W,
YLR014C,
YLR015W,441.1
YLR016C,
YLR017W,492.7
YLR018C,528.3
YLR019W,232.7
YLR020C,412.3
YLR021W,581.4
YLR022C,742.0
YLR023C,
YLR024C,
YLR025W,611.3
YLR026C,471.9
YLR027C,762.4
YLR028C,579.5
YLR029C,589.0
YLR030W,
YLR031W,
YLR032W,370.8
YLR033W,618.2
YLR034C,303.4
YLR035C,
YLR035C-A,
YLR036C,121.8
YLR037C,
YLR038C,276.5
YLR039C,
YLR040C,
YLR041W,
YLR042C,
YLR043C,542.2
YLR044C,689.3
YLR045C,443.8
YLR046C,
YLR047C,782.7
YLR048W,
YLR049C,
YLR050C,334.9
YLR051C,400.6
YLR052W,473.4
YLR053C,
YLR054C,
YLR055C,544.9
YLR056W,128.9
YLR057W,
YLR058C,510.3
YLR059C,613.3
YLR060W,667.8
YLR061W,659.6
YLR062C,
YLR063W,457.3
YLR064W,
YLR065C,972.2
YLR066W,699.1
YLR067C,
YLR068W,335.2
YLR069C,528.2
YLR070C,
YLR071C,698.1
YLR072W,366.8
YLR073C,
YLR074C,158.6
YLR075W,526.7
YLR076C,
YLR077W,526.6
YLR078C,518.5
YLR079W,36.5
YLR080W,812.5
YLR081W,
YLR082C,388.7
YLR083C,422.4
YLR084C,
YLR085C,1009.1
YLR086W,
YLR087C,
YLR088W,563.8
YLR089C,510.6
YLR090W,484.7
YLR091W,200.1
YLR092W,
YLR093C,421.7
YLR094C,
YLR095C,535.4
YLR096W,498.2
YLR097C,377.4
YLR098C,154.4
YLR099C,495.7
YLR099W-A,
YLR100W,807.1
YLR101C,
YLR102C,
YLR103C,
YLR104W,612.7
YLR105C,
YLR106C,524.1
YLR107W,323.9
YLR108C,193.1
YLR109W,657.1
YLR110C,10.0
YLR111W,
YLR112W,
YLR113W,645.5
YLR114C,499.1
YLR115W,612.8
YLR116W,464.3
YLR117C,257.3
YLR118C,625.4
YLR119W,761.4
YLR120C,645.0
YLR120W-A,
YLR121C,
YLR122C,
YLR123C,
YLR124W,
YLR125W,
YLR126C,620.3
YLR127C,
YLR128W,560.6
YLR129W,564.4
YLR130C,134.1
YLR131C,203.4
YLR132C,
YLR133W,645.2
YLR134W,
YLR135W,
YLR136C,
YLR137W,
YLR138W,
YLR139C,365.3
YLR140W,
YLR141W,
YLR142W,
YLR143W,601.1
YLR144C,479.7
YLR145W,
YLR146C,534.1
YLR146W-A,
YLR147C,600.0
YLR148W,531.0
YLR149C,
YLR149C-A,
YLR150W,557.1
YLR151C,579.8
YLR152C,
YLR153C,523.9
YLR154C,
YLR154C-G,
YLR154C-H,
YLR154W-A,
YLR154W-B,
YLR154W-C,
YLR154W-E,
YLR154W-F,
YLR155C,
YLR156C-A,
YLR156W,
YLR157C,
YLR157C-B,
YLR157C-C,
YLR157W-D,
YLR157W-E,
YLR158C,
YLR159C-A,
YLR159W,
YLR160C,
YLR161W,
YLR162W,
YLR162W-A,
YLR163C,324.2
YLR163W-A,
YLR164W,
YLR165C,
YLR166C,454.0
YLR167W,177.8
YLR168C,
YLR169W,
YLR170C,2155.1
YLR171W,
YLR172C,584.8
YLR173W,694.3
YLR174W,
YLR175W,444.1
YLR176C,372.7
YLR177W,
YLR178C,
YLR179C,879.7
YLR180W,510.7
YLR181C,595.9
YLR182W,486.5
YLR183C,
YLR184W,
YLR185W,567.4
YLR186W,626.0
YLR187W,329.5
YLR188W,
YLR189C,586.7
YLR190W,33.7
YLR191W,203.8
YLR192C,560.6
YLR193C,
YLR194C,
YLR195C,683.1
YLR196W,525.0
YLR197W,506.2
YLR198C,
YLR199C,678.1
YLR200W,702.0
YLR201C,560.7
YLR202C,
YLR203C,446.5
YLR204W,
YLR205C,
YLR206W,23.2
YLR207W,544.7
YLR208W,806.7
YLR209C,728.6
YLR210W,
YLR211C,310.4
YLR212C,
YLR213C,
YLR214W,253.5
YLR215C,527.7
YLR216C,1127.7
YLR217W,
YLR218C,483.9
YLR219W,502.8
YLR220W,540.5
YLR221C,536.4
YLR222C,526.5
YLR222C-A,
YLR223C,38.8
YLR224W,
YLR225C,632.0
YLR226W,526.7
YLR227C,
YLR227W-B,
YLR228C,
YLR229C,474.2
YLR230W,
YLR231C,783.8
YLR232W,
YLR233C,587.8
YLR234W,
YLR235C,
YLR236C,
YLR237W,59.0
YLR238W,618.7
YLR239C,
YLR240W,392.8
YLR241W,
YLR242C,
YLR243W,620.4
YLR244C,446.6
YLR245C,432.6
YLR246W,
YLR247C,1285.8
YLR248W,561.6
YLR249W,542.9
YLR250W,550.7
YLR251W,
YLR252W,
YLR253W,786.8
YLR254C,
YLR255C,
YLR256W,134.0
YLR256W-A,
YLR257W,353.5
YLR258W,545.3
YLR259C,767.8
YLR260W,459.2
YLR261C,
YLR262C,561.8
YLR262CA,
YLR262C-A,491.5
YLR263W,
YLR264C-A,
YLR264W,
YLR265C,255.0
YLR266C,
YLR267W,
YLR268W,600.6
YLR269C,
YLR270W,666.4
YLR271W,312.2
YLR272C,379.5
YLR273C,
YLR274W,474.1
YLR275W,642.8
YLR276C,469.1
YLR277C,461.0
YLR278C,233.3
YLR279W,
YLR280C,
YLR281C,
YLR282C,
YLR283W,
YLR284C,497.9
YLR285C-A,
YLR285W,633.3
YLR286C,83.4
YLR286W-A,
YLR287C,632.9
YLR287C-A,1259.1
YLR288C,
YLR289W,209.5
YLR290C,643.4
YLR291C,604.7
YLR292C,598.3
YLR293C,638.1
YLR294C,
YLR295C,308.3
YLR296W,
YLR297W,
YLR298C,628.0
YLR299C-A,
YLR299W,297.7
YLR300W,92.8
YLR301W,622.5
YLR302C,
YLR303W,2073.9
YLR304C,1084.5
YLR305C,502.6
YLR306W,574.9
YLR307C-A,
YLR307W,
YLR308W,
YLR309C,447.2
YLR310C,401.7
YLR311C,
YLR312C,
YLR312WA,
YLR312W-A,505.5
YLR313C,
YLR314C,607.6
YLR315W,
YLR316C,399.9
YLR317W,
YLR318W,
YLR319C,514.7
YLR320W,
YLR321C,632.3
YLR322W,
YLR323C,338.2
YLR324W,533.0
YLR325C,546.0
YLR326W,512.3
YLR327C,40.1
YLR328W,627.5
YLR329W,
YLR330W,556.4
YLR331C,
YLR332W,1182.7
YLR333C,573.9
YLR334C,
YLR335W,718.4
YLR336C,334.4
YLR337C,533.1
YLR338W,
YLR339C,
YLR340W,618.5
YLR341W,
YLR342W,214.4
YLR342W-A,
YLR343W,
YLR344W,
YLR345W,608.8
YLR346C,
YLR347C,590.3
YLR347W-A,
YLR348C,437.6
YLR349W,
YLR350W,219.3
YLR351C,732.8
YLR352W,
YLR353W,
YLR354C,1217.3
YLR355C,720.8
YLR356W,504.7
YLR357W,681.5
YLR358C,
YLR359W,477.1
YLR360W,472.7
YLR361C,498.8
YLR361C-A,597.4
YLR362W,446.9
YLR363C,374.7
YLR363W-A,221.3
YLR364C-A,
YLR364W,781.5
YLR365W,
YLR366W,
YLR367W,650.7
YLR368W,
YLR369W,604.9
YLR370C,1201.3
YLR371W,
YLR372W,524.2
YLR373C,682.8
YLR374C,
YLR375W,231.3
YLR376C,
YLR377C,
YLR378C,1148.5
YLR379W,
YLR380W,853.7
YLR381W,
YLR382C,387.9
YLR383W,347.1
YLR384C,559.2
YLR385C,651.6
YLR386W,615.8
YLR387C,381.0
YLR388W,529.2
YLR389C,649.1
YLR390W,623.3
YLR390WA,
YLR390W-A,132.7
YLR391W,
YLR392C,204.0
YLR393W,408.5
YLR394W,
YLR395C,231.6
YLR396C,787.4
YLR397C,590.7
YLR398C,565.6
YLR399C,671.5
YLR399W-A,
YLR400W,
YLR401C,536.2
YLR402W,
YLR403W,158.6
YLR404W,
YLR405W,763.2
YLR406C,619.5
YLR406C-A,
YLR407W,138.7
YLR408C,
YLR409C,
YLR410W,691.9
YLR410W-A,
YLR410W-B,
YLR411W,
YLR412C-A,
YLR412W,599.0
YLR413W,530.8
YLR414C,271.9
YLR415C,
YLR416C,
YLR417W,3381.6
YLR418C,624.6
YLR419W,494.5
YLR420W,667.0
YLR421C,482.8
YLR422W,362.5
YLR423C,355.7
YLR424W,445.8
YLR425W,
YLR426W,
YLR427W,554.7
YLR428C,
YLR429W,671.0
YLR430W,398.2
YLR431C,1918.5
YLR432W,625.1
YLR433C,629.4
YLR434C,
YLR435W,585.2
YLR436C,
YLR437C,
YLR437C-A,
YLR438CA,
YLR438C-A,547.3
YLR438W,
YLR439W,592.6
YLR440C,534.9
YLR441C,580.7
YLR442C,591.9
YLR443W,
YLR444C,
YLR445W,
YLR446W,
YLR447C,601.3
YLR448W,606.1
YLR449W,541.3
YLR450W,771.7
YLR451W,
YLR452C,275.8
YLR453C,
YLR454W,376.4
YLR455W,442.4
YLR456W,
YLR457C,
YLR458W,
YLR459W,
YLR460C,643.6
YLR461W,
YLR462W,83.8
YLR463C,
YLR464W,83.8
YLR465C,
YLR466C-A,
YLR466C-B,
YLR466W,83.8
YLR467C-A,
YLR467W,83.8
YML001W,575.1
YML002W,
YML003W,
YML004C,242.7
YML005W,
YML006C,
YML007C-A,
YML007W,178.6
YML008C,601.6
YML009C,186.9
YML009C-A,
YML009W-B,
YML010C-B,
YML010W,445.7
YML010W-A,
YML010W-B,
YML011C,309.2
YML012C-A,
YML012W,558.6
YML013C-A,
YML013W,305.2
YML014W,528.7
YML015C,448.4
YML016C,573.1
YML017W,651.1
YML018C,
YML019W,
YML020W,515.5
YML021C,395.5
YML022W,505.3
YML023C,
YML024W,575.0
YML025C,314.6
YML026C,640.5
YML027W,
YML028W,655.9
YML029W,400.5
YML030W,597.6
YML031C-A,
YML031W,
YML032C,403.0
YML032C-A,
YML033W,
YML034C-A,
YML034W,426.3
YML035C,537.0
YML035C-A,
YML036W,1865.9
YML037C,339.5
YML038C,134.4
YML039W,
YML040W,
YML041C,
YML042W,
YML043C,
YML045W,
YML045W-A,
YML046W,415.4
YML047C,
YML047W-A,
YML048W,493.6
YML048W-A,
YML049C,713.5
YML050W,
YML051W,
YML052W,431.6
YML053C,
YML054C,
YML054C-A,
YML055W,359.2
YML056C,733.9
YML057C-A,
YML057W,570.9
YML058C-A,
YML058W,36.0
YML058W-A,
YML059C,
YML060W,89.0
YML061C,
YML062C,456.1
YML063W,680.4
YML064C,164.3
YML065W,34.3
YML066C,
YML067C,402.4
YML068W,
YML069W,664.2
YML070W,611.4
YML071C,
YML072C,530.9
YML073C,604.6
YML074C,516.5
YML075C,865.9
YML076C,353.1
YML077W,
YML078W,634.9
YML079W,723.3
YML080W,434.5
YML081CA,
YML081C-A,265.5
YML081W,360.9
YML082W,585.6
YML083C,
YML084W,
YML085C,1182.1
YML086C,560.9
YML087C,
YML088W,
YML089C,
YML090W,
YML091C,
YML092C,696.7
YML093W,247.3
YML094C-A,
YML094W,578.3
YML095C,534.0
YML095C-A,
YML096W,450.1
YML097C,561.8
YML098W,423.5
YML099C,
YML099W-A,
YML100W,642.3
YML100WA,
YML100W-A,
YML101C,671.4
YML101C-A,
YML102C-A,
YML102W,
YML103C,497.4
YML104C,
YML105C,582.6
YML106W,643.0
YML107C,326.9
YML108W,464.5
YML109W,263.5
YML110C,483.7
YML111W,331.8
YML112W,542.0
YML113W,
YML114C,559.7
YML115C,
YML116W,
YML116W-A,
YML117W,428.6
YML117W-A,
YML118W,
YML119W,
YML120C,501.2
YML121W,657.6
YML122C,
YML123C,
YML124C,774.7
YML125C,554.1
YML126C,638.0
YML127W,508.1
YML128C,248.1
YML129C,264.7
YML130C,1324.7
YML131W,667.0
YML132W,
YML133C,83.8
YML133W-A,
YML133W-B,
YMR001C,
YMR001C-A,
YMR002W,
YMR003W,
YMR004W,546.7
YMR005W,505.0
YMR006C,
YMR007W,
YMR008C,
YMR009W,290.3
YMR010W,324.3
YMR011W,67.1
YMR012W,599.0
YMR013C,510.6
YMR013C-A,
YMR013W-A,
YMR014W,389.4
YMR015C,126.7
YMR016C,314.7
YMR017W,
YMR018W,
YMR019W,
YMR020W,
YMR021C,
YMR022W,451.3
YMR023C,
YMR024W,505.2
YMR025W,
YMR026C,478.4
YMR027W,696.7
YMR028W,8.2
YMR029C,501.9
YMR030W,
YMR030W-A,
YMR031C,331.4
YMR031WA,
YMR031W-A,
YMR032W,278.8
YMR033W,
YMR034C,
YMR035W,
YMR036C,
YMR037C,384.3
YMR038C,585.0
YMR039C,601.3
YMR040W,
YMR041C,535.2
YMR042W,181.0
YMR043W,
YMR044W,474.8
YMR045C,
YMR046C,
YMR046W-A,
YMR047C,681.7
YMR048W,293.6
YMR049C,576.2
YMR050C,
YMR051C,
YMR052C-A,
YMR052W,391.9
YMR053C,
YMR054W,470.9
YMR055C,156.2
YMR056C,
YMR057C,
YMR058W,143.9
YMR059W,416.5
YMR060C,463.5
YMR061W,674.9
YMR062C,34800.2
YMR063W,
YMR064W,
YMR065W,
YMR066W,
YMR067C,481.3
YMR068W,
YMR069W,
YMR070W,
YMR071C,2376.4
YMR072W,575.6
YMR073C,395.0
YMR074C,476.2
YMR075CA,
YMR075C-A,
YMR075W,489.2
YMR076C,522.8
YMR077C,526.0
YMR078C,368.4
YMR079W,681.6
YMR080C,543.5
YMR081C,
YMR082C,
YMR083W,415.8
YMR084W,
YMR085W,
YMR086C-A,
YMR086W,536.3
YMR087W,
YMR088C,
YMR089C,464.1
YMR090W,2171.7
YMR091C,571.2
YMR092C,820.1
YMR093W,512.6
YMR094W,
YMR095C,
YMR096W,
YMR097C,1764.5
YMR098C,
YMR099C,606.8
YMR100W,
YMR101C,
YMR102C,437.7
YMR103C,
YMR104C,
YMR105C,1829.1
YMR105W-A,
YMR106C,560.0
YMR107W,
YMR108W,507.6
YMR109W,598.1
YMR110C,624.2
YMR111C,433.1
YMR112C,298.7
YMR113W,
YMR114C,383.7
YMR115W,473.5
YMR116C,603.7
YMR117C,414.4
YMR118C,
YMR119W,599.0
YMR119WA,
YMR119W-A,
YMR120C,662.8
YMR121C,1204.2
YMR122C,
YMR122W-A,
YMR123W,434.7
YMR124W,563.3
YMR125W,660.1
YMR126C,
YMR127C,
YMR128W,379.2
YMR129W,542.5
YMR130W,536.0
YMR131C,564.4
YMR132C,1875.0
YMR133W,
YMR134W,443.7
YMR135C,439.5
YMR135W-A,
YMR136W,
YMR137C,
YMR138W,
YMR139W,664.8
YMR140W,458.6
YMR141C,
YMR141W-A,
YMR142C,658.0
YMR143W,662.1
YMR144W,
YMR145C,251.5
YMR146C,574.2
YMR147W,248.1
YMR148W,
YMR149W,651.4
YMR150C,
YMR151W,
YMR152W,568.8
YMR153CA,
YMR153C-A,
YMR153W,502.5
YMR154C,
YMR155W,
YMR156C,
YMR157C,
YMR158C-A,
YMR158W,370.7
YMR158W-A,
YMR158W-B,
YMR159C,333.1
YMR160W,
YMR161W,510.9
YMR162C,
YMR163C,
YMR164C,
YMR165C,502.2
YMR166C,
YMR167W,504.9
YMR168C,554.1
YMR169C,
YMR170C,1246.7
YMR171C,306.3
YMR172CA,
YMR172C-A,
YMR172W,412.1
YMR173W,291.8
YMR173WA,
YMR173W-A,
YMR174C,605.6
YMR175W,
YMR175W-A,
YMR176W,
YMR177W,
YMR178W,722.4
YMR179W,
YMR180C,
YMR181C,
YMR182C,
YMR182W-A,
YMR183C,551.2
YMR184W,150.7
YMR185W,497.6
YMR186W,997.2
YMR187C,
YMR188C,355.1
YMR189W,397.5
YMR190C,
YMR191W,
YMR192W,
YMR193C-A,
YMR193W,360.9
YMR194C-A,
YMR194C-B,
YMR194W,643.2
YMR195W,
YMR196W,609.2
YMR197C,448.9
YMR198W,
YMR199W,
YMR200W,
YMR201C,
YMR202W,620.7
YMR203W,552.3
YMR204C,
YMR205C,653.5
YMR206W,
YMR207C,
YMR208W,884.6
YMR209C,627.5
YMR210W,219.6
YMR211W,490.1
YMR212C,449.6
YMR213W,412.3
YMR214W,
YMR215W,166.9
YMR216C,445.6
YMR217W,535.7
YMR218C,399.2
YMR219W,351.3
YMR220W,497.8
YMR221C,
YMR222C,
YMR223W,537.9
YMR224C,1224.4
YMR225C,
YMR226C,529.1
YMR227C,410.5
YMR228W,572.9
YMR229C,514.1
YMR230W,694.5
YMR230W-A,
YMR231W,438.4
YMR232W,
YMR233W,377.2
YMR234W,366.3
YMR235C,696.2
YMR236W,350.9
YMR237W,453.0
YMR238W,
YMR239C,487.6
YMR240C,562.5
YMR241W,494.4
YMR242C,614.2
YMR242W-A,
YMR243C,547.9
YMR244CA,
YMR244C-A,326.7
YMR244W,
YMR245W,
YMR246W,325.8
YMR247C,567.3
YMR247W-A,
YMR250W,570.7
YMR251W,
YMR251WA,
YMR251W-A,
YMR252C,
YMR253C,
YMR254C,
YMR255W,212.1
YMR256C,
YMR257C,
YMR258C,528.0
YMR259C,474.5
YMR260C,619.1
YMR261C,589.2
YMR262W,
YMR263W,334.2
YMR264W,511.1
YMR265C,567.4
YMR266W,427.4
YMR267W,801.8
YMR268C,905.0
YMR269W,556.0
YMR270C,382.5
YMR271C,
YMR272C,260.5
YMR272W-A,
YMR272W-B,
YMR273C,
YMR274C,
YMR275C,496.8
YMR276W,687.5
YMR277W,584.9
YMR278W,714.6
YMR279C,
YMR280C,
YMR281W,424.2
YMR282C,418.0
YMR283C,467.2
YMR284W,434.1
YMR285C,581.8
YMR286W,254.5
YMR287C,
YMR288W,
YMR289W,
YMR290C,445.6
YMR290W-A,
YMR291W,76.3
YMR292W,
YMR293C,467.8
YMR294W,489.3
YMR294WA,
YMR294W-A,
YMR295C,221.4
YMR296C,676.6
YMR297W,33.5
YMR298W,595.8
YMR299C,8312.1
YMR300C,584.3
YMR301C,561.0
YMR302C,495.0
YMR303C,511.3
YMR304C-A,
YMR304W,809.1
YMR305C,135.1
YMR306CA,
YMR306C-A,
YMR306W,
YMR307C-A,
YMR307W,307.8
YMR308C,801.7
YMR309C,635.9
YMR310C,
YMR311C,411.3
YMR312W,1127.2
YMR313C,
YMR314W,640.3
YMR315W,586.1
YMR315W-A,
YMR316C-A,
YMR316C-B,
YMR316W,
YMR317W,
YMR318C,424.7
YMR319C,
YMR320W,
YMR321C,902.9
YMR322C,
YMR323W,
YMR324C,
YMR325W,
YMR326C,
YNL001W,578.3
YNL002C,417.9
YNL003C,
YNL004W,1136.6
YNL005C,353.8
YNL006W,
YNL007C,913.8
YNL008C,
YNL009W,
YNL010W,674.7
YNL011C,515.7
YNL012W,
YNL013C,
YNL014W,542.9
YNL015W,1020.5
YNL016W,768.4
YNL017C,
YNL018C,
YNL019C,
YNL020C,556.6
YNL021W,610.9
YNL022C,449.7
YNL023C,424.8
YNL024C,142.5
YNL024C-A,
YNL025C,
YNL026W,2636.2
YNL027W,487.8
YNL028W,
YNL029C,
YNL030W,505.3
YNL031C,444.8
YNL032W,
YNL033W,
YNL034W,
YNL035C,469.2
YNL036W,28.0
YNL037C,949.3
YNL038W,
YNL039W,280.4
YNL040W,521.5
YNL041C,506.4
YNL042W,
YNL042W-B,
YNL043C,
YNL044W,665.9
YNL045W,557.8
YNL046W,
YNL047C,124.4
YNL048W,526.1
YNL049C,663.0
YNL050C,587.4
YNL051W,463.7
YNL052W,185.8
YNL053W,
YNL054W,
YNL054W-A,
YNL055C,743.4
YNL056W,
YNL057W,
YNL058C,
YNL059C,587.8
YNL061W,565.7
YNL062C,478.8
YNL063W,
YNL064C,681.7
YNL065W,
YNL066W,86.9
YNL067W,617.2
YNL067W-A,
YNL067W-B,
YNL068C,367.3
YNL069C,590.8
YNL070W,
YNL071W,622.2
YNL072W,379.0
YNL073W,987.0
YNL074C,159.3
YNL075W,396.9
YNL076W,915.6
YNL077W,
YNL078W,146.4
YNL079C,749.6
YNL080C,
YNL081C,
YNL082W,
YNL083W,87.9
YNL084C,538.2
YNL085W,74.7
YNL086W,
YNL087W,513.4
YNL088W,434.2
YNL089C,
YNL090W,415.0
YNL091W,416.2
YNL092W,
YNL093W,
YNL094W,291.7
YNL095C,
YNL096C,575.6
YNL097C,511.6
YNL097C-B,
YNL097W-A,
YNL098C,501.0
YNL099C,
YNL100W,
YNL101W,
YNL102W,
YNL103W,182.1
YNL103W-A,
YNL104C,956.0
YNL105W,
YNL106C,731.1
YNL107W,395.0
YNL108C,880.0
YNL109W,
YNL110C,324.4
YNL111C,525.0
YNL112W,450.0
YNL113W,643.0
YNL114C,
YNL115C,36.9
YNL116W,387.4
YNL117W,
YNL118C,552.2
YNL119W,445.1
YNL120C,
YNL121C,604.6
YNL122C,
YNL123W,505.0
YNL124W,349.4
YNL125C,
YNL126W,678.6
YNL127W,472.9
YNL128W,
YNL129W,638.4
YNL130C,567.9
YNL130C-A,
YNL131W,465.9
YNL132W,595.6
YNL133C,281.1
YNL134C,584.6
YNL135C,519.6
YNL136W,471.4
YNL137C,
YNL138W,619.9
YNL138W-A,
YNL139C,456.4
YNL140C,
YNL141W,380.3
YNL142W,
YNL143C,
YNL144C,
YNL144W-A,
YNL145W,
YNL146C-A,
YNL146W,
YNL147W,
YNL148C,421.1
YNL149C,610.1
YNL150W,
YNL151C,420.1
YNL152W,474.4
YNL153C,590.2
YNL154C,458.5
YNL155W,168.7
YNL156C,534.4
YNL157W,
YNL158W,
YNL159C,
YNL160W,2648.1
YNL161W,482.6
YNL162W,606.6
YNL162W-A,
YNL163C,667.0
YNL164C,326.2
YNL165W,
YNL166C,367.4
YNL167C,277.9
YNL168C,464.2
YNL169C,268.8
YNL170W,
YNL171C,
YNL172W,
YNL173C,337.2
YNL174W,
YNL175C,461.5
YNL176C,
YNL177C,2784.3
YNL178W,607.6
YNL179C,
YNL180C,329.5
YNL181W,528.1
YNL182C,503.4
YNL183C,443.3
YNL184C,
YNL185C,592.0
YNL186W,
YNL187W,
YNL188W,294.5
YNL189W,586.7
YNL190W,
YNL191W,426.3
YNL192W,319.1
YNL193W,533.7
YNL194C,
YNL195C,
YNL196C,
YNL197C,515.9
YNL198C,
YNL199C,595.6
YNL200C,647.2
YNL201C,294.4
YNL202W,
YNL203C,
YNL204C,
YNL205C,
YNL206C,551.5
YNL207W,529.9
YNL208W,3434.9
YNL209W,
YNL210W,
YNL211C,
YNL212W,703.1
YNL213C,
YNL214W,384.7
YNL215W,421.9
YNL216W,498.6
YNL217W,320.0
YNL218W,412.2
YNL219C,728.4
YNL220W,890.1
YNL221C,
YNL222W,552.4
YNL223W,
YNL224C,343.2
YNL225C,
YNL226W,
YNL227C,535.6
YNL228W,
YNL229C,469.9
YNL230C,
YNL231C,506.5
YNL232W,597.7
YNL233W,333.1
YNL234W,154.0
YNL235C,
YNL236W,538.9
YNL237W,
YNL238W,210.9
YNL239W,706.2
YNL240C,
YNL241C,1000.6
YNL242W,1265.3
YNL243W,698.1
YNL244C,531.4
YNL245C,224.6
YNL246W,
YNL247W,656.4
YNL248C,479.4
YNL249C,537.5
YNL250W,462.0
YNL251C,437.5
YNL252C,461.4
YNL253W,532.9
YNL254C,
YNL255C,322.1
YNL256W,479.0
YNL257C,1188.6
YNL258C,551.6
YNL259C,651.1
YNL260C,
YNL261W,448.2
YNL262W,
YNL263C,684.0
YNL264C,673.7
YNL265C,455.9
YNL266W,
YNL267W,541.7
YNL268W,
YNL269W,
YNL270C,
YNL271C,452.7
YNL272C,
YNL273W,447.7
YNL274C,797.4
YNL275W,
YNL276C,
YNL277W,
YNL277W-A,
YNL278W,491.0
YNL279W,
YNL280C,441.8
YNL281W,1014.1
YNL282W,493.2
YNL283C,
YNL284C,501.7
YNL284C-A,
YNL284C-B,
YNL285W,
YNL286W,12.0
YNL287W,728.4
YNL288W,1238.8
YNL289W,
YNL290W,770.5
YNL291C,289.0
YNL292W,593.0
YNL293W,674.1
YNL294C,
YNL295W,129.5
YNL296W,
YNL297C,635.1
YNL298W,346.6
YNL299W,
YNL300W,
YNL301C,578.1
YNL302C,
YNL303W,
YNL304W,848.3
YNL305C,
YNL306W,262.3
YNL307C,483.3
YNL308C,559.7
YNL309W,303.4
YNL310C,374.3
YNL311C,331.4
YNL312W,481.9
YNL313C,551.4
YNL314W,
YNL315C,488.0
YNL316C,
YNL317W,432.5
YNL318C,
YNL319W,
YNL320W,437.7
YNL321W,
YNL322C,
YNL323W,572.6
YNL324W,
YNL325C,
YNL326C,
YNL327W,25.4
YNL328C,319.2
YNL329C,599.5
YNL330C,636.3
YNL331C,
YNL332W,
YNL333W,
YNL334C,
YNL335W,
YNL336W,
YNL337W,
YNL338W,
YNL339C,83.8
YNL339W-A,
YNL339W-B,
YNR001C,527.9
YNR001W-A,
YNR002C,
YNR003C,434.2
YNR003W-A,
YNR004W,
YNR005C,
YNR006W,473.4
YNR007C,
YNR008W,427.0
YNR009W,
YNR010W,393.8
YNR011C,387.2
YNR012W,423.6
YNR013C,548.6
YNR014W,
YNR015W,412.8
YNR016C,682.0
YNR017W,504.2
YNR018W,145.3
YNR019W,755.0
YNR020C,736.6
YNR021W,628.1
YNR022C,235.5
YNR023W,545.9
YNR024W,337.0
YNR025C,
YNR026C,558.5
YNR027W,745.5
YNR028W,87.0
YNR029C,708.5
YNR030W,577.5
YNR031C,501.4
YNR032CA,
YNR032C-A,494.2
YNR032W,256.5
YNR033W,537.9
YNR034W,1288.3
YNR034W-A,
YNR035C,1380.0
YNR036C,254.2
YNR037C,187.9
YNR038W,348.5
YNR039C,
YNR040W,
YNR041C,
YNR042W,
YNR043W,529.3
YNR044W,
YNR045W,
YNR046W,714.8
YNR047W,478.8
YNR048W,
YNR049C,602.5
YNR050C,637.6
YNR051C,585.9
YNR052C,484.3
YNR053C,313.5
YNR054C,474.9
YNR055C,
YNR056C,
YNR057C,
YNR058W,
YNR059W,
YNR060W,
YNR061C,
YNR062C,
YNR063W,
YNR064C,
YNR065C,562.9
YNR066C,155.8
YNR067C,393.8
YNR068C,
YNR069C,
YNR070W,493.0
YNR071C,
YNR072W,
YNR073C,
YNR074C,634.1
YNR075C-A,
YNR075W,
YNR076W,
YNR077C,
YOL001W,554.5
YOL002C,161.4
YOL003C,
YOL004W,386.2
YOL005C,445.0
YOL006C,
YOL007C,
YOL008W,662.1
YOL009C,
YOL010W,507.8
YOL011W,93.1
YOL012C,
YOL013C,
YOL013W-A,
YOL013W-B,
YOL014W,
YOL015W,
YOL016C,634.7
YOL017W,
YOL018C,452.3
YOL019W,107.2
YOL019W-A,
YOL020W,64.2
YOL021C,591.5
YOL022C,550.5
YOL023W,511.3
YOL024W,
YOL025W,609.9
YOL026C,3495.2
YOL027C,538.7
YOL028C,
YOL029C,
YOL030W,281.0
YOL031C,900.0
YOL032W,1470.5
YOL033W,429.9
YOL034W,
YOL035C,
YOL036W,
YOL037C,
YOL038C-A,
YOL038W,651.2
YOL039W,621.1
YOL040C,657.5
YOL041C,394.6
YOL042W,531.5
YOL043C,
YOL044W,
YOL045W,246.8
YOL046C,
YOL047C,
YOL048C,
YOL049W,576.1
YOL050C,
YOL051W,269.4
YOL052C,680.2
YOL052CA,
YOL052C-A,
YOL053C-A,
YOL053W,462.9
YOL054W,221.5
YOL055C,1436.2
YOL056W,506.0
YOL057W,585.6
YOL058W,
YOL059W,633.6
YOL060C,300.4
YOL061W,595.2
YOL062C,929.0
YOL063C,342.9
YOL064C,731.5
YOL065C,447.0
YOL066C,857.5
YOL067C,
YOL068C,408.1
YOL069W,532.6
YOL070C,269.1
YOL071W,329.2
YOL072W,460.8
YOL073C,
YOL075C,
YOL076W,602.6
YOL077C,667.7
YOL077W-A,157.6
YOL078W,396.8
YOL079W,
YOL080C,344.7
YOL081W,480.3
YOL082W,128.8
YOL083C-A,
YOL083W,426.5
YOL084W,
YOL085C,
YOL085W-A,
YOL086C,368.5
YOL086W-A,1157.3
YOL087C,537.8
YOL088C,387.9
YOL089C,458.5
YOL090W,584.9
YOL091W,
YOL092W,
YOL093W,1211.1
YOL094C,918.5
YOL095C,
YOL096C,346.0
YOL097C,683.7
YOL097W-A,
YOL098C,583.8
YOL099C,
YOL100W,
YOL101C,
YOL102C,451.6
YOL103W,
YOL103W-A,
YOL103W-B,
YOL104C,
YOL105C,
YOL106W,
YOL107W,
YOL108C,230.6
YOL109W,515.1
YOL110W,
YOL111C,794.2
YOL112W,
YOL113W,
YOL114C,
YOL115W,539.5
YOL116W,
YOL117W,
YOL118C,
YOL119C,
YOL120C,578.1
YOL121C,589.5
YOL122C,75.2
YOL123W,553.1
YOL124C,504.1
YOL125W,537.0
YOL126C,168.0
YOL127W,585.3
YOL128C,
YOL129W,
YOL130W,302.6
YOL131W,
YOL132W,
YOL133W,399.2
YOL134C,
YOL135C,474.2
YOL136C,
YOL137W,
YOL138C,544.2
YOL139C,588.1
YOL140W,
YOL141W,402.1
YOL142W,572.8
YOL143C,494.6
YOL144W,504.3
YOL145C,633.8
YOL146W,791.6
YOL147C,491.8
YOL148C,565.5
YOL149W,546.7
YOL150C,
YOL151W,330.0
YOL152W,
YOL153C,
YOL154W,
YOL155C,
YOL155W-A,
YOL156W,
YOL157C,
YOL158C,441.4
YOL159C,
YOL159C-A,1076.9
YOL160W,
YOL161C,
YOL162W,
YOL163W,
YOL164W,
YOL164W-A,
YOL165C,
YOL166C,
YOL166W-A,
YOR001W,721.5
YOR002W,
YOR003W,
YOR004W,533.2
YOR005C,
YOR006C,275.1
YOR007C,609.6
YOR008C,323.1
YOR008C-A,
YOR008W-B,
YOR009W,
YOR010C,
YOR011W,
YOR011W-A,
YOR012W,
YOR013W,
YOR014W,527.8
YOR015W,
YOR016C,586.6
YOR017W,402.5
YOR018W,486.3
YOR019W,
YOR020C,795.5
YOR020W-A,278.6
YOR021C,550.6
YOR022C,485.7
YOR023C,59.2
YOR024W,
YOR025W,
YOR026W,604.9
YOR027W,987.3
YOR028C,39.0
YOR029W,
YOR030W,
YOR031W,
YOR032C,
YOR032W-A,
YOR033C,
YOR034C,126.5
YOR034C-A,
YOR035C,457.2
YOR036W,568.5
YOR037W,506.1
YOR038C,496.0
YOR039W,638.0
YOR040W,374.2
YOR041C,
YOR042W,597.9
YOR043W,
YOR044W,
YOR045W,480.2
YOR046C,605.6
YOR047C,
YOR048C,480.8
YOR049C,
YOR050C,
YOR051C,625.0
YOR052C,37.9
YOR053W,
YOR054C,387.9
YOR055W,
YOR056C,474.2
YOR057W,626.3
YOR058C,4291.2
YOR059C,
YOR060C,
YOR061W,628.1
YOR062C,
YOR063W,553.3
YOR064C,
YOR065W,
YOR066W,
YOR067C,
YOR068C,
YOR069W,624.0
YOR070C,527.0
YOR071C,
YOR072W,
YOR072W-A,
YOR072W-B,
YOR073W,
YOR073W-A,
YOR074C,623.2
YOR075W,250.5
YOR076C,392.1
YOR077W,
YOR078W,189.8
YOR079C,
YOR080W,
YOR081C,127.9
YOR082C,
YOR083W,
YOR084W,
YOR085W,541.5
YOR086C,592.5
YOR087W,899.8
YOR088W,
YOR089C,313.2
YOR090C,449.9
YOR091W,411.0
YOR092W,
YOR093C,335.8
YOR094W,573.5
YOR095C,529.9
YOR096W,596.7
YOR097C,284.9
YOR098C,298.7
YOR099W,184.7
YOR100C,
YOR101W,420.8
YOR102W,
YOR103C,427.0
YOR104W,
YOR105W,
YOR106W,467.6
YOR107W,
YOR108C-A,
YOR108W,387.9
YOR109W,631.0
YOR110W,405.6
YOR111W,421.6
YOR112W,677.4
YOR113W,184.5
YOR114W,
YOR115C,
YOR116C,306.6
YOR117W,590.6
YOR118W,423.5
YOR119C,
YOR120W,284.2
YOR121C,
YOR122C,647.6
YOR123C,550.6
YOR124C,666.5
YOR125C,484.6
YOR126C,558.5
YOR127W,
YOR128C,637.3
YOR129C,367.1
YOR130C,746.7
YOR131C,790.0
YOR132W,706.6
YOR133W,593.3
YOR134W,
YOR135C,
YOR136W,929.4
YOR137C,
YOR138C,635.0
YOR139C,
YOR140W,549.6
YOR141C,689.6
YOR142W,503.1
YOR142W-B,
YOR143C,623.6
YOR144C,
YOR145C,316.1
YOR146W,
YOR147W,
YOR148C,186.9
YOR149C,760.2
YOR150W,430.1
YOR151C,396.9
YOR152C,
YOR153W,490.4
YOR154W,
YOR155C,735.7
YOR156C,
YOR157C,96.8
YOR158W,384.8
YOR159C,
YOR160W,526.1
YOR161C,
YOR161C-C,
YOR161W-A,
YOR161W-B,
YOR162C,
YOR163W,417.0
YOR164C,451.6
YOR165W,555.3
YOR166C,875.2
YOR167C,608.4
YOR168W,638.5
YOR169C,
YOR170W,
YOR171C,297.4
YOR172W,
YOR173W,569.5
YOR174W,1150.4
YOR175C,1197.4
YOR176W,635.2
YOR177C,
YOR178C,
YOR179C,435.4
YOR180C,
YOR181W,396.2
YOR182C,1259.1
YOR183W,
YOR184W,678.5
YOR185C,532.6
YOR186C-A,
YOR186W,
YOR187W,557.3
YOR188W,216.8
YOR189W,263.5
YOR190W,
YOR191W,720.6
YOR192C,
YOR192C-A,
YOR192C-B,
YOR192C-C,
YOR193W,
YOR194C,496.7
YOR195W,302.6
YOR196C,276.4
YOR197W,599.2
YOR198C,754.0
YOR199W,
YOR200W,
YOR201C,
YOR202W,
YOR203W,
YOR204W,547.3
YOR205C,410.0
YOR206W,595.0
YOR207C,403.8
YOR208W,
YOR209C,644.0
YOR210W,1540.9
YOR211C,504.9
YOR212W,446.5
YOR213C,413.8
YOR214C,
YOR215C,307.5
YOR216C,580.3
YOR217W,461.0
YOR218C,
YOR219C,534.9
YOR220W,338.0
YOR221C,853.6
YOR222W,586.0
YOR223W,
YOR224C,737.0
YOR225W,
YOR226C,44.7
YOR227W,558.7
YOR228C,
YOR229W,496.6
YOR230W,922.0
YOR231C-A,
YOR231W,225.8
YOR232W,551.3
YOR233W,387.1
YOR234C,585.8
YOR235W,
YOR236W,399.8
YOR237W,475.0
YOR238W,331.4
YOR239W,599.3
YOR240W,
YOR241W,599.2
YOR242C,
YOR243C,499.6
YOR244W,805.5
YOR245C,462.7
YOR246C,409.2
YOR247W,
YOR248W,
YOR249C,
YOR250C,735.2
YOR251C,589.9
YOR252W,297.9
YOR253W,550.9
YOR254C,613.7
YOR255W,
YOR256C,61.8
YOR257W,575.4
YOR258W,
YOR259C,670.5
YOR260W,640.8
YOR261C,590.6
YOR262W,613.6
YOR263C,
YOR264W,89.0
YOR265W,627.8
YOR266W,833.9
YOR267C,463.6
YOR268C,
YOR269W,
YOR270C,771.1
YOR271C,690.9
YOR272W,478.2
YOR273C,
YOR274W,578.3
YOR275C,584.1
YOR276W,487.4
YOR277C,
YOR278W,45.3
YOR279C,203.1
YOR280C,482.0
YOR281C,705.9
YOR282W,
YOR283W,658.1
YOR284W,
YOR285W,572.4
YOR286W,516.7
YOR287C,316.9
YOR288C,586.7
YOR289W,1146.1
YOR290C,278.2
YOR291W,
YOR292C,
YOR293C-A,
YOR293W,694.5
YOR294W,479.6
YOR295W,
YOR296W,689.2
YOR297C,401.0
YOR298CA,
YOR298C-A,658.3
YOR298W,
YOR299W,
YOR300W,
YOR301W,172.3
YOR302W,
YOR303W,257.0
YOR304CA,
YOR304C-A,288.1
YOR304W,514.1
YOR305W,
YOR306C,
YOR307C,278.5
YOR308C,509.6
YOR309C,
YOR310C,574.8
YOR311C,546.1
YOR312C,614.2
YOR313C,
YOR314W,
YOR314W-A,
YOR315W,
YOR316C,185.4
YOR316C-A,
YOR317W,465.0
YOR318C,
YOR319W,543.3
YOR320C,389.0
YOR321W,405.6
YOR322C,
YOR323C,688.2
YOR324C,
YOR325W,
YOR326W,570.9
YOR327C,336.6
YOR328W,
YOR329C,
YOR329W-A,
YOR330C,
YOR331C,
YOR332W,565.9
YOR333C,
YOR334W,46.9
YOR335C,567.8
YOR335W-A,
YOR336W,423.0
YOR337W,
YOR338W,
YOR339C,
YOR340C,523.1
YOR341W,408.7
YOR342C,33.7
YOR343C,
YOR343W-A,
YOR343W-B,
YOR344C,
YOR345C,
YOR346W,63.4
YOR347C,461.9
YOR348C,
YOR349W,
YOR350C,
YOR351C,
YOR352W,1059.1
YOR353C,644.0
YOR354C,460.8
YOR355W,52.7
YOR356W,366.3
YOR357C,493.7
YOR358W,614.9
YOR359W,389.2
YOR360C,2364.7
YOR361C,632.0
YOR362C,732.3
YOR363C,
YOR364W,
YOR365C,
YOR366W,
YOR367W,296.4
YOR368W,128.2
YOR369C,585.5
YOR370C,412.3
YOR371C,441.7
YOR372C,
YOR373W,214.5
YOR374W,195.7
YOR375C,1035.1
YOR376W,
YOR376W-A,
YOR377W,1630.3
YOR378W,
YOR379C,
YOR380W,
YOR381W,
YOR381W-A,
YOR382W,
YOR383C,
YOR384W,
YOR385W,267.6
YOR386W,
YOR387C,
YOR388C,
YOR389W,
YOR390W,327.3
YOR391C,
YOR392W,
YOR393W,
YOR394C-A,
YOR394W,
YOR396C-A,
YOR396W,83.8
YPL001W,662.0
YPL002C,486.6
YPL003W,
YPL004C,347.5
YPL005W,
YPL006W,365.9
YPL007C,531.1
YPL008W,297.7
YPL009C,526.8
YPL010W,
YPL011C,347.5
YPL012W,587.6
YPL013C,420.0
YPL014W,
YPL015C,517.9
YPL016W,418.9
YPL017C,
YPL018W,
YPL019C,692.9
YPL020C,384.1
YPL021W,
YPL022W,
YPL023C,414.8
YPL024W,
YPL025C,
YPL026C,
YPL027W,
YPL028W,718.7
YPL029W,381.9
YPL030W,736.4
YPL031C,594.9
YPL032C,569.6
YPL033C,
YPL034W,
YPL035C,
YPL036W,328.1
YPL037C,659.9
YPL038W,181.8
YPL038W-A,
YPL039W,
YPL040C,563.1
YPL041C,
YPL042C,
YPL043W,359.9
YPL044C,
YPL045W,723.0
YPL046C,269.0
YPL047W,
YPL048W,605.5
YPL049C,416.3
YPL050C,537.3
YPL051W,488.2
YPL052W,
YPL053C,138.6
YPL054W,
YPL055C,
YPL056C,
YPL057C,
YPL058C,722.4
YPL059W,433.7
YPL060C-A,
YPL060W,
YPL061W,237.9
YPL062W,
YPL063W,576.3
YPL064C,635.7
YPL065W,1035.2
YPL066W,
YPL067C,
YPL068C,
YPL069C,404.0
YPL070W,733.4
YPL071C,
YPL072W,816.1
YPL073C,
YPL074W,495.4
YPL075W,594.5
YPL076W,
YPL077C,
YPL078C,360.3
YPL079W,595.5
YPL080C,
YPL081W,
YPL082C,397.7
YPL083C,498.7
YPL084W,580.1
YPL085W,643.9
YPL086C,773.3
YPL087W,
YPL088W,
YPL089C,
YPL090C,513.6
YPL091W,507.3
YPL092W,2989.3
YPL093W,334.3
YPL094C,591.1
YPL095C,
YPL096C-A,
YPL096W,345.1
YPL097W,
YPL098C,503.4
YPL099C,584.6
YPL100W,
YPL101W,519.0
YPL102C,
YPL103C,365.3
YPL104W,388.9
YPL105C,515.5
YPL106C,777.2
YPL107W,
YPL108W,495.5
YPL109C,
YPL110C,441.5
YPL111W,586.4
YPL112C,427.4
YPL113C,769.1
YPL114W,
YPL115C,578.0
YPL116W,686.4
YPL117C,634.1
YPL118W,322.9
YPL119C,802.3
YPL119C-A,
YPL120W,551.3
YPL121C,
YPL122C,
YPL123C,1003.2
YPL124W,
YPL125W,751.0
YPL126W,478.0
YPL127C,212.6
YPL128C,501.1
YPL129W,632.6
YPL130W,
YPL131W,644.9
YPL132W,531.0
YPL133C,319.3
YPL134C,567.4
YPL135C-A,
YPL135W,48.8
YPL136W,
YPL137C,360.6
YPL138C,487.3
YPL139C,
YPL140C,235.1
YPL141C,444.0
YPL142C,
YPL143W,579.5
YPL144W,783.3
YPL145C,644.7
YPL146C,566.1
YPL147W,
YPL148C,
YPL149W,
YPL150W,
YPL151C,468.8
YPL152W,546.6
YPL152W-A,
YPL153C,466.6
YPL154C,479.0
YPL155C,
YPL156C,
YPL157W,
YPL158C,
YPL159C,
YPL160W,641.2
YPL161C,571.0
YPL162C,
YPL163C,
YPL164C,
YPL165C,
YPL166W,
YPL167C,
YPL168W,317.0
YPL169C,566.1
YPL170W,404.2
YPL171C,
YPL172C,
YPL173W,382.3
YPL174C,
YPL175W,
YPL176C,72.5
YPL177C,
YPL178W,522.9
YPL179W,
YPL180W,424.6
YPL181W,177.9
YPL182C,
YPL183C,531.5
YPL183WA,
YPL183W-A,
YPL184C,734.9
YPL185W,
YPL186C,291.5
YPL187W,13.9
YPL188W,566.3
YPL189C-A,
YPL189W,
YPL190C,304.4
YPL191C,334.4
YPL192C,
YPL193W,178.8
YPL194W,218.9
YPL195W,491.5
YPL196W,482.0
YPL197C,
YPL198W,458.2
YPL199C,474.1
YPL200W,
YPL201C,
YPL202C,
YPL203W,
YPL204W,398.9
YPL205C,
YPL206C,525.8
YPL207W,276.8
YPL208W,956.2
YPL209C,
YPL210C,563.6
YPL211W,720.7
YPL212C,553.2
YPL213W,
YPL214C,
YPL215W,413.7
YPL216W,
YPL217C,520.8
YPL218W,538.6
YPL219W,459.3
YPL220W,607.6
YPL221W,207.1
YPL222C-A,
YPL222W,681.7
YPL223C,
YPL224C,
YPL225W,665.9
YPL226W,541.9
YPL227C,626.7
YPL228W,435.5
YPL229W,
YPL230W,
YPL231W,709.1
YPL232W,387.0
YPL233W,597.0
YPL234C,
YPL235W,630.6
YPL236C,
YPL237W,576.5
YPL238C,
YPL239W,646.5
YPL240C,3898.6
YPL241C,572.6
YPL242C,1180.4
YPL243W,596.5
YPL244C,
YPL245W,551.0
YPL246C,520.1
YPL247C,635.6
YPL248C,
YPL249C,675.4
YPL249CA,
YPL249C-A,583.0
YPL250C,
YPL250W-A,
YPL251W,
YPL252C,668.2
YPL253C,56.1
YPL254W,403.6
YPL255W,718.3
YPL256C,
YPL257W,
YPL257W-A,
YPL257W-B,
YPL258C,1436.2
YPL259C,535.3
YPL260W,661.1
YPL261C,
YPL262W,561.4
YPL263C,943.4
YPL264C,
YPL265W,156.7
YPL266W,495.6
YPL267W,
YPL268W,
YPL269W,
YPL270W,387.5
YPL271W,373.9
YPL272C,
YPL273W,902.9
YPL274W,234.8
YPL275W,
YPL276W,
YPL277C,
YPL278C,
YPL279C,327.3
YPL280W,
YPL281C,
YPL282C,
YPL283C,83.8
YPL283W-A,
YPL283W-B,
YPR001W,703.5
YPR002C-A,
YPR002W,
YPR003C,
YPR004C,548.6
YPR005C,
YPR006C,
YPR007C,
YPR008W,465.2
YPR009W,
YPR010C,336.7
YPR010C-A,
YPR011C,249.7
YPR012W,
YPR013C,
YPR014C,
YPR015C,
YPR016C,646.9
YPR016W-A,
YPR017C,480.7
YPR018W,341.0
YPR019W,603.9
YPR020W,413.5
YPR021C,392.0
YPR022C,
YPR023C,394.0
YPR024W,
YPR025C,677.7
YPR026W,
YPR027C,
YPR028W,574.1
YPR029C,654.3
YPR030W,
YPR031W,
YPR032W,422.3
YPR033C,436.5
YPR034W,606.2
YPR035W,402.2
YPR036W,676.9
YPR036W-A,
YPR037C,362.5
YPR038W,
YPR039W,
YPR040W,719.4
YPR041W,656.7
YPR042C,
YPR043W,64.7
YPR044C,
YPR045C,317.2
YPR046W,
YPR047W,410.1
YPR048W,422.8
YPR049C,
YPR050C,
YPR051W,291.0
YPR052C,526.4
YPR053C,
YPR054W,
YPR055W,587.1
YPR056W,480.6
YPR057W,422.9
YPR058W,563.4
YPR059C,
YPR060C,758.7
YPR061C,
YPR062W,434.0
YPR063C,624.6
YPR064W,
YPR065W,29.6
YPR066W,
YPR067W,466.4
YPR068C,
YPR069C,738.7
YPR070W,
YPR071W,
YPR072W,483.8
YPR073C,721.8
YPR074C,809.2
YPR074W-A,
YPR075C,120.8
YPR076W,
YPR077C,
YPR078C,
YPR079W,224.0
YPR080W,598.9
YPR081C,
YPR082C,
YPR083W,439.8
YPR084W,
YPR085C,985.6
YPR086W,427.9
YPR087W,
YPR088C,421.7
YPR089W,570.2
YPR090W,
YPR091C,579.6
YPR092W,
YPR093C,462.7
YPR094W,346.1
YPR095C,230.5
YPR096C,
YPR097W,634.1
YPR098C,415.3
YPR099C,
YPR100W,
YPR101W,443.4
YPR102C,619.3
YPR103W,637.4
YPR104C,272.1
YPR105C,742.7
YPR106W,
YPR107C,433.6
YPR108W,700.7
YPR108W-A,
YPR109W,
YPR110C,574.0
YPR111W,551.3
YPR112C,369.8
YPR113W,494.1
YPR114W,598.5
YPR115W,427.1
YPR116W,349.4
YPR117W,
YPR118W,577.3
YPR119W,31.0
YPR120C,
YPR121W,
YPR122W,
YPR123C,
YPR124W,
YPR125W,553.9
YPR126C,
YPR127W,703.7
YPR128C,459.0
YPR129W,575.9
YPR130C,
YPR131C,704.6
YPR132W,615.3
YPR133C,518.8
YPR133WA,
YPR133W-A,565.8
YPR134W,
YPR135W,577.5
YPR136C,
YPR137C-B,
YPR137W,557.0
YPR138C,
YPR139C,786.9
YPR140W,315.4
YPR141C,281.0
YPR142C,
YPR143W,509.7
YPR144C,675.8
YPR145C-A,
YPR145W,1145.7
YPR146C,
YPR147C,717.2
YPR148C,638.8
YPR149W,
YPR150W,
YPR151C,
YPR152C,547.2
YPR153W,
YPR154W,376.9
YPR155C,83.5
YPR156C,425.6
YPR157W,
YPR158C-C,
YPR158C-D,
YPR158W,
YPR158W-A,
YPR158W-B,
YPR159C-A,
YPR159W,166.5
YPR160C-A,
YPR160W,485.1
YPR160W-A,
YPR161C,485.0
YPR162C,480.4
YPR163C,579.9
YPR164W,
YPR165W,1070.4
YPR166C,289.1
YPR167C,
YPR168W,519.0
YPR169W,605.0
YPR169W-A,862.3
YPR170C,
YPR170W-A,
YPR170W-B,862.3
YPR171W,372.6
YPR172W,713.4
YPR173C,419.9
YPR174C,1257.4
YPR175W,676.3
YPR176C,1370.6
YPR177C,
YPR178W,694.2
YPR179C,525.7
YPR180W,494.5
YPR181C,650.6
YPR182W,604.2
YPR183W,882.8
YPR184W,
YPR185W,817.0
YPR186C,441.5
YPR187W,351.7
YPR188C,199.7
YPR189W,570.1
YPR190C,608.3
YPR191W,630.4
YPR192W,
YPR193C,
YPR194C,
YPR195C,
YPR196W,
YPR197C,
YPR198W,
YPR199C,
YPR200C,
YPR201W,
YPR202W,83.8
YPR203W,83.8
YPR204C-A,
YPR204W,83.8
