ID,Physical interaction
Q0010,
Q0017,
Q0032,
Q0045,22.0
Q0050,6.0
Q0055,1.0
Q0060,1.0
Q0065,1.0
Q0070,1.0
Q0075,1.0
Q0080,7.0
Q0085,11.0
Q0092,
Q0105,13.0
Q0110,2.0
Q0115,3.0
Q0120,5.0
Q0130,10.0
Q0140,10.0
Q0142,
Q0143,
Q0144,
Q0160,
Q0182,
Q0250,27.0
Q0255,1.0
Q0275,19.0
Q0297,
R0020C,
R0040C,
snR10,
YAL001C,18.0
YAL002W,273.0
YAL003W,45.0
YAL004W,
YAL005C,520.0
YAL007C,53.0
YAL008W,13.0
YAL009W,13.0
YAL010C,135.0
YAL011W,277.0
YAL012W,119.0
YAL013W,268.0
YAL014C,17.0
YAL015C,19.0
YAL016C-A,
YAL016C-B,
YAL016W,44.0
YAL017W,28.0
YAL018C,22.0
YAL019W,75.0
YAL019W-A,
YAL020C,50.0
YAL021C,112.0
YAL022C,9.0
YAL023C,134.0
YAL024C,160.0
YAL025C,23.0
YAL026C,131.0
YAL026C-A,
YAL027W,18.0
YAL028W,62.0
YAL029C,43.0
YAL030W,41.0
YAL031C,16.0
YAL031W-A,
YAL032C,31.0
YAL033W,20.0
YAL034C,14.0
YAL034C-B,
YAL034WA,
YAL034W-A,42.0
YAL035C-A,
YAL035W,50.0
YAL036C,24.0
YAL037C-A,
YAL037C-B,
YAL037W,3.0
YAL038W,121.0
YAL039C,23.0
YAL040C,113.0
YAL041W,51.0
YAL042C-A,
YAL042W,59.0
YAL043C,58.0
YAL043C-A,
YAL044C,36.0
YAL044W-A,2.0
YAL045C,
YAL046C,6.0
YAL047C,63.0
YAL047W-A,
YAL048C,79.0
YAL049C,6.0
YAL051W,35.0
YAL053W,29.0
YAL054C,21.0
YAL055W,50.0
YAL056C-A,
YAL056W,32.0
YAL058C-A,
YAL058W,104.0
YAL059C-A,
YAL059W,25.0
YAL060W,19.0
YAL061W,6.0
YAL062W,20.0
YAL063C,7.0
YAL063C-A,2.0
YAL064C-A,7.0
YAL064W,
YAL064W-B,2.0
YAL065C,12.0
YAL065C-A,
YAL066W,
YAL067C,15.0
YAL067W-A,
YAL068C,5.0
YAL068W-A,
YAL069W,
YAR002CA,
YAR002C-A,81.0
YAR002W,151.0
YAR003W,175.0
YAR007C,107.0
YAR008W,5.0
YAR009C,
YAR010C,
YAR014C,91.0
YAR015W,25.0
YAR018C,86.0
YAR019C,58.0
YAR019W-A,
YAR020C,4.0
YAR023C,6.0
YAR027W,41.0
YAR028W,16.0
YAR029W,59.0
YAR030C,
YAR031W,16.0
YAR033W,14.0
YAR035C-A,
YAR035W,14.0
YAR037W,
YAR040C,
YAR042W,43.0
YAR043C,
YAR044W,
YAR047C,
YAR050W,15.0
YAR052C,
YAR053W,
YAR060C,
YAR061W,
YAR062W,
YAR064W,1.0
YAR066W,7.0
YAR068W,2.0
YAR069C,
YAR070C,
YAR071W,
YAR073W,
YAR074C,
YAR075W,
YBL001C,15.0
YBL002W,112.0
YBL003C,144.0
YBL004W,52.0
YBL005W,36.0
YBL005WA,
YBL005W-A,
YBL005W-B,
YBL006C,31.0
YBL006W-A,
YBL007C,242.0
YBL008W,123.0
YBL008W-A,
YBL009W,10.0
YBL010C,17.0
YBL011W,66.0
YBL012C,
YBL013W,30.0
YBL014C,15.0
YBL015W,48.0
YBL016W,159.0
YBL017C,88.0
YBL018C,92.0
YBL019W,21.0
YBL020W,12.0
YBL021C,86.0
YBL022C,62.0
YBL023C,58.0
YBL024W,51.0
YBL025W,23.0
YBL026W,32.0
YBL027W,73.0
YBL028C,8.0
YBL029C-A,1.0
YBL029W,7.0
YBL030C,48.0
YBL031W,55.0
YBL032W,34.0
YBL033C,6.0
YBL034C,29.0
YBL035C,20.0
YBL036C,41.0
YBL037W,31.0
YBL038W,15.0
YBL039C,79.0
YBL039C-A,
YBL039W-B,2.0
YBL040C,15.0
YBL041W,33.0
YBL042C,18.0
YBL043W,18.0
YBL044W,4.0
YBL045C,64.0
YBL046W,28.0
YBL047C,116.0
YBL048W,
YBL049W,9.0
YBL050W,39.0
YBL051C,81.0
YBL052C,69.0
YBL053W,
YBL054W,29.0
YBL055C,24.0
YBL056W,24.0
YBL057C,28.0
YBL058W,143.0
YBL059C-A,4.0
YBL059W,25.0
YBL060W,15.0
YBL061C,95.0
YBL062W,
YBL063W,29.0
YBL064C,30.0
YBL065W,
YBL066C,27.0
YBL067C,56.0
YBL068W,23.0
YBL068W-A,
YBL069W,9.0
YBL070C,
YBL071C,
YBL071C-B,2.0
YBL071W-A,10.0
YBL072C,227.0
YBL073W,
YBL074C,13.0
YBL075C,69.0
YBL076C,30.0
YBL077W,
YBL078C,78.0
YBL079W,69.0
YBL080C,4.0
YBL081W,26.0
YBL082C,76.0
YBL083C,
YBL084C,30.0
YBL085W,36.0
YBL086C,14.0
YBL087C,58.0
YBL088C,69.0
YBL089W,49.0
YBL090W,14.0
YBL091C,15.0
YBL091CA,
YBL091C-A,15.0
YBL092W,27.0
YBL093C,49.0
YBL094C,
YBL095W,23.0
YBL096C,
YBL097W,14.0
YBL098W,29.0
YBL099W,75.0
YBL100C,
YBL100W-A,
YBL100W-B,
YBL100W-C,
YBL101C,38.0
YBL101WA,
YBL101W-A,
YBL101W-B,
YBL102W,57.0
YBL103C,206.0
YBL104C,53.0
YBL105C,110.0
YBL106C,17.0
YBL107C,10.0
YBL107WA,
YBL107W-A,
YBL108C-A,
YBL108W,
YBL109W,
YBL111C,6.0
YBL112C,2.0
YBL113C,3.0
YBL113W-A,
YBR001C,21.0
YBR002C,13.0
YBR003W,14.0
YBR004C,13.0
YBR005W,17.0
YBR006W,16.0
YBR007C,10.0
YBR008C,7.0
YBR009C,272.0
YBR010W,269.0
YBR011C,48.0
YBR012C,
YBR012W-A,
YBR012W-B,
YBR013C,6.0
YBR014C,18.0
YBR015C,69.0
YBR016W,15.0
YBR017C,31.0
YBR018C,35.0
YBR019C,35.0
YBR020W,22.0
YBR021W,8.0
YBR022W,10.0
YBR023C,96.0
YBR024W,18.0
YBR025C,56.0
YBR026C,137.0
YBR027C,
YBR028C,22.0
YBR029C,23.0
YBR030W,25.0
YBR031W,124.0
YBR032W,
YBR033W,33.0
YBR034C,47.0
YBR035C,106.0
YBR036C,379.0
YBR037C,9.0
YBR038W,17.0
YBR039W,44.0
YBR040W,6.0
YBR041W,68.0
YBR042C,27.0
YBR043C,10.0
YBR044C,32.0
YBR045C,14.0
YBR046C,14.0
YBR047W,10.0
YBR048W,73.0
YBR049C,37.0
YBR050C,13.0
YBR051W,
YBR052C,16.0
YBR053C,11.0
YBR054W,17.0
YBR055C,40.0
YBR056C-B,
YBR056W,40.0
YBR056W-A,
YBR057C,96.0
YBR058C,77.0
YBR058C-A,48.0
YBR059C,54.0
YBR060C,40.0
YBR061C,35.0
YBR062C,6.0
YBR063C,4.0
YBR064W,
YBR065C,42.0
YBR066C,24.0
YBR067C,12.0
YBR068C,34.0
YBR069C,40.0
YBR070C,13.0
YBR071W,11.0
YBR072C-A,
YBR072W,48.0
YBR073W,53.0
YBR074W,7.0
YBR075W,
YBR076C-A,
YBR076W,37.0
YBR077C,23.0
YBR078W,123.0
YBR079C,72.0
YBR080C,67.0
YBR081C,74.0
YBR082C,211.0
YBR083W,49.0
YBR084C-A,33.0
YBR084W,80.0
YBR085C-A,5.0
YBR085W,24.0
YBR086C,49.0
YBR087W,67.0
YBR088C,191.0
YBR089CA,
YBR089C-A,46.0
YBR089W,
YBR090C,13.0
YBR090C-A,
YBR091C,16.0
YBR092C,13.0
YBR093C,16.0
YBR094W,45.0
YBR095C,248.0
YBR096W,7.0
YBR097W,26.0
YBR098W,89.0
YBR099C,
YBR100W,
YBR101C,8.0
YBR102C,41.0
YBR103C-A,
YBR103W,182.0
YBR104W,26.0
YBR105C,37.0
YBR106W,169.0
YBR107C,56.0
YBR108W,111.0
YBR109C,72.0
YBR109W-A,
YBR110W,41.0
YBR111C,55.0
YBR111W-A,113.0
YBR112C,70.0
YBR113W,
YBR114W,39.0
YBR115C,10.0
YBR116C,
YBR117C,6.0
YBR118W,155.0
YBR119W,57.0
YBR120C,12.0
YBR121C,32.0
YBR121C-A,
YBR122C,27.0
YBR123C,10.0
YBR124W,
YBR125C,64.0
YBR126C,199.0
YBR126W-A,
YBR126W-B,
YBR127C,109.0
YBR128C,44.0
YBR129C,40.0
YBR130C,52.0
YBR131C-A,
YBR131W,107.0
YBR132C,20.0
YBR133C,21.0
YBR134W,
YBR135W,112.0
YBR136W,94.0
YBR137W,14.0
YBR138C,10.0
YBR139W,28.0
YBR140C,29.0
YBR141C,32.0
YBR141W-A,
YBR142W,40.0
YBR143C,34.0
YBR144C,
YBR145W,12.0
YBR146W,21.0
YBR147W,41.0
YBR148W,6.0
YBR149W,18.0
YBR150C,19.0
YBR151W,5.0
YBR152W,14.0
YBR153W,6.0
YBR154C,70.0
YBR155W,19.0
YBR156C,29.0
YBR157C,18.0
YBR158W,34.0
YBR159W,138.0
YBR160W,84.0
YBR161W,9.0
YBR162C,20.0
YBR162WA,
YBR162W-A,27.0
YBR163W,13.0
YBR164C,189.0
YBR165W,19.0
YBR166C,9.0
YBR167C,69.0
YBR168W,44.0
YBR169C,30.0
YBR170C,32.0
YBR171W,256.0
YBR172C,34.0
YBR173C,73.0
YBR174C,
YBR175W,204.0
YBR176W,14.0
YBR177C,45.0
YBR178W,
YBR179C,43.0
YBR180W,13.0
YBR181C,91.0
YBR182C,17.0
YBR182C-A,
YBR183W,35.0
YBR184W,5.0
YBR185C,85.0
YBR186W,21.0
YBR187W,13.0
YBR188C,32.0
YBR189W,69.0
YBR190W,
YBR191W,32.0
YBR191W-A,
YBR192W,16.0
YBR193C,87.0
YBR194W,139.0
YBR195C,86.0
YBR196C,35.0
YBR196C-A,2.0
YBR196C-B,
YBR197C,7.0
YBR198C,82.0
YBR199W,14.0
YBR200W,277.0
YBR200W-A,
YBR201C-A,1.0
YBR201W,61.0
YBR202W,32.0
YBR203W,8.0
YBR204C,4.0
YBR205W,27.0
YBR206W,
YBR207W,16.0
YBR208C,13.0
YBR209W,
YBR210W,20.0
YBR211C,40.0
YBR212W,42.0
YBR213W,12.0
YBR214W,20.0
YBR215W,111.0
YBR216C,18.0
YBR217W,21.0
YBR218C,80.0
YBR219C,7.0
YBR220C,11.0
YBR221C,138.0
YBR221W-A,
YBR222C,16.0
YBR223C,25.0
YBR223W-A,
YBR224W,
YBR225W,29.0
YBR226C,
YBR227C,33.0
YBR228W,21.0
YBR229C,100.0
YBR230C,18.0
YBR230W-A,1.0
YBR231C,369.0
YBR232C,
YBR233W,26.0
YBR233W-A,8.0
YBR234C,20.0
YBR235W,34.0
YBR236C,10.0
YBR237W,12.0
YBR238C,67.0
YBR239C,16.0
YBR240C,11.0
YBR241C,5.0
YBR242W,5.0
YBR243C,32.0
YBR244W,22.0
YBR245C,148.0
YBR246W,25.0
YBR247C,46.0
YBR248C,9.0
YBR249C,19.0
YBR250W,8.0
YBR251W,19.0
YBR252W,20.0
YBR253W,27.0
YBR254C,102.0
YBR255C-A,5.0
YBR255W,85.0
YBR256C,10.0
YBR257W,25.0
YBR258C,23.0
YBR259W,9.0
YBR260C,76.0
YBR261C,14.0
YBR262C,26.0
YBR263W,28.0
YBR264C,19.0
YBR265W,24.0
YBR266C,
YBR267W,179.0
YBR268W,8.0
YBR269C,20.0
YBR270C,27.0
YBR271W,5.0
YBR272C,33.0
YBR273C,25.0
YBR274W,129.0
YBR275C,59.0
YBR276C,10.0
YBR277C,
YBR278W,86.0
YBR279W,107.0
YBR280C,9.0
YBR281C,16.0
YBR282W,13.0
YBR283C,111.0
YBR284W,23.0
YBR285W,11.0
YBR286W,22.0
YBR287W,17.0
YBR288C,70.0
YBR289W,142.0
YBR290W,53.0
YBR291C,69.0
YBR292C,
YBR293W,13.0
YBR294W,37.0
YBR295W,16.0
YBR296C,15.0
YBR296C-A,
YBR297W,14.0
YBR298C,23.0
YBR298C-A,2.0
YBR299W,19.0
YBR300C,
YBR301W,4.0
YBR302C,2.0
YCL001W,118.0
YCL001W-A,13.0
YCL001W-B,1.0
YCL002C,22.0
YCL003W,
YCL004W,10.0
YCL005W,7.0
YCL005W-A,7.0
YCL006C,
YCL007C,
YCL008C,100.0
YCL009C,40.0
YCL010C,174.0
YCL011C,72.0
YCL012C,2.0
YCL012W,
YCL013W,
YCL014W,50.0
YCL016C,206.0
YCL017C,17.0
YCL018W,14.0
YCL019W,
YCL020W,
YCL021W,
YCL021W-A,
YCL022C,
YCL023C,
YCL024W,43.0
YCL025C,64.0
YCL026C,
YCL026CA,
YCL026C-A,8.0
YCL026C-B,3.0
YCL027W,20.0
YCL028W,58.0
YCL029C,92.0
YCL030C,13.0
YCL031C,45.0
YCL032W,307.0
YCL033C,13.0
YCL034W,11.0
YCL035C,29.0
YCL036W,14.0
YCL037C,127.0
YCL038C,16.0
YCL039W,18.0
YCL040W,25.0
YCL041C,
YCL042W,7.0
YCL043C,43.0
YCL044C,80.0
YCL045C,43.0
YCL046W,
YCL047C,5.0
YCL048W,20.0
YCL048W-A,1.0
YCL049C,6.0
YCL050C,21.0
YCL051W,25.0
YCL052C,24.0
YCL053C,
YCL054W,33.0
YCL054W-A,
YCL055W,18.0
YCL056C,19.0
YCL057C-A,10.0
YCL057W,6.0
YCL058C,
YCL058W-A,
YCL059C,78.0
YCL060C,
YCL061C,243.0
YCL062W,
YCL063W,47.0
YCL064C,17.0
YCL065W,
YCL066W,2.0
YCL067C,2.0
YCL068C,1.0
YCL069W,4.0
YCL073C,2.0
YCL074W,
YCL075W,
YCL076W,
YCR001W,
YCR002C,62.0
YCR003W,6.0
YCR004C,14.0
YCR005C,25.0
YCR006C,
YCR007C,16.0
YCR008W,76.0
YCR009C,350.0
YCR010C,7.0
YCR011C,21.0
YCR012W,57.0
YCR013C,
YCR014C,18.0
YCR015C,7.0
YCR016W,50.0
YCR017C,63.0
YCR018C,7.0
YCR018C-A,
YCR019W,10.0
YCR020C,10.0
YCR020CA,
YCR020C-A,41.0
YCR020WB,
YCR020W-B,32.0
YCR021C,19.0
YCR022C,
YCR023C,9.0
YCR024C,22.0
YCR024CA,
YCR024C-A,30.0
YCR024C-B,2.0
YCR025C,
YCR026C,14.0
YCR027C,16.0
YCR028C,34.0
YCR028CA,
YCR028C-A,144.0
YCR029C,
YCR029C-A,
YCR030C,43.0
YCR031C,73.0
YCR032W,81.0
YCR033W,233.0
YCR034W,201.0
YCR035C,27.0
YCR036W,35.0
YCR037C,20.0
YCR038C,11.0
YCR038W-A,
YCR039C,9.0
YCR040W,3.0
YCR041W,
YCR042C,27.0
YCR043C,15.0
YCR044C,171.0
YCR045C,4.0
YCR045W-A,
YCR046C,25.0
YCR047C,10.0
YCR047W-A,
YCR048W,51.0
YCR049C,
YCR050C,7.0
YCR051W,12.0
YCR052W,107.0
YCR053W,282.0
YCR054C,2.0
YCR055C,
YCR056W,
YCR057C,34.0
YCR058C,
YCR059C,12.0
YCR060W,30.0
YCR061W,41.0
YCR062W,
YCR063W,176.0
YCR064C,
YCR065W,148.0
YCR066W,113.0
YCR067C,32.0
YCR068W,47.0
YCR069W,5.0
YCR070W,
YCR071C,25.0
YCR072C,32.0
YCR073C,26.0
YCR073WA,
YCR073W-A,33.0
YCR074C,
YCR075C,23.0
YCR075W-A,1.0
YCR076C,23.0
YCR077C,343.0
YCR079W,55.0
YCR080W,
YCR081C-A,
YCR081W,119.0
YCR082W,25.0
YCR083W,19.0
YCR084C,50.0
YCR085W,
YCR086W,189.0
YCR087C-A,13.0
YCR087W,
YCR088W,53.0
YCR089W,26.0
YCR090C,39.0
YCR091W,27.0
YCR092C,23.0
YCR093W,58.0
YCR094W,34.0
YCR095C,46.0
YCR095W-A,
YCR096C,1.0
YCR097W,8.0
YCR097WA,
YCR097W-A,
YCR097WB,
YCR098C,10.0
YCR099C,5.0
YCR100C,11.0
YCR101C,10.0
YCR102C,17.0
YCR102WA,
YCR102W-A,
YCR103C,
YCR104W,2.0
YCR105W,13.0
YCR106W,20.0
YCR107W,4.0
YCR108C,
YDL001W,43.0
YDL002C,226.0
YDL003W,35.0
YDL004W,10.0
YDL005C,96.0
YDL006W,339.0
YDL007C-A,
YDL007W,76.0
YDL008W,30.0
YDL009C,
YDL010W,12.0
YDL011C,
YDL012C,9.0
YDL013W,339.0
YDL014W,203.0
YDL015C,36.0
YDL016C,
YDL017W,26.0
YDL018C,17.0
YDL019C,35.0
YDL020C,332.0
YDL021W,6.0
YDL022C-A,
YDL022W,38.0
YDL023C,
YDL024C,10.0
YDL025C,35.0
YDL025W-A,
YDL026W,
YDL027C,9.0
YDL028C,38.0
YDL029W,75.0
YDL030W,45.0
YDL031W,37.0
YDL032W,
YDL033C,143.0
YDL034W,
YDL035C,21.0
YDL036C,16.0
YDL037C,5.0
YDL038C,
YDL039C,27.0
YDL040C,58.0
YDL041W,
YDL042C,134.0
YDL043C,37.0
YDL044C,11.0
YDL045C,2.0
YDL045WA,
YDL045W-A,15.0
YDL046W,7.0
YDL047W,70.0
YDL048C,19.0
YDL049C,6.0
YDL050C,
YDL051W,65.0
YDL052C,41.0
YDL053C,59.0
YDL054C,18.0
YDL055C,69.0
YDL056W,76.0
YDL057W,1.0
YDL058W,25.0
YDL059C,63.0
YDL060W,34.0
YDL061C,44.0
YDL062W,
YDL063C,7.0
YDL064W,37.0
YDL065C,118.0
YDL066W,24.0
YDL067C,47.0
YDL068W,
YDL069C,10.0
YDL070W,65.0
YDL071C,
YDL072C,43.0
YDL073W,9.0
YDL074C,258.0
YDL075W,48.0
YDL076C,86.0
YDL077C,128.0
YDL078C,52.0
YDL079C,18.0
YDL080C,48.0
YDL081C,125.0
YDL082W,85.0
YDL083C,87.0
YDL084W,68.0
YDL085C-A,6.0
YDL085W,37.0
YDL086C-A,
YDL086W,12.0
YDL087C,33.0
YDL088C,46.0
YDL089W,13.0
YDL090C,36.0
YDL091C,29.0
YDL092W,19.0
YDL093W,20.0
YDL094C,
YDL095W,104.0
YDL096C,
YDL097C,128.0
YDL098C,18.0
YDL099W,60.0
YDL100C,198.0
YDL101C,121.0
YDL102W,46.0
YDL103C,22.0
YDL104C,36.0
YDL105W,6.0
YDL106C,59.0
YDL107W,7.0
YDL108W,26.0
YDL109C,5.0
YDL110C,27.0
YDL111C,36.0
YDL112W,22.0
YDL113C,33.0
YDL114W,11.0
YDL114W-A,
YDL115C,100.0
YDL116W,186.0
YDL117W,120.0
YDL118W,52.0
YDL119C,45.0
YDL120W,18.0
YDL121C,19.0
YDL122W,52.0
YDL123W,8.0
YDL124W,11.0
YDL125C,17.0
YDL126C,101.0
YDL127W,25.0
YDL128W,20.0
YDL129W,15.0
YDL130W,58.0
YDL130WA,
YDL130W-A,20.0
YDL131W,44.0
YDL132W,51.0
YDL133CA,
YDL133C-A,18.0
YDL133W,33.0
YDL134C,79.0
YDL134C-A,
YDL135C,48.0
YDL136W,78.0
YDL137W,42.0
YDL138W,11.0
YDL139C,14.0
YDL140C,229.0
YDL141W,5.0
YDL142C,107.0
YDL143W,40.0
YDL144C,15.0
YDL145C,60.0
YDL146W,14.0
YDL147W,69.0
YDL148C,64.0
YDL149W,63.0
YDL150W,27.0
YDL151C,
YDL152W,
YDL153C,52.0
YDL154W,14.0
YDL155W,71.0
YDL156W,61.0
YDL157C,51.0
YDL158C,
YDL159C-B,
YDL159W,27.0
YDL159W-A,1.0
YDL160C,71.0
YDL160C-A,9.0
YDL161W,19.0
YDL162C,
YDL163W,
YDL164C,29.0
YDL165W,70.0
YDL166C,15.0
YDL167C,26.0
YDL168W,34.0
YDL169C,8.0
YDL170W,16.0
YDL171C,45.0
YDL172C,
YDL173W,57.0
YDL174C,16.0
YDL175C,39.0
YDL176W,15.0
YDL177C,7.0
YDL178W,10.0
YDL179W,13.0
YDL180W,42.0
YDL181W,33.0
YDL182W,52.0
YDL183C,28.0
YDL184C,33.0
YDL185C-A,
YDL185W,110.0
YDL186W,24.0
YDL187C,
YDL188C,56.0
YDL189W,10.0
YDL190C,76.0
YDL191W,98.0
YDL192W,228.0
YDL193W,27.0
YDL194W,25.0
YDL195W,39.0
YDL196W,
YDL197C,19.0
YDL198C,15.0
YDL199C,16.0
YDL200C,17.0
YDL201W,17.0
YDL202W,17.0
YDL203C,47.0
YDL204W,15.0
YDL205C,6.0
YDL206W,13.0
YDL207W,23.0
YDL208W,42.0
YDL209C,31.0
YDL210W,21.0
YDL211C,6.0
YDL212W,92.0
YDL213C,42.0
YDL214C,14.0
YDL215C,38.0
YDL216C,31.0
YDL217C,19.0
YDL218W,7.0
YDL219W,16.0
YDL220C,44.0
YDL221W,
YDL222C,22.0
YDL223C,47.0
YDL224C,35.0
YDL225W,51.0
YDL226C,99.0
YDL227C,21.0
YDL228C,
YDL229W,604.0
YDL230W,27.0
YDL231C,11.0
YDL232W,42.0
YDL233W,27.0
YDL234C,22.0
YDL235C,40.0
YDL236W,39.0
YDL237W,10.0
YDL238C,4.0
YDL239C,26.0
YDL240C-A,
YDL240W,51.0
YDL241W,5.0
YDL242W,
YDL243C,23.0
YDL244W,3.0
YDL245C,3.0
YDL246C,7.0
YDL247W,2.0
YDL247W-A,
YDL248W,3.0
YDR001C,41.0
YDR002W,30.0
YDR003W,9.0
YDR003W-A,3.0
YDR004W,88.0
YDR005C,50.0
YDR006C,38.0
YDR007W,27.0
YDR008C,
YDR009W,28.0
YDR010C,
YDR011W,22.0
YDR012W,75.0
YDR013W,26.0
YDR014W,66.0
YDR014W-A,6.0
YDR015C,
YDR016C,16.0
YDR017C,238.0
YDR018C,5.0
YDR019C,8.0
YDR020C,9.0
YDR021W,7.0
YDR022C,13.0
YDR023W,43.0
YDR024W,
YDR025W,82.0
YDR026C,21.0
YDR027C,80.0
YDR028C,66.0
YDR029W,
YDR030C,3.0
YDR031W,4.0
YDR032C,40.0
YDR033W,46.0
YDR034C,9.0
YDR034CA,
YDR034C-A,2.0
YDR034C-C,
YDR034C-D,
YDR034WB,
YDR034W-B,1.0
YDR035W,12.0
YDR036C,14.0
YDR037W,30.0
YDR038C,10.0
YDR039C,14.0
YDR040C,22.0
YDR041W,19.0
YDR042C,10.0
YDR043C,80.0
YDR044W,13.0
YDR045C,48.0
YDR046C,10.0
YDR047W,8.0
YDR048C,
YDR049W,151.0
YDR050C,46.0
YDR051C,8.0
YDR052C,58.0
YDR053W,
YDR054C,52.0
YDR055W,9.0
YDR056C,31.0
YDR057W,37.0
YDR058C,51.0
YDR059C,24.0
YDR060W,60.0
YDR061W,16.0
YDR062W,25.0
YDR063W,19.0
YDR064W,70.0
YDR065W,21.0
YDR066C,6.0
YDR067C,55.0
YDR068W,16.0
YDR069C,83.0
YDR070C,10.0
YDR071C,102.0
YDR072C,77.0
YDR073W,57.0
YDR074W,243.0
YDR075W,125.0
YDR076W,108.0
YDR077W,37.0
YDR078C,17.0
YDR079C-A,8.0
YDR079W,9.0
YDR080W,196.0
YDR081C,8.0
YDR082W,18.0
YDR083W,96.0
YDR084C,14.0
YDR085C,16.0
YDR086C,26.0
YDR087C,61.0
YDR088C,24.0
YDR089W,4.0
YDR090C,12.0
YDR091C,54.0
YDR092W,110.0
YDR093W,24.0
YDR094W,
YDR095C,
YDR096W,49.0
YDR097C,42.0
YDR098C,30.0
YDR098C-A,
YDR098C-B,
YDR099W,136.0
YDR100W,56.0
YDR101C,84.0
YDR102C,
YDR103W,33.0
YDR104C,22.0
YDR105C,32.0
YDR106W,7.0
YDR107C,13.0
YDR108W,209.0
YDR109C,1.0
YDR110W,48.0
YDR111C,19.0
YDR112W,
YDR113C,63.0
YDR114C,3.0
YDR115W,8.0
YDR116C,59.0
YDR117C,17.0
YDR118W,16.0
YDR118W-A,
YDR119W,12.0
YDR119W-A,3.0
YDR120C,56.0
YDR121W,71.0
YDR122W,47.0
YDR123C,129.0
YDR124W,24.0
YDR125C,5.0
YDR126W,120.0
YDR127W,267.0
YDR128W,83.0
YDR129C,83.0
YDR130C,33.0
YDR131C,11.0
YDR132C,22.0
YDR133C,
YDR134C,
YDR135C,14.0
YDR136C,
YDR137W,300.0
YDR138W,57.0
YDR139C,28.0
YDR140W,15.0
YDR141C,79.0
YDR142C,11.0
YDR143C,47.0
YDR144C,29.0
YDR145W,136.0
YDR146C,165.0
YDR147W,19.0
YDR148C,90.0
YDR149C,
YDR150W,152.0
YDR151C,16.0
YDR152W,19.0
YDR153C,50.0
YDR154C,
YDR155C,72.0
YDR156W,141.0
YDR157W,
YDR158W,78.0
YDR159W,358.0
YDR160W,4.0
YDR161W,15.0
YDR162C,177.0
YDR163W,30.0
YDR164C,52.0
YDR165W,13.0
YDR166C,35.0
YDR167W,52.0
YDR168W,36.0
YDR169C,25.0
YDR169C-A,
YDR170C,32.0
YDR170W-A,
YDR171W,54.0
YDR172W,128.0
YDR173C,29.0
YDR174W,215.0
YDR175C,29.0
YDR176W,103.0
YDR177W,26.0
YDR178W,21.0
YDR179C,24.0
YDR179WA,
YDR179W-A,14.0
YDR180W,21.0
YDR181C,64.0
YDR182W,16.0
YDR182W-A,1.0
YDR183C-A,
YDR183W,34.0
YDR184C,46.0
YDR185C,6.0
YDR186C,28.0
YDR187C,
YDR188W,62.0
YDR189W,33.0
YDR190C,102.0
YDR191W,23.0
YDR192C,38.0
YDR193W,
YDR194C,46.0
YDR194W-A,
YDR195W,44.0
YDR196C,23.0
YDR197W,3.0
YDR198C,10.0
YDR199W,
YDR200C,119.0
YDR201W,33.0
YDR202C,51.0
YDR203W,
YDR204W,47.0
YDR205W,25.0
YDR206W,35.0
YDR207C,284.0
YDR208W,51.0
YDR209C,
YDR210C-C,
YDR210C-D,
YDR210W,5.0
YDR210W-A,
YDR210W-B,
YDR211W,45.0
YDR212W,55.0
YDR213W,55.0
YDR214W,44.0
YDR215C,
YDR216W,66.0
YDR217C,148.0
YDR218C,15.0
YDR219C,21.0
YDR220C,
YDR221W,32.0
YDR222W,13.0
YDR223W,13.0
YDR224C,119.0
YDR225W,195.0
YDR226W,65.0
YDR227W,75.0
YDR228C,30.0
YDR229W,69.0
YDR230W,
YDR231C,8.0
YDR232W,10.0
YDR233C,92.0
YDR234W,14.0
YDR235W,23.0
YDR236C,2.0
YDR237W,27.0
YDR238C,71.0
YDR239C,17.0
YDR240C,25.0
YDR241W,
YDR242W,11.0
YDR243C,11.0
YDR244W,65.0
YDR245W,303.0
YDR246W,14.0
YDR246W-A,1.0
YDR247W,39.0
YDR248C,55.0
YDR249C,15.0
YDR250C,
YDR251W,28.0
YDR252W,22.0
YDR253C,31.0
YDR254W,88.0
YDR255C,27.0
YDR256C,26.0
YDR257C,28.0
YDR258C,48.0
YDR259C,49.0
YDR260C,64.0
YDR261C,11.0
YDR261C-C,
YDR261C-D,
YDR261W-A,
YDR261W-B,
YDR262W,2.0
YDR263C,12.0
YDR264C,31.0
YDR265W,55.0
YDR266C,36.0
YDR267C,8.0
YDR268W,2.0
YDR269C,
YDR270W,25.0
YDR271C,
YDR272W,14.0
YDR273W,20.0
YDR274C,
YDR275W,4.0
YDR276C,116.0
YDR277C,46.0
YDR278C,
YDR279W,31.0
YDR280W,20.0
YDR281C,13.0
YDR282C,2.0
YDR283C,48.0
YDR284C,22.0
YDR285W,26.0
YDR286C,10.0
YDR287W,12.0
YDR288W,10.0
YDR289C,220.0
YDR290W,
YDR291W,10.0
YDR292C,13.0
YDR293C,320.0
YDR294C,32.0
YDR295C,140.0
YDR296W,24.0
YDR297W,117.0
YDR298C,72.0
YDR299W,42.0
YDR300C,22.0
YDR301W,32.0
YDR302W,13.0
YDR303C,45.0
YDR304C,34.0
YDR305C,20.0
YDR306C,15.0
YDR307W,23.0
YDR308C,49.0
YDR309C,42.0
YDR310C,198.0
YDR311W,54.0
YDR312W,40.0
YDR313C,20.0
YDR314C,20.0
YDR315C,177.0
YDR316W,90.0
YDR316W-A,
YDR316W-B,
YDR317W,9.0
YDR318W,99.0
YDR319C,6.0
YDR320C,136.0
YDR320C-A,10.0
YDR320W-B,
YDR321W,19.0
YDR322CA,
YDR322C-A,13.0
YDR322W,34.0
YDR323C,83.0
YDR324C,58.0
YDR325W,19.0
YDR326C,20.0
YDR327W,
YDR328C,68.0
YDR329C,40.0
YDR330W,27.0
YDR331W,36.0
YDR332W,15.0
YDR333C,8.0
YDR334W,349.0
YDR335W,156.0
YDR336W,16.0
YDR337W,20.0
YDR338C,9.0
YDR339C,12.0
YDR340W,
YDR341C,47.0
YDR342C,29.0
YDR343C,22.0
YDR344C,
YDR345C,28.0
YDR346C,34.0
YDR347W,29.0
YDR348C,38.0
YDR349C,39.0
YDR350C,6.0
YDR351W,12.0
YDR352W,14.0
YDR353W,21.0
YDR354C-A,
YDR354W,24.0
YDR355C,
YDR356W,42.0
YDR357C,29.0
YDR358W,37.0
YDR359C,255.0
YDR360W,
YDR361C,21.0
YDR362C,14.0
YDR363W,72.0
YDR363WA,
YDR363W-A,262.0
YDR364C,31.0
YDR365C,20.0
YDR365W-B,
YDR366C,3.0
YDR367W,7.0
YDR368W,23.0
YDR369C,162.0
YDR370C,1.0
YDR371C-A,
YDR371W,8.0
YDR372C,106.0
YDR373W,38.0
YDR374C,13.0
YDR374W-A,5.0
YDR375C,67.0
YDR376W,3.0
YDR377W,44.0
YDR378C,309.0
YDR379C-A,2.0
YDR379W,38.0
YDR380W,7.0
YDR381C-A,2.0
YDR381W,209.0
YDR382W,151.0
YDR383C,30.0
YDR384C,6.0
YDR385W,88.0
YDR386W,79.0
YDR387C,3.0
YDR388W,391.0
YDR389W,151.0
YDR390C,23.0
YDR391C,9.0
YDR392W,288.0
YDR393W,86.0
YDR394W,114.0
YDR395W,46.0
YDR396W,
YDR397C,15.0
YDR398W,20.0
YDR399W,47.0
YDR400W,13.0
YDR401W,
YDR402C,24.0
YDR403W,22.0
YDR404C,60.0
YDR405W,28.0
YDR406W,12.0
YDR406W-A,
YDR407C,16.0
YDR408C,12.0
YDR409W,63.0
YDR410C,14.0
YDR411C,35.0
YDR412W,17.0
YDR413C,
YDR414C,139.0
YDR415C,13.0
YDR416W,34.0
YDR417C,
YDR418W,52.0
YDR419W,49.0
YDR420W,38.0
YDR421W,16.0
YDR422C,31.0
YDR423C,28.0
YDR424C,59.0
YDR425W,41.0
YDR426C,
YDR427W,45.0
YDR428C,7.0
YDR429C,46.0
YDR430C,29.0
YDR431W,
YDR432W,183.0
YDR433W,
YDR434W,29.0
YDR435C,74.0
YDR436W,39.0
YDR437W,7.0
YDR438W,11.0
YDR439W,137.0
YDR440W,124.0
YDR441C,24.0
YDR442W,
YDR443C,140.0
YDR444W,8.0
YDR445C,
YDR446W,12.0
YDR447C,99.0
YDR448W,109.0
YDR449C,32.0
YDR450W,46.0
YDR451C,47.0
YDR452W,18.0
YDR453C,26.0
YDR454C,13.0
YDR455C,
YDR456W,98.0
YDR457W,36.0
YDR458C,11.0
YDR459C,15.0
YDR460W,20.0
YDR461C-A,2.0
YDR461W,7.0
YDR462W,22.0
YDR463W,75.0
YDR464C-A,
YDR464W,10.0
YDR465C,12.0
YDR466W,22.0
YDR467C,
YDR468C,37.0
YDR469W,170.0
YDR470C,51.0
YDR471W,55.0
YDR472W,18.0
YDR473C,28.0
YDR474C,
YDR475C,30.0
YDR476C,7.0
YDR477W,177.0
YDR478W,14.0
YDR479C,68.0
YDR480W,34.0
YDR481C,18.0
YDR482C,32.0
YDR483W,18.0
YDR484W,120.0
YDR485C,282.0
YDR486C,102.0
YDR487C,9.0
YDR488C,99.0
YDR489W,27.0
YDR490C,34.0
YDR491C,
YDR492W,19.0
YDR493W,14.0
YDR494W,17.0
YDR495C,63.0
YDR496C,113.0
YDR497C,44.0
YDR498C,13.0
YDR499W,28.0
YDR500C,11.0
YDR501W,36.0
YDR502C,37.0
YDR503C,24.0
YDR504C,5.0
YDR505C,56.0
YDR506C,19.0
YDR507C,60.0
YDR508C,61.0
YDR509W,
YDR510C-A,
YDR510W,182.0
YDR511W,6.0
YDR512C,100.0
YDR513W,22.0
YDR514C,13.0
YDR515W,13.0
YDR516C,36.0
YDR517W,18.0
YDR518W,20.0
YDR519W,18.0
YDR520C,33.0
YDR521W,
YDR522C,18.0
YDR523C,11.0
YDR524C,37.0
YDR524C-A,
YDR524C-B,6.0
YDR524W-C,
YDR525W,
YDR525WA,
YDR525W-A,11.0
YDR526C,
YDR527W,6.0
YDR528W,18.0
YDR529C,58.0
YDR530C,16.0
YDR531W,7.0
YDR532C,56.0
YDR533C,13.0
YDR534C,5.0
YDR535C,
YDR536W,14.0
YDR537C,
YDR538W,11.0
YDR539W,6.0
YDR540C,10.0
YDR541C,9.0
YDR542W,2.0
YDR543C,
YDR544C,
YDR545C-A,
YDR545W,9.0
YEL001C,10.0
YEL002C,99.0
YEL003W,291.0
YEL004W,11.0
YEL005C,33.0
YEL006W,2.0
YEL007W,23.0
YEL008C-A,
YEL008W,
YEL009C,61.0
YEL009C-A,
YEL010W,
YEL011W,6.0
YEL012W,41.0
YEL013W,85.0
YEL014C,
YEL015W,39.0
YEL016C,1.0
YEL017CA,
YEL017C-A,20.0
YEL017W,13.0
YEL018C-A,
YEL018W,98.0
YEL019C,22.0
YEL020C,3.0
YEL020C-B,
YEL020WA,
YEL020W-A,10.0
YEL021W,5.0
YEL022W,27.0
YEL023C,13.0
YEL024W,31.0
YEL025C,7.0
YEL026W,56.0
YEL027W,35.0
YEL028W,
YEL029C,14.0
YEL030C-A,
YEL030W,29.0
YEL031W,202.0
YEL032C-A,
YEL032W,42.0
YEL033W,
YEL034C-A,
YEL034W,73.0
YEL035C,2.0
YEL036C,23.0
YEL037C,85.0
YEL038W,5.0
YEL039C,19.0
YEL040W,16.0
YEL041W,11.0
YEL042W,103.0
YEL043W,87.0
YEL044W,23.0
YEL045C,
YEL046C,24.0
YEL047C,20.0
YEL048C,15.0
YEL049W,2.0
YEL050C,22.0
YEL050W-A,
YEL051W,62.0
YEL052W,12.0
YEL053C,28.0
YEL053W-A,
YEL054C,71.0
YEL055C,28.0
YEL056W,53.0
YEL057C,2.0
YEL058W,12.0
YEL059CA,
YEL059C-A,4.0
YEL059W,
YEL060C,34.0
YEL061C,137.0
YEL062W,23.0
YEL063C,19.0
YEL064C,7.0
YEL065W,19.0
YEL066W,12.0
YEL067C,5.0
YEL068C,
YEL069C,
YEL070W,2.0
YEL071W,14.0
YEL072W,4.0
YEL073C,3.0
YEL074W,
YEL075C,2.0
YEL075W-A,
YEL076C,2.0
YEL076C-A,2.0
YEL076W-C,
YEL077C,3.0
YEL077W-A,
YER001W,25.0
YER002W,49.0
YER003C,12.0
YER004W,13.0
YER005W,29.0
YER006C-A,
YER006W,84.0
YER007CA,
YER007C-A,14.0
YER007W,45.0
YER008C,46.0
YER009W,16.0
YER010C,7.0
YER011W,11.0
YER012W,47.0
YER013W,25.0
YER014C-A,5.0
YER014W,32.0
YER015W,5.0
YER016W,154.0
YER017C,31.0
YER018C,63.0
YER019CA,
YER019C-A,39.0
YER019W,124.0
YER020W,38.0
YER021W,77.0
YER022W,44.0
YER023C-A,
YER023W,26.0
YER024W,10.0
YER025W,103.0
YER026C,30.0
YER027C,37.0
YER028C,11.0
YER029C,54.0
YER030W,21.0
YER031C,109.0
YER032W,31.0
YER033C,21.0
YER034W,8.0
YER035W,6.0
YER036C,33.0
YER037W,4.0
YER038C,5.0
YER038W-A,
YER039C,8.0
YER039CA,
YER039C-A,2.0
YER040W,117.0
YER041W,10.0
YER042W,14.0
YER043C,35.0
YER044C,25.0
YER044CA,
YER044C-A,12.0
YER045C,20.0
YER046W,7.0
YER046W-A,
YER047C,33.0
YER048C,86.0
YER048WA,
YER048W-A,7.0
YER049W,29.0
YER050C,10.0
YER051W,7.0
YER052C,81.0
YER053C,9.0
YER053C-A,
YER054C,31.0
YER055C,10.0
YER056C,42.0
YER056CA,
YER056C-A,22.0
YER057C,7.0
YER058W,3.0
YER059W,26.0
YER060W,17.0
YER060w-A,
YER060W-A,9.0
YER061C,121.0
YER062C,51.0
YER063W,22.0
YER064C,24.0
YER065C,17.0
YER066C-A,
YER066W,11.0
YER067C-A,
YER067W,17.0
YER068C-A,
YER068W,67.0
YER069W,11.0
YER070W,54.0
YER071C,9.0
YER072W,39.0
YER073W,31.0
YER074W,145.0
YER074W-A,4.0
YER075C,42.0
YER076C,2.0
YER076W-A,
YER077C,7.0
YER078C,32.0
YER078W-A,
YER079C-A,
YER079W,8.0
YER080W,10.0
YER081W,23.0
YER082C,42.0
YER083C,460.0
YER084W,
YER084W-A,
YER085C,7.0
YER086W,147.0
YER087C-A,
YER087C-B,45.0
YER087W,30.0
YER088C,45.0
YER088C-A,
YER088W-B,
YER089C,72.0
YER090C-A,
YER090W,45.0
YER091C,53.0
YER091C-A,
YER092W,116.0
YER093C,47.0
YER093CA,
YER093C-A,46.0
YER094C,30.0
YER095W,238.0
YER096W,12.0
YER097W,
YER098W,39.0
YER099C,13.0
YER100W,27.0
YER101C,8.0
YER102W,40.0
YER103W,36.0
YER104W,19.0
YER105C,36.0
YER106W,8.0
YER107C,22.0
YER107W-A,
YER108C,
YER109C,34.0
YER110C,102.0
YER111C,314.0
YER112W,55.0
YER113C,21.0
YER114C,41.0
YER115C,12.0
YER116C,239.0
YER117W,22.0
YER118C,68.0
YER119C,12.0
YER119CA,
YER119C-A,
YER120W,124.0
YER121W,6.0
YER122C,200.0
YER123W,51.0
YER124C,36.0
YER125W,131.0
YER126C,39.0
YER127W,59.0
YER128W,21.0
YER129W,38.0
YER130C,17.0
YER131W,52.0
YER132C,24.0
YER133W,101.0
YER133W-A,
YER134C,12.0
YER135C,
YER136W,31.0
YER137C,4.0
YER137W-A,
YER138C,
YER138WA,
YER138W-A,
YER139C,65.0
YER140W,60.0
YER141W,15.0
YER142C,36.0
YER143W,31.0
YER144C,28.0
YER145C,35.0
YER145C-A,
YER146W,30.0
YER147C,7.0
YER147C-A,
YER148W,87.0
YER148W-A,
YER149C,61.0
YER150W,14.0
YER151C,398.0
YER152C,9.0
YER152W-A,
YER153C,70.0
YER154W,25.0
YER155C,231.0
YER156C,46.0
YER157W,24.0
YER158C,11.0
YER158W-A,
YER159C,16.0
YER160C,
YER161C,118.0
YER162C,94.0
YER163C,19.0
YER164W,163.0
YER165C-A,
YER165W,162.0
YER166W,20.0
YER167W,62.0
YER168C,16.0
YER169W,25.0
YER170W,7.0
YER171W,87.0
YER172C,74.0
YER172C-A,
YER173W,117.0
YER174C,31.0
YER175C,10.0
YER175W-A,1.0
YER176W,13.0
YER177W,212.0
YER178W,173.0
YER179W,26.0
YER180C,3.0
YER180C-A,3.0
YER181C,
YER182W,15.0
YER183C,19.0
YER184C,10.0
YER185W,1.0
YER186C,6.0
YER187W,4.0
YER188C-A,
YER188W,
YER189W,2.0
YER190C-A,
YER190C-B,
YER190W,2.0
YFL001W,189.0
YFL002C,37.0
YFL002W-A,
YFL002W-B,
YFL003C,79.0
YFL004W,14.0
YFL005W,86.0
YFL006W,
YFL007W,99.0
YFL008W,47.0
YFL009W,41.0
YFL010C,45.0
YFL010W-A,5.0
YFL011W,14.0
YFL011W-A,
YFL012W,4.0
YFL012W-A,
YFL013C,168.0
YFL013W-A,
YFL014W,26.0
YFL015C,
YFL015W-A,
YFL016C,47.0
YFL017C,17.0
YFL017WA,
YFL017W-A,18.0
YFL018C,48.0
YFL018W-A,
YFL019C,
YFL020C,5.0
YFL021C-A,
YFL021W,25.0
YFL022C,25.0
YFL023W,129.0
YFL024C,36.0
YFL025C,145.0
YFL026W,21.0
YFL027C,22.0
YFL028C,14.0
YFL029C,67.0
YFL030W,12.0
YFL031C-A,
YFL031W,190.0
YFL032W,
YFL033C,97.0
YFL034CA,
YFL034C-A,18.0
YFL034CB,
YFL034C-B,21.0
YFL034W,22.0
YFL035C,
YFL035C-A,
YFL035C-B,
YFL036W,104.0
YFL037W,99.0
YFL038C,80.0
YFL039C,169.0
YFL040W,12.0
YFL041W,28.0
YFL041W-A,2.0
YFL042C,8.0
YFL043C,
YFL044C,18.0
YFL045C,32.0
YFL046W,33.0
YFL047W,21.0
YFL048C,24.0
YFL049W,33.0
YFL050C,16.0
YFL051C,18.0
YFL052W,24.0
YFL053W,8.0
YFL054C,22.0
YFL055W,14.0
YFL056C,5.0
YFL057C,2.0
YFL058W,2.0
YFL059W,12.0
YFL060C,2.0
YFL061W,
YFL062W,5.0
YFL063W,
YFL064C,2.0
YFL065C,1.0
YFL066C,3.0
YFL067W,2.0
YFL068W,3.0
YFL-TYA,
YFL-TYB,
YFR001W,41.0
YFR002W,41.0
YFR003C,13.0
YFR004W,84.0
YFR005C,9.0
YFR006W,11.0
YFR007W,6.0
YFR008W,46.0
YFR009W,132.0
YFR009W-A,
YFR010W,227.0
YFR010W-A,
YFR011C,54.0
YFR012W,16.0
YFR012W-A,
YFR013W,42.0
YFR014C,26.0
YFR015C,28.0
YFR016C,11.0
YFR017C,22.0
YFR018C,12.0
YFR019W,151.0
YFR020W,
YFR021W,28.0
YFR022W,17.0
YFR023W,20.0
YFR024C,
YFR024CA,
YFR024C-A,46.0
YFR025C,4.0
YFR026C,3.0
YFR027W,28.0
YFR028C,95.0
YFR029W,14.0
YFR030W,29.0
YFR031C,26.0
YFR031CA,
YFR031C-A,99.0
YFR032C,8.0
YFR032CA,
YFR032C-A,54.0
YFR032C-B,
YFR033C,40.0
YFR034C,48.0
YFR034W-A,
YFR035C,13.0
YFR036W,54.0
YFR036W-A,
YFR037C,121.0
YFR038W,34.0
YFR039C,9.0
YFR040W,112.0
YFR041C,15.0
YFR042W,9.0
YFR043C,15.0
YFR044C,22.0
YFR045W,19.0
YFR046C,16.0
YFR047C,15.0
YFR048W,26.0
YFR049W,17.0
YFR050C,60.0
YFR051C,104.0
YFR052C-A,
YFR052W,79.0
YFR053C,37.0
YFR054C,
YFR055W,22.0
YFR056C,
YFR057W,10.0
YGL001C,70.0
YGL002W,16.0
YGL003C,97.0
YGL004C,17.0
YGL005C,129.0
YGL006W,33.0
YGL006W-A,
YGL007C-A,1.0
YGL007W,
YGL008C,136.0
YGL009C,31.0
YGL010W,16.0
YGL011C,64.0
YGL012W,88.0
YGL013C,49.0
YGL014C-A,
YGL014W,89.0
YGL015C,10.0
YGL016W,77.0
YGL017W,12.0
YGL018C,6.0
YGL019W,201.0
YGL020C,343.0
YGL021W,10.0
YGL022W,36.0
YGL023C,92.0
YGL024W,
YGL025C,146.0
YGL026C,20.0
YGL027C,97.0
YGL028C,13.0
YGL029W,127.0
YGL030W,97.0
YGL031C,88.0
YGL032C,9.0
YGL033W,14.0
YGL034C,
YGL035C,98.0
YGL036W,46.0
YGL037C,34.0
YGL038C,16.0
YGL039W,18.0
YGL040C,9.0
YGL041C,
YGL041C-B,
YGL041W-A,1.0
YGL042C,
YGL043W,208.0
YGL044C,38.0
YGL045W,216.0
YGL046W,
YGL047W,21.0
YGL048C,117.0
YGL049C,55.0
YGL050W,10.0
YGL051W,43.0
YGL052W,
YGL053W,21.0
YGL054C,189.0
YGL055W,61.0
YGL056C,20.0
YGL057C,23.0
YGL058W,152.0
YGL059W,23.0
YGL060W,29.0
YGL061C,27.0
YGL062W,28.0
YGL063C-A,
YGL063W,27.0
YGL064C,32.0
YGL065C,6.0
YGL066W,238.0
YGL067W,16.0
YGL068W,26.0
YGL069C,
YGL070C,41.0
YGL071W,112.0
YGL072C,
YGL073W,37.0
YGL074C,
YGL075C,36.0
YGL076C,90.0
YGL077C,39.0
YGL078C,99.0
YGL079W,29.0
YGL080W,39.0
YGL081W,54.0
YGL082W,10.0
YGL083W,9.0
YGL084C,209.0
YGL085W,6.0
YGL086W,153.0
YGL087C,98.0
YGL088W,
YGL089C,4.0
YGL090W,20.0
YGL091C,13.0
YGL092W,36.0
YGL093W,33.0
YGL094C,32.0
YGL095C,44.0
YGL096W,18.0
YGL097W,20.0
YGL098W,18.0
YGL099W,29.0
YGL100W,38.0
YGL101W,16.0
YGL102C,
YGL103W,69.0
YGL104C,21.0
YGL105W,89.0
YGL106W,72.0
YGL107C,14.0
YGL108C,13.0
YGL109W,
YGL110C,32.0
YGL111W,45.0
YGL112C,72.0
YGL113W,22.0
YGL114W,10.0
YGL115W,240.0
YGL116W,56.0
YGL117W,4.0
YGL118C,
YGL119W,9.0
YGL120C,84.0
YGL121C,23.0
YGL122C,42.0
YGL123C-A,
YGL123W,47.0
YGL124C,125.0
YGL125W,19.0
YGL126W,60.0
YGL127C,212.0
YGL128C,20.0
YGL129C,29.0
YGL130W,20.0
YGL131C,15.0
YGL132W,
YGL133W,90.0
YGL134W,15.0
YGL135W,58.0
YGL136C,46.0
YGL137W,128.0
YGL138C,3.0
YGL139W,5.0
YGL140C,2.0
YGL141W,22.0
YGL142C,8.0
YGL143C,11.0
YGL144C,15.0
YGL145W,22.0
YGL146C,8.0
YGL147C,83.0
YGL148W,115.0
YGL149W,
YGL150C,44.0
YGL151W,227.0
YGL152C,
YGL153W,73.0
YGL154C,5.0
YGL155W,5.0
YGL156W,15.0
YGL157W,10.0
YGL158W,17.0
YGL159W,5.0
YGL160W,14.0
YGL161C,33.0
YGL162W,30.0
YGL163C,125.0
YGL164C,5.0
YGL165C,
YGL166W,19.0
YGL167C,342.0
YGL168W,141.0
YGL169W,7.0
YGL170C,10.0
YGL171W,22.0
YGL172W,34.0
YGL173C,380.0
YGL174W,136.0
YGL175C,50.0
YGL176C,3.0
YGL177W,
YGL178W,23.0
YGL179C,21.0
YGL180W,142.0
YGL181W,34.0
YGL182C,
YGL183C,2.0
YGL184C,9.0
YGL185C,4.0
YGL186C,6.0
YGL187C,17.0
YGL188C,
YGL188C-A,2.0
YGL189C,22.0
YGL190C,94.0
YGL191W,11.0
YGL192W,10.0
YGL193C,2.0
YGL194C,160.0
YGL194C-A,
YGL195W,167.0
YGL196W,39.0
YGL197W,53.0
YGL198W,24.0
YGL199C,
YGL200C,75.0
YGL201C,53.0
YGL202W,43.0
YGL203C,70.0
YGL204C,
YGL205W,30.0
YGL206C,61.0
YGL207W,125.0
YGL208W,31.0
YGL209W,24.0
YGL210W,54.0
YGL211W,84.0
YGL212W,194.0
YGL213C,82.0
YGL214W,
YGL215W,62.0
YGL216W,67.0
YGL217C,
YGL218W,
YGL219C,67.0
YGL220W,9.0
YGL221C,7.0
YGL222C,19.0
YGL223C,20.0
YGL224C,12.0
YGL225W,32.0
YGL226CA,
YGL226C-A,65.0
YGL226W,30.0
YGL227W,29.0
YGL228W,24.0
YGL229C,21.0
YGL230C,2.0
YGL231C,44.0
YGL232W,26.0
YGL233W,33.0
YGL234W,26.0
YGL235W,115.0
YGL236C,69.0
YGL237C,69.0
YGL238W,32.0
YGL239C,
YGL240W,37.0
YGL241W,33.0
YGL242C,23.0
YGL243W,9.0
YGL244W,215.0
YGL245W,95.0
YGL246C,29.0
YGL247W,6.0
YGL248W,13.0
YGL249W,8.0
YGL250W,17.0
YGL251C,12.0
YGL252C,125.0
YGL253W,131.0
YGL254W,19.0
YGL255W,98.0
YGL256W,36.0
YGL257C,12.0
YGL258W,2.0
YGL258W-A,
YGL259W,3.0
YGL260W,2.0
YGL261C,4.0
YGL262W,5.0
YGL263W,5.0
YGR001C,16.0
YGR002C,46.0
YGR003W,13.0
YGR004W,24.0
YGR005C,91.0
YGR006W,20.0
YGR007W,22.0
YGR008C,14.0
YGR009C,53.0
YGR010W,14.0
YGR011W,
YGR012W,25.0
YGR013W,42.0
YGR014W,35.0
YGR015C,5.0
YGR016W,10.0
YGR017W,18.0
YGR018C,
YGR019W,33.0
YGR020C,40.0
YGR021W,40.0
YGR022C,
YGR023W,23.0
YGR024C,10.0
YGR025W,
YGR026W,10.0
YGR027C,63.0
YGR027W-A,
YGR027W-B,
YGR028W,28.0
YGR029W,9.0
YGR030C,13.0
YGR031C-A,
YGR031W,9.0
YGR032W,39.0
YGR033C,25.0
YGR034W,82.0
YGR035C,14.0
YGR035W-A,
YGR036C,34.0
YGR037C,53.0
YGR038C-A,
YGR038C-B,
YGR038W,47.0
YGR039W,
YGR040W,65.0
YGR041W,14.0
YGR042W,5.0
YGR043C,19.0
YGR044C,30.0
YGR045C,
YGR046W,19.0
YGR047C,21.0
YGR048W,39.0
YGR049W,4.0
YGR050C,
YGR051C,
YGR052W,17.0
YGR053C,10.0
YGR054W,56.0
YGR055W,67.0
YGR056W,121.0
YGR057C,10.0
YGR058W,78.0
YGR059W,65.0
YGR060W,115.0
YGR061C,36.0
YGR062C,5.0
YGR063C,162.0
YGR064W,
YGR065C,6.0
YGR066C,4.0
YGR067C,17.0
YGR068C,18.0
YGR068W-A,
YGR069W,
YGR070W,25.0
YGR071C,38.0
YGR072W,101.0
YGR073C,
YGR074W,63.0
YGR075C,23.0
YGR076C,11.0
YGR077C,67.0
YGR078C,215.0
YGR079W,12.0
YGR080W,27.0
YGR081C,109.0
YGR082W,19.0
YGR083C,21.0
YGR084C,35.0
YGR085C,90.0
YGR086C,132.0
YGR087C,24.0
YGR088W,15.0
YGR089W,114.0
YGR090W,91.0
YGR091W,37.0
YGR092W,208.0
YGR093W,11.0
YGR094W,32.0
YGR095C,26.0
YGR096W,14.0
YGR097W,181.0
YGR098C,23.0
YGR099W,19.0
YGR100W,39.0
YGR101W,105.0
YGR102C,8.0
YGR103W,93.0
YGR104C,61.0
YGR105W,95.0
YGR106C,15.0
YGR107W,
YGR108W,47.0
YGR109C,32.0
YGR109W-A,
YGR109W-B,
YGR110W,9.0
YGR111W,14.0
YGR112W,20.0
YGR113W,36.0
YGR114C,
YGR115C,
YGR116W,40.0
YGR117C,4.0
YGR118W,67.0
YGR119C,57.0
YGR120C,51.0
YGR121C,23.0
YGR121W-A,
YGR122C-A,
YGR122W,118.0
YGR123C,20.0
YGR124W,21.0
YGR125W,87.0
YGR126W,14.0
YGR127W,5.0
YGR128C,48.0
YGR129W,40.0
YGR130C,73.0
YGR131W,2.0
YGR132C,85.0
YGR133W,51.0
YGR134W,38.0
YGR135W,270.0
YGR136W,23.0
YGR137W,
YGR138C,24.0
YGR139W,
YGR140W,51.0
YGR141W,8.0
YGR142W,20.0
YGR143W,47.0
YGR144W,13.0
YGR145W,41.0
YGR146C,6.0
YGR146C-A,
YGR147C,7.0
YGR148C,43.0
YGR149W,6.0
YGR150C,31.0
YGR151C,
YGR152C,21.0
YGR153W,7.0
YGR154C,6.0
YGR155W,104.0
YGR156W,35.0
YGR157W,257.0
YGR158C,23.0
YGR159C,58.0
YGR160W,
YGR161C,35.0
YGR161C-D,
YGR161W-A,
YGR161W-B,
YGR161W-C,2.0
YGR162W,108.0
YGR163W,22.0
YGR164W,
YGR165W,26.0
YGR166W,84.0
YGR167W,41.0
YGR168C,5.0
YGR169C,2.0
YGR169C-A,4.0
YGR170W,70.0
YGR171C,42.0
YGR172C,26.0
YGR173W,13.0
YGR174C,54.0
YGR174W-A,1.0
YGR175C,30.0
YGR176W,
YGR177C,20.0
YGR178C,87.0
YGR179C,41.0
YGR180C,78.0
YGR181W,55.0
YGR182C,
YGR183C,87.0
YGR184C,98.0
YGR185C,19.0
YGR186W,62.0
YGR187C,43.0
YGR188C,227.0
YGR189C,7.0
YGR190C,
YGR191W,13.0
YGR192C,130.0
YGR193C,28.0
YGR194C,11.0
YGR195W,32.0
YGR196C,36.0
YGR197C,17.0
YGR198W,19.0
YGR199W,26.0
YGR200C,213.0
YGR201C,5.0
YGR202C,42.0
YGR203W,19.0
YGR204C-A,1.0
YGR204W,25.0
YGR205W,10.0
YGR206W,27.0
YGR207C,6.0
YGR208W,81.0
YGR209C,35.0
YGR210C,14.0
YGR211W,17.0
YGR212W,4.0
YGR213C,3.0
YGR214W,83.0
YGR215W,23.0
YGR216C,13.0
YGR217W,39.0
YGR218W,62.0
YGR219W,
YGR220C,20.0
YGR221C,22.0
YGR222W,20.0
YGR223C,31.0
YGR224W,9.0
YGR225W,15.0
YGR226C,
YGR227W,76.0
YGR228W,
YGR229C,174.0
YGR230W,16.0
YGR231C,160.0
YGR232W,30.0
YGR233C,32.0
YGR234W,43.0
YGR235C,12.0
YGR236C,4.0
YGR237C,30.0
YGR238C,64.0
YGR239C,16.0
YGR240C,153.0
YGR240C-A,5.0
YGR241C,28.0
YGR242W,
YGR243W,15.0
YGR244C,39.0
YGR245C,31.0
YGR246C,24.0
YGR247W,3.0
YGR248W,27.0
YGR249W,32.0
YGR250C,28.0
YGR251W,8.0
YGR252W,138.0
YGR253C,53.0
YGR254W,47.0
YGR255C,12.0
YGR256W,24.0
YGR257C,8.0
YGR258C,28.0
YGR259C,
YGR260W,43.0
YGR261C,74.0
YGR262C,12.0
YGR263C,20.0
YGR264C,24.0
YGR265W,
YGR266W,21.0
YGR267C,25.0
YGR268C,18.0
YGR269W,
YGR270C-A,
YGR270W,184.0
YGR271C-A,13.0
YGR271W,30.0
YGR272C,
YGR273C,9.0
YGR274C,82.0
YGR275W,42.0
YGR276C,55.0
YGR277C,8.0
YGR278W,24.0
YGR279C,39.0
YGR280C,17.0
YGR281W,112.0
YGR282C,59.0
YGR283C,15.0
YGR284C,87.0
YGR285C,74.0
YGR286C,17.0
YGR287C,33.0
YGR288W,6.0
YGR289C,23.0
YGR290W,
YGR291C,
YGR292W,71.0
YGR293C,
YGR294W,2.0
YGR295C,5.0
YGR296C-A,
YGR296C-B,
YGR296W,5.0
YHL001W,55.0
YHL002C-A,
YHL002W,49.0
YHL003C,35.0
YHL004W,26.0
YHL005C,
YHL006C,24.0
YHL006W-A,
YHL007C,105.0
YHL008C,19.0
YHL009C,36.0
YHL009W-A,
YHL009W-B,
YHL010C,23.0
YHL011C,23.0
YHL012W,20.0
YHL013C,19.0
YHL014C,10.0
YHL015W,49.0
YHL015W-A,
YHL016C,17.0
YHL017W,5.0
YHL018W,14.0
YHL019C,12.0
YHL019W-A,
YHL020C,116.0
YHL021C,15.0
YHL022C,51.0
YHL023C,103.0
YHL024W,48.0
YHL025W,140.0
YHL026C,4.0
YHL027W,289.0
YHL028W,15.0
YHL029C,69.0
YHL030W,57.0
YHL030W-A,
YHL031C,136.0
YHL032C,20.0
YHL033C,141.0
YHL034C,95.0
YHL034W-A,
YHL035C,15.0
YHL036W,10.0
YHL037C,
YHL038C,7.0
YHL039W,19.0
YHL040C,10.0
YHL041W,
YHL042W,14.0
YHL043W,6.0
YHL044W,5.0
YHL045W,
YHL046C,6.0
YHL046W-A,
YHL047C,4.0
YHL048C-A,2.0
YHL048W,15.0
YHL049C,2.0
YHL050C,3.0
YHL050W-A,
YHR001W,22.0
YHR001WA,
YHR001W-A,25.0
YHR002W,
YHR003C,25.0
YHR004C,96.0
YHR005C,21.0
YHR005CA,
YHR005C-A,16.0
YHR006W,48.0
YHR007C,50.0
YHR007C-A,1.0
YHR008C,66.0
YHR009C,31.0
YHR010W,77.0
YHR011W,66.0
YHR012W,130.0
YHR013C,109.0
YHR014W,32.0
YHR015W,15.0
YHR016C,18.0
YHR017W,22.0
YHR018C,10.0
YHR019C,78.0
YHR020W,34.0
YHR021C,118.0
YHR021WA,
YHR021W-A,2.0
YHR022C,6.0
YHR022C-A,
YHR023W,52.0
YHR024C,9.0
YHR025W,77.0
YHR026W,34.0
YHR027C,93.0
YHR028C,28.0
YHR028W-A,
YHR029C,22.0
YHR030C,312.0
YHR031C,101.0
YHR032C-A,
YHR032W,11.0
YHR032W-A,
YHR033W,31.0
YHR034C,79.0
YHR035W,10.0
YHR036W,12.0
YHR037W,22.0
YHR038W,8.0
YHR039C,24.0
YHR039CA,
YHR039C-A,29.0
YHR039C-B,
YHR040W,7.0
YHR041C,222.0
YHR042W,20.0
YHR043C,14.0
YHR044C,18.0
YHR045W,21.0
YHR046C,18.0
YHR047C,13.0
YHR048W,8.0
YHR049CA,
YHR049C-A,
YHR049W,11.0
YHR050W,28.0
YHR050W-A,2.0
YHR051W,65.0
YHR052W,78.0
YHR052W-A,
YHR053C,4.0
YHR054C,3.0
YHR054W-A,
YHR055C,5.0
YHR056C,32.0
YHR056W-A,
YHR057C,16.0
YHR058C,37.0
YHR059W,91.0
YHR060W,41.0
YHR061C,29.0
YHR062C,20.0
YHR063C,14.0
YHR063W-A,
YHR064C,64.0
YHR065C,13.0
YHR066W,116.0
YHR067W,106.0
YHR068W,11.0
YHR069C,37.0
YHR069C-A,
YHR070C-A,
YHR070W,10.0
YHR071C-A,
YHR071W,3.0
YHR072W,23.0
YHR072W-A,23.0
YHR073C-B,
YHR073W,48.0
YHR073W-A,
YHR074W,7.0
YHR075C,22.0
YHR076W,22.0
YHR077C,101.0
YHR078W,47.0
YHR079C,166.0
YHR079C-A,9.0
YHR079C-B,
YHR080C,35.0
YHR081W,197.0
YHR082C,56.0
YHR083W,14.0
YHR084W,68.0
YHR085W,18.0
YHR086W,48.0
YHR086W-A,
YHR087W,35.0
YHR088W,45.0
YHR089C,49.0
YHR090C,60.0
YHR091C,7.0
YHR092C,19.0
YHR093W,
YHR094C,45.0
YHR095W,
YHR096C,31.0
YHR097C,15.0
YHR098C,18.0
YHR099W,66.0
YHR100C,43.0
YHR101C,50.0
YHR102W,9.0
YHR103W,21.0
YHR104W,38.0
YHR105W,20.0
YHR106W,20.0
YHR107C,59.0
YHR108W,66.0
YHR109W,2.0
YHR110W,24.0
YHR111W,96.0
YHR112C,20.0
YHR113W,22.0
YHR114W,31.0
YHR115C,35.0
YHR116W,65.0
YHR117W,25.0
YHR118C,30.0
YHR119W,64.0
YHR120W,24.0
YHR121W,90.0
YHR122W,8.0
YHR123W,32.0
YHR124W,30.0
YHR125W,
YHR126C,3.0
YHR127W,13.0
YHR128W,12.0
YHR129C,108.0
YHR130C,
YHR131C,15.0
YHR131W-A,
YHR132C,32.0
YHR132W-A,20.0
YHR133C,19.0
YHR134W,45.0
YHR135C,56.0
YHR136C,9.0
YHR137C-A,
YHR137W,17.0
YHR138C,11.0
YHR139C,8.0
YHR139C-A,
YHR140W,26.0
YHR141C,37.0
YHR142W,88.0
YHR143W,17.0
YHR143WA,
YHR143W-A,51.0
YHR144C,
YHR145C,
YHR146W,30.0
YHR147C,18.0
YHR148W,29.0
YHR149C,9.0
YHR150W,9.0
YHR151C,44.0
YHR152W,40.0
YHR153C,7.0
YHR154W,77.0
YHR155W,20.0
YHR156C,37.0
YHR157W,36.0
YHR158C,80.0
YHR159W,22.0
YHR160C,32.0
YHR161C,61.0
YHR162W,19.0
YHR163W,31.0
YHR164C,21.0
YHR165C,82.0
YHR165W-A,
YHR166C,37.0
YHR167W,144.0
YHR168W,7.0
YHR169W,10.0
YHR170W,38.0
YHR171W,24.0
YHR172W,14.0
YHR173C,
YHR174W,98.0
YHR175W,17.0
YHR175W-A,4.0
YHR176W,15.0
YHR177W,5.0
YHR178W,184.0
YHR179W,49.0
YHR180C-B,
YHR180W,
YHR180W-A,
YHR181W,34.0
YHR182C-A,
YHR182W,24.0
YHR183W,137.0
YHR184W,19.0
YHR185C,24.0
YHR186C,45.0
YHR187W,59.0
YHR188C,12.0
YHR189W,102.0
YHR190W,18.0
YHR191C,208.0
YHR192W,25.0
YHR193C,67.0
YHR193C-A,
YHR194W,37.0
YHR195W,20.0
YHR196W,47.0
YHR197W,37.0
YHR198C,36.0
YHR199C,18.0
YHR199C-A,4.0
YHR200W,284.0
YHR201C,11.0
YHR202W,9.0
YHR203C,140.0
YHR204W,14.0
YHR205W,72.0
YHR206W,144.0
YHR207C,27.0
YHR208W,11.0
YHR209W,11.0
YHR210C,13.0
YHR211W,2.0
YHR212C,
YHR212W-A,
YHR213W,2.0
YHR213W-A,1.0
YHR213W-B,
YHR214C-B,
YHR214C-C,
YHR214C-D,
YHR214C-E,
YHR214W,1.0
YHR214WA,
YHR214W-A,
YHR215W,2.0
YHR216W,43.0
YHR217C,
YHR218W,2.0
YHR218W-A,
YHR219C-A,
YHR219W,2.0
YIL001W,6.0
YIL002C,48.0
YIL002W-A,5.0
YIL003W,9.0
YIL004C,36.0
YIL005W,19.0
YIL006W,8.0
YIL007C,20.0
YIL008W,99.0
YIL009C-A,15.0
YIL009W,12.0
YIL010W,25.0
YIL011W,16.0
YIL012W,
YIL013C,26.0
YIL014C-A,6.0
YIL014W,7.0
YIL015C-A,
YIL015W,15.0
YIL016W,66.0
YIL017C,49.0
YIL017W,
YIL018W,59.0
YIL019W,5.0
YIL020C,6.0
YIL020C-A,
YIL021C-A,
YIL021W,114.0
YIL022W,22.0
YIL023C,16.0
YIL024C,4.0
YIL025C,
YIL026C,19.0
YIL027C,54.0
YIL028W,
YIL029C,16.0
YIL029W-A,
YIL030C,70.0
YIL030W-A,
YIL031W,22.0
YIL032C,
YIL033C,53.0
YIL034C,68.0
YIL035C,126.0
YIL036W,51.0
YIL037C,12.0
YIL038C,75.0
YIL039W,67.0
YIL040W,252.0
YIL041W,44.0
YIL042C,25.0
YIL043C,38.0
YIL044C,81.0
YIL045W,18.0
YIL046W,23.0
YIL046W-A,1.0
YIL047C,29.0
YIL047C-A,
YIL048W,18.0
YIL049W,9.0
YIL050W,10.0
YIL051C,19.0
YIL052C,32.0
YIL053W,75.0
YIL054W,
YIL055C,12.0
YIL056W,12.0
YIL057C,12.0
YIL058W,
YIL059C,
YIL060W,9.0
YIL061C,32.0
YIL062C,24.0
YIL063C,18.0
YIL064W,18.0
YIL065C,100.0
YIL066C,15.0
YIL066W-A,
YIL067C,3.0
YIL068C,36.0
YIL068W-A,
YIL069C,65.0
YIL070C,69.0
YIL071C,13.0
YIL071W-A,
YIL072W,18.0
YIL073C,12.0
YIL074C,22.0
YIL075C,81.0
YIL076W,234.0
YIL077C,47.0
YIL078W,31.0
YIL079C,54.0
YIL080W,
YIL082W,
YIL082WA,
YIL082W-A,
YIL083C,9.0
YIL084C,251.0
YIL085C,6.0
YIL086C,
YIL087C,18.0
YIL088C,12.0
YIL089W,4.0
YIL090W,273.0
YIL091C,15.0
YIL092W,5.0
YIL093C,27.0
YIL094C,48.0
YIL095W,36.0
YIL096C,15.0
YIL097W,85.0
YIL098C,95.0
YIL099W,8.0
YIL100C-A,
YIL100W,
YIL101C,22.0
YIL102C,4.0
YIL102C-A,
YIL103W,24.0
YIL104C,12.0
YIL105C,66.0
YIL105W-A,
YIL106W,21.0
YIL107C,38.0
YIL108W,11.0
YIL109C,55.0
YIL110W,23.0
YIL111W,12.0
YIL112W,62.0
YIL113W,11.0
YIL114C,15.0
YIL115C,67.0
YIL115W-A,
YIL116W,9.0
YIL117C,9.0
YIL118W,43.0
YIL119C,32.0
YIL120W,6.0
YIL121W,20.0
YIL122W,39.0
YIL123W,31.0
YIL124W,63.0
YIL125W,34.0
YIL126W,63.0
YIL127C,7.0
YIL128W,146.0
YIL129C,17.0
YIL130W,26.0
YIL131C,40.0
YIL132C,27.0
YIL133C,109.0
YIL134C-A,
YIL134W,46.0
YIL135C,37.0
YIL136W,33.0
YIL137C,13.0
YIL138C,26.0
YIL139C,34.0
YIL140W,36.0
YIL141W,
YIL142C-A,
YIL142W,59.0
YIL143C,28.0
YIL144W,55.0
YIL145C,12.0
YIL146C,47.0
YIL147C,14.0
YIL148W,46.0
YIL149C,64.0
YIL150C,34.0
YIL151C,13.0
YIL152W,13.0
YIL153W,83.0
YIL154C,64.0
YIL155C,28.0
YIL156W,45.0
YIL156W-A,
YIL156W-B,3.0
YIL157C,10.0
YIL158W,7.0
YIL159W,49.0
YIL160C,69.0
YIL161W,17.0
YIL162W,17.0
YIL163C,
YIL164C,3.0
YIL165C,11.0
YIL166C,10.0
YIL167W,
YIL168W,
YIL169C,5.0
YIL170W,
YIL171W,
YIL171W-A,
YIL172C,5.0
YIL173W,13.0
YIL174W,
YIL175W,
YIL176C,1.0
YIL177C,6.0
YIL177W-A,
YIR001C,30.0
YIR002C,71.0
YIR003W,34.0
YIR004W,12.0
YIR005W,106.0
YIR006C,45.0
YIR007W,9.0
YIR008C,79.0
YIR009W,47.0
YIR010W,32.0
YIR011C,9.0
YIR012W,14.0
YIR013C,4.0
YIR014W,5.0
YIR015W,6.0
YIR016W,31.0
YIR017C,43.0
YIR017W-A,
YIR018C-A,1.0
YIR018W,16.0
YIR019C,25.0
YIR020C,
YIR020C-B,
YIR020W-A,
YIR021W,18.0
YIR021W-A,2.0
YIR022W,41.0
YIR023C-A,
YIR023W,37.0
YIR024C,18.0
YIR025W,28.0
YIR026C,28.0
YIR027C,10.0
YIR028W,11.0
YIR029W,13.0
YIR030C,3.0
YIR030W-A,
YIR031C,5.0
YIR032C,13.0
YIR033W,212.0
YIR034C,12.0
YIR035C,13.0
YIR036C,9.0
YIR036W-A,
YIR037W,28.0
YIR038C,82.0
YIR039C,8.0
YIR040C,
YIR041W,2.0
YIR042C,9.0
YIR043C,
YIR044C,
YJL001W,70.0
YJL002C,55.0
YJL003W,4.0
YJL004C,171.0
YJL005W,47.0
YJL006C,102.0
YJL007C,
YJL008C,52.0
YJL009W,
YJL010C,17.0
YJL011C,30.0
YJL012C,33.0
YJL012C-A,
YJL013C,64.0
YJL014W,46.0
YJL015C,
YJL016W,21.0
YJL017W,
YJL018W,
YJL019W,66.0
YJL020C,57.0
YJL020W-A,
YJL021C,
YJL022W,
YJL023C,45.0
YJL024C,65.0
YJL025W,10.0
YJL026C-A,
YJL026W,34.0
YJL027C,9.0
YJL028W,5.0
YJL029C,77.0
YJL030W,158.0
YJL031C,12.0
YJL032W,
YJL033W,33.0
YJL034W,84.0
YJL035C,16.0
YJL036W,102.0
YJL037W,5.0
YJL038C,3.0
YJL039C,38.0
YJL041W,50.0
YJL042W,36.0
YJL043W,8.0
YJL044C,36.0
YJL045W,85.0
YJL046W,74.0
YJL047C,101.0
YJL047C-A,3.0
YJL048C,16.0
YJL049W,64.0
YJL050W,33.0
YJL051W,22.0
YJL052C-A,
YJL052W,52.0
YJL053W,86.0
YJL054W,13.0
YJL055W,7.0
YJL056C,40.0
YJL057C,15.0
YJL058C,29.0
YJL059W,15.0
YJL060W,19.0
YJL061W,48.0
YJL062W,154.0
YJL062W-A,9.0
YJL063C,17.0
YJL064W,
YJL065C,22.0
YJL066C,23.0
YJL067W,
YJL068C,21.0
YJL069C,21.0
YJL070C,53.0
YJL071W,15.0
YJL072C,19.0
YJL073W,26.0
YJL074C,54.0
YJL075C,
YJL076W,78.0
YJL077C,5.0
YJL077W-A,
YJL077W-B,1.0
YJL078C,18.0
YJL079C,23.0
YJL080C,51.0
YJL081C,72.0
YJL082W,53.0
YJL083W,26.0
YJL084C,52.0
YJL085W,30.0
YJL086C,
YJL087C,10.0
YJL088W,15.0
YJL089W,37.0
YJL090C,58.0
YJL091C,24.0
YJL092W,341.0
YJL093C,15.0
YJL094C,24.0
YJL095W,278.0
YJL096W,12.0
YJL097W,18.0
YJL098W,73.0
YJL099W,60.0
YJL100W,8.0
YJL101C,124.0
YJL102W,4.0
YJL103C,8.0
YJL104W,17.0
YJL105W,13.0
YJL106W,58.0
YJL107C,9.0
YJL108C,14.0
YJL109C,63.0
YJL110C,58.0
YJL111W,30.0
YJL112W,43.0
YJL113W,
YJL114W,
YJL115W,225.0
YJL116C,10.0
YJL117W,118.0
YJL118W,4.0
YJL119C,
YJL120W,
YJL121C,51.0
YJL122W,30.0
YJL123C,92.0
YJL124C,370.0
YJL125C,16.0
YJL126W,6.0
YJL127C,16.0
YJL127C-B,3.0
YJL127W-A,
YJL128C,172.0
YJL129C,31.0
YJL130C,97.0
YJL131C,5.0
YJL132W,11.0
YJL133C-A,1.0
YJL133W,14.0
YJL134W,54.0
YJL135W,
YJL136C,122.0
YJL136W-A,
YJL137C,20.0
YJL138C,134.0
YJL139C,55.0
YJL140W,73.0
YJL141C,56.0
YJL142C,
YJL143W,26.0
YJL144W,6.0
YJL145W,18.0
YJL146W,14.0
YJL147C,50.0
YJL148W,219.0
YJL149W,15.0
YJL150W,
YJL151C,45.0
YJL152W,
YJL153C,38.0
YJL154C,122.0
YJL155C,40.0
YJL156C,9.0
YJL156W-A,
YJL157C,52.0
YJL158C,15.0
YJL159W,25.0
YJL160C,106.0
YJL161W,9.0
YJL162C,6.0
YJL163C,32.0
YJL164C,78.0
YJL165C,90.0
YJL166W,41.0
YJL167W,32.0
YJL168C,222.0
YJL169W,
YJL170C,10.0
YJL171C,20.0
YJL172W,15.0
YJL173C,31.0
YJL174W,22.0
YJL175W,
YJL176C,90.0
YJL177W,105.0
YJL178C,36.0
YJL179W,126.0
YJL180C,38.0
YJL181W,8.0
YJL182C,
YJL183W,206.0
YJL184W,24.0
YJL185C,13.0
YJL186W,15.0
YJL187C,124.0
YJL188C,
YJL189W,19.0
YJL190C,97.0
YJL191W,34.0
YJL192C,36.0
YJL193W,10.0
YJL194W,47.0
YJL195C,
YJL196C,42.0
YJL197C-A,
YJL197W,16.0
YJL198W,28.0
YJL199C,
YJL200C,64.0
YJL201W,31.0
YJL202C,
YJL203W,28.0
YJL204C,32.0
YJL205C,8.0
YJL206C,26.0
YJL206C-A,
YJL207C,17.0
YJL208C,35.0
YJL209W,8.0
YJL210W,37.0
YJL211C,
YJL212C,24.0
YJL213W,12.0
YJL214W,27.0
YJL215C,
YJL216C,6.0
YJL217W,14.0
YJL218W,19.0
YJL219W,2.0
YJL220W,
YJL221C,
YJL222W,5.0
YJL222W-A,
YJL222W-B,
YJL223C,1.0
YJL225C,4.0
YJL225W-A,
YJR001W,19.0
YJR002W,75.0
YJR003C,10.0
YJR004C,8.0
YJR005C-A,
YJR005W,29.0
YJR006W,20.0
YJR007W,86.0
YJR008W,7.0
YJR009C,81.0
YJR010CA,
YJR010C-A,27.0
YJR010W,10.0
YJR011C,47.0
YJR012C,3.0
YJR013W,7.0
YJR014W,57.0
YJR015W,14.0
YJR016C,16.0
YJR017C,22.0
YJR018W,
YJR019C,17.0
YJR020W,
YJR021C,50.0
YJR022W,22.0
YJR023C,
YJR024C,7.0
YJR025C,40.0
YJR026W,
YJR027W,
YJR028W,
YJR029W,
YJR030C,5.0
YJR031C,21.0
YJR032W,113.0
YJR033C,68.0
YJR034W,18.0
YJR035W,52.0
YJR036C,13.0
YJR037W,
YJR038C,
YJR039W,20.0
YJR040W,53.0
YJR041C,9.0
YJR042W,33.0
YJR043C,189.0
YJR044C,86.0
YJR045C,63.0
YJR046W,18.0
YJR047C,22.0
YJR048W,34.0
YJR049C,14.0
YJR050W,41.0
YJR051W,15.0
YJR052W,21.0
YJR053W,84.0
YJR054W,141.0
YJR055W,14.0
YJR056C,16.0
YJR057W,7.0
YJR058C,15.0
YJR059W,126.0
YJR060W,173.0
YJR061W,3.0
YJR062C,15.0
YJR063W,26.0
YJR064W,38.0
YJR065C,35.0
YJR066W,118.0
YJR067C,6.0
YJR068W,29.0
YJR069C,11.0
YJR070C,57.0
YJR071W,
YJR072C,32.0
YJR073C,383.0
YJR074W,142.0
YJR075W,153.0
YJR076C,63.0
YJR077C,44.0
YJR078W,24.0
YJR079W,9.0
YJR080C,20.0
YJR082C,80.0
YJR083C,19.0
YJR084W,38.0
YJR085C,4.0
YJR086W,9.0
YJR087W,
YJR088C,55.0
YJR089W,21.0
YJR090C,39.0
YJR091C,25.0
YJR092W,49.0
YJR093C,34.0
YJR094C,99.0
YJR094WA,
YJR094W-A,43.0
YJR095W,17.0
YJR096W,31.0
YJR097W,33.0
YJR098C,6.0
YJR099W,18.0
YJR100C,18.0
YJR101W,23.0
YJR102C,44.0
YJR103W,23.0
YJR104C,132.0
YJR105W,147.0
YJR106W,9.0
YJR107W,9.0
YJR108W,8.0
YJR109C,21.0
YJR110W,15.0
YJR111C,14.0
YJR112W,83.0
YJR112W-A,2.0
YJR113C,28.0
YJR114W,
YJR115W,9.0
YJR116W,6.0
YJR117W,189.0
YJR118C,153.0
YJR119C,38.0
YJR120W,56.0
YJR121W,43.0
YJR122W,10.0
YJR123W,121.0
YJR124C,11.0
YJR125C,50.0
YJR126C,28.0
YJR127C,19.0
YJR128W,
YJR129C,10.0
YJR130C,22.0
YJR131W,33.0
YJR132W,61.0
YJR133W,26.0
YJR134C,51.0
YJR135C,59.0
YJR135W-A,8.0
YJR136C,3.0
YJR137C,27.0
YJR138W,33.0
YJR139C,192.0
YJR140C,112.0
YJR140W-A,
YJR141W,16.0
YJR142W,20.0
YJR143C,41.0
YJR144W,69.0
YJR145C,140.0
YJR146W,
YJR147W,19.0
YJR148W,15.0
YJR149W,8.0
YJR150C,12.0
YJR151C,1.0
YJR151W-A,
YJR152W,16.0
YJR153W,11.0
YJR154W,13.0
YJR155W,3.0
YJR156C,1.0
YJR157W,
YJR158W,3.0
YJR159W,9.0
YJR160C,4.0
YJR161C,2.0
YJR162C,
YKL001C,20.0
YKL002W,29.0
YKL003C,16.0
YKL004W,29.0
YKL005C,15.0
YKL006CA,
YKL006C-A,15.0
YKL006W,161.0
YKL007W,78.0
YKL008C,52.0
YKL009W,166.0
YKL010C,31.0
YKL011C,9.0
YKL012W,36.0
YKL013C,17.0
YKL014C,44.0
YKL015W,26.0
YKL016C,41.0
YKL017C,4.0
YKL018C-A,3.0
YKL018W,48.0
YKL019W,10.0
YKL020C,58.0
YKL021C,25.0
YKL022C,32.0
YKL023C-A,
YKL023W,46.0
YKL024C,8.0
YKL025C,45.0
YKL026C,11.0
YKL027W,33.0
YKL028W,34.0
YKL029C,53.0
YKL030W,
YKL031W,
YKL032C,157.0
YKL033W,10.0
YKL033WA,
YKL033W-A,15.0
YKL034W,9.0
YKL035W,30.0
YKL036C,
YKL037W,12.0
YKL038W,36.0
YKL039W,15.0
YKL040C,28.0
YKL041W,187.0
YKL042W,53.0
YKL043W,28.0
YKL044W,
YKL045W,14.0
YKL046C,15.0
YKL047W,7.0
YKL048C,237.0
YKL049C,46.0
YKL050C,35.0
YKL051W,44.0
YKL052C,25.0
YKL053CA,
YKL053C-A,140.0
YKL053W,
YKL054C,53.0
YKL055C,108.0
YKL056C,61.0
YKL057C,81.0
YKL058W,25.0
YKL059C,20.0
YKL060C,74.0
YKL061W,40.0
YKL062W,62.0
YKL063C,26.0
YKL064W,28.0
YKL065C,85.0
YKL065W-A,2.0
YKL066W,
YKL067W,21.0
YKL068W,43.0
YKL068W-A,4.0
YKL069W,122.0
YKL070W,3.0
YKL071W,7.0
YKL072W,14.0
YKL073W,140.0
YKL074C,96.0
YKL075C,22.0
YKL076C,
YKL077W,12.0
YKL078W,12.0
YKL079W,64.0
YKL080W,50.0
YKL081W,150.0
YKL082C,28.0
YKL083W,
YKL084W,3.0
YKL085W,48.0
YKL086W,5.0
YKL087C,62.0
YKL088W,22.0
YKL089W,22.0
YKL090W,9.0
YKL091C,13.0
YKL092C,21.0
YKL093W,34.0
YKL094W,24.0
YKL095W,12.0
YKL096C-B,
YKL096W,8.0
YKL096WA,
YKL096W-A,19.0
YKL097C,
YKL097W-A,
YKL098W,28.0
YKL099C,18.0
YKL100C,10.0
YKL100W-A,
YKL101W,148.0
YKL102C,
YKL103C,40.0
YKL104C,81.0
YKL105C,13.0
YKL106C-A,2.0
YKL106W,25.0
YKL107W,5.0
YKL108W,25.0
YKL109W,106.0
YKL110C,103.0
YKL111C,
YKL112W,20.0
YKL113C,249.0
YKL114C,47.0
YKL115C,
YKL116C,40.0
YKL117W,32.0
YKL118W,
YKL119C,84.0
YKL120W,38.0
YKL121W,26.0
YKL122C,16.0
YKL123W,
YKL124W,13.0
YKL125W,12.0
YKL126W,36.0
YKL127W,69.0
YKL128C,9.0
YKL129C,38.0
YKL130C,31.0
YKL131W,
YKL132C,15.0
YKL133C,7.0
YKL134C,16.0
YKL135C,39.0
YKL136W,
YKL137W,47.0
YKL138C,6.0
YKL138C-A,46.0
YKL139W,220.0
YKL140W,24.0
YKL141W,28.0
YKL142W,35.0
YKL143W,92.0
YKL144C,41.0
YKL145W,96.0
YKL145W-A,
YKL146W,15.0
YKL147C,
YKL148C,35.0
YKL149C,28.0
YKL150W,33.0
YKL151C,18.0
YKL152C,49.0
YKL153W,
YKL154W,47.0
YKL155C,35.0
YKL156C-A,
YKL156W,31.0
YKL157W,34.0
YKL158W,
YKL159C,14.0
YKL160W,104.0
YKL161C,13.0
YKL162C,12.0
YKL162C-A,
YKL163W,7.0
YKL164C,22.0
YKL165C,9.0
YKL165C-A,
YKL166C,62.0
YKL167C,77.0
YKL168C,38.0
YKL169C,
YKL170W,10.0
YKL171W,44.0
YKL172W,83.0
YKL173W,88.0
YKL174C,13.0
YKL175W,13.0
YKL176C,86.0
YKL177W,
YKL178C,11.0
YKL179C,53.0
YKL180W,100.0
YKL181W,37.0
YKL182W,52.0
YKL183C-A,
YKL183W,11.0
YKL184W,174.0
YKL185W,48.0
YKL186C,30.0
YKL187C,9.0
YKL188C,10.0
YKL189W,7.0
YKL190W,168.0
YKL191W,25.0
YKL192C,18.0
YKL193C,38.0
YKL194C,9.0
YKL195W,22.0
YKL196C,68.0
YKL197C,45.0
YKL198C,52.0
YKL199C,
YKL200C,
YKL201C,19.0
YKL202W,
YKL203C,79.0
YKL204W,42.0
YKL205W,47.0
YKL206C,33.0
YKL207W,34.0
YKL208W,111.0
YKL209C,11.0
YKL210W,42.0
YKL211C,34.0
YKL212W,409.0
YKL213C,298.0
YKL214C,46.0
YKL215C,13.0
YKL216W,45.0
YKL217W,16.0
YKL218C,41.0
YKL219W,3.0
YKL220C,4.0
YKL221W,7.0
YKL222C,7.0
YKL223W,
YKL224C,
YKL225W,
YKR001C,260.0
YKR002W,37.0
YKR003W,23.0
YKR004C,15.0
YKR005C,4.0
YKR006C,36.0
YKR007W,120.0
YKR008W,43.0
YKR009C,28.0
YKR010C,59.0
YKR011C,2.0
YKR012C,
YKR013W,10.0
YKR014C,40.0
YKR015C,7.0
YKR016W,50.0
YKR017C,8.0
YKR018C,29.0
YKR019C,91.0
YKR020W,176.0
YKR021W,18.0
YKR022C,45.0
YKR023W,16.0
YKR024C,116.0
YKR025W,30.0
YKR026C,48.0
YKR027W,47.0
YKR028W,89.0
YKR029C,154.0
YKR030W,30.0
YKR031C,58.0
YKR032W,
YKR033C,
YKR034W,37.0
YKR035C,
YKR035W-A,76.0
YKR036C,26.0
YKR037C,27.0
YKR038C,12.0
YKR039W,40.0
YKR040C,
YKR041W,20.0
YKR042W,87.0
YKR043C,18.0
YKR044W,12.0
YKR045C,9.0
YKR046C,26.0
YKR047W,
YKR048C,176.0
YKR049C,29.0
YKR050W,25.0
YKR051W,13.0
YKR052C,22.0
YKR053C,39.0
YKR054C,135.0
YKR055W,37.0
YKR056W,15.0
YKR057W,55.0
YKR058W,28.0
YKR059W,116.0
YKR060W,46.0
YKR061W,22.0
YKR062W,35.0
YKR063C,23.0
YKR064W,25.0
YKR065C,75.0
YKR066C,16.0
YKR067W,56.0
YKR068C,66.0
YKR069W,9.0
YKR070W,9.0
YKR071C,21.0
YKR072C,71.0
YKR073C,
YKR074W,14.0
YKR075C,11.0
YKR075W-A,
YKR076W,8.0
YKR077W,20.0
YKR078W,8.0
YKR079C,13.0
YKR080W,13.0
YKR081C,80.0
YKR082W,195.0
YKR083C,37.0
YKR084C,30.0
YKR085C,23.0
YKR086W,21.0
YKR087C,9.0
YKR088C,27.0
YKR089C,24.0
YKR090W,16.0
YKR091W,47.0
YKR092C,108.0
YKR093W,27.0
YKR094C,108.0
YKR095W,80.0
YKR095W-A,8.0
YKR096W,30.0
YKR097W,37.0
YKR098C,16.0
YKR099W,85.0
YKR100C,24.0
YKR101W,39.0
YKR102W,9.0
YKR103W,14.0
YKR104W,18.0
YKR105C,6.0
YKR106W,7.0
YLL001W,86.0
YLL002W,152.0
YLL003W,22.0
YLL004W,31.0
YLL005C,12.0
YLL006W,137.0
YLL006W-A,
YLL007C,8.0
YLL008W,82.0
YLL009C,17.0
YLL010C,26.0
YLL011W,39.0
YLL012W,20.0
YLL013C,41.0
YLL014W,41.0
YLL015W,28.0
YLL016W,
YLL017W,
YLL018C,35.0
YLL018CA,
YLL018C-A,7.0
YLL019C,33.0
YLL019W-A,
YLL020C,
YLL021W,76.0
YLL022C,24.0
YLL023C,32.0
YLL024C,335.0
YLL025W,10.0
YLL026W,82.0
YLL027W,10.0
YLL028W,32.0
YLL029W,39.0
YLL030C,
YLL031C,26.0
YLL032C,10.0
YLL033W,25.0
YLL034C,39.0
YLL035W,6.0
YLL036C,62.0
YLL037W,
YLL038C,42.0
YLL039C,304.0
YLL040C,106.0
YLL041C,40.0
YLL042C,18.0
YLL043W,114.0
YLL044W,
YLL045C,155.0
YLL046C,14.0
YLL047W,
YLL048C,29.0
YLL049W,119.0
YLL050C,51.0
YLL051C,6.0
YLL052C,9.0
YLL053C,2.0
YLL054C,7.0
YLL055W,18.0
YLL056C,4.0
YLL057C,16.0
YLL058W,11.0
YLL059C,
YLL060C,9.0
YLL061W,7.0
YLL062C,5.0
YLL063C,8.0
YLL064C,1.0
YLL065W,
YLL066C,3.0
YLL066W-A,
YLL066W-B,
YLL067C,3.0
YLL067W-A,
YLR001C,5.0
YLR002C,65.0
YLR003C,44.0
YLR004C,17.0
YLR005W,38.0
YLR006C,45.0
YLR007W,11.0
YLR008C,22.0
YLR009W,34.0
YLR010C,7.0
YLR011W,11.0
YLR012C,6.0
YLR013W,5.0
YLR014C,24.0
YLR015W,165.0
YLR016C,29.0
YLR017W,21.0
YLR018C,58.0
YLR019W,16.0
YLR020C,15.0
YLR021W,45.0
YLR022C,14.0
YLR023C,42.0
YLR024C,95.0
YLR025W,74.0
YLR026C,58.0
YLR027C,128.0
YLR028C,22.0
YLR029C,86.0
YLR030W,6.0
YLR031W,29.0
YLR032W,114.0
YLR033W,47.0
YLR034C,23.0
YLR035C,19.0
YLR035C-A,
YLR036C,8.0
YLR037C,5.0
YLR038C,83.0
YLR039C,464.0
YLR040C,9.0
YLR041W,
YLR042C,4.0
YLR043C,28.0
YLR044C,92.0
YLR045C,40.0
YLR046C,15.0
YLR047C,9.0
YLR048W,95.0
YLR049C,6.0
YLR050C,23.0
YLR051C,11.0
YLR052W,101.0
YLR053C,12.0
YLR054C,3.0
YLR055C,178.0
YLR056W,271.0
YLR057W,14.0
YLR058C,53.0
YLR059C,29.0
YLR060W,24.0
YLR061W,81.0
YLR062C,
YLR063W,16.0
YLR064W,33.0
YLR065C,80.0
YLR066W,10.0
YLR067C,46.0
YLR068W,5.0
YLR069C,42.0
YLR070C,14.0
YLR071C,49.0
YLR072W,17.0
YLR073C,16.0
YLR074C,20.0
YLR075W,110.0
YLR076C,
YLR077W,10.0
YLR078C,59.0
YLR079W,231.0
YLR080W,18.0
YLR081W,22.0
YLR082C,30.0
YLR083C,16.0
YLR084C,25.0
YLR085C,224.0
YLR086W,23.0
YLR087C,210.0
YLR088W,16.0
YLR089C,126.0
YLR090W,42.0
YLR091W,29.0
YLR092W,5.0
YLR093C,27.0
YLR094C,14.0
YLR095C,38.0
YLR096W,33.0
YLR097C,14.0
YLR098C,55.0
YLR099C,8.0
YLR099W-A,3.0
YLR100W,22.0
YLR101C,
YLR102C,48.0
YLR103C,36.0
YLR104W,20.0
YLR105C,13.0
YLR106C,57.0
YLR107W,15.0
YLR108C,6.0
YLR109W,53.0
YLR110C,159.0
YLR111W,
YLR112W,
YLR113W,158.0
YLR114C,59.0
YLR115W,29.0
YLR116W,20.0
YLR117C,53.0
YLR118C,11.0
YLR119W,166.0
YLR120C,20.0
YLR120W-A,
YLR121C,9.0
YLR122C,
YLR123C,
YLR124W,
YLR125W,7.0
YLR126C,8.0
YLR127C,40.0
YLR128W,15.0
YLR129W,35.0
YLR130C,10.0
YLR131C,98.0
YLR132C,13.0
YLR133W,42.0
YLR134W,28.0
YLR135W,44.0
YLR136C,14.0
YLR137W,6.0
YLR138W,21.0
YLR139C,46.0
YLR140W,
YLR141W,14.0
YLR142W,13.0
YLR143W,16.0
YLR144C,22.0
YLR145W,16.0
YLR146C,22.0
YLR146W-A,2.0
YLR147C,55.0
YLR148W,53.0
YLR149C,8.0
YLR149C-A,
YLR150W,199.0
YLR151C,10.0
YLR152C,15.0
YLR153C,27.0
YLR154C,16.0
YLR154C-G,6.0
YLR154C-H,
YLR154W-A,
YLR154W-B,
YLR154W-C,9.0
YLR154W-E,
YLR154W-F,
YLR155C,
YLR156C-A,
YLR156W,1.0
YLR157C,1.0
YLR157C-B,
YLR157C-C,
YLR157W-D,
YLR157W-E,1.0
YLR158C,
YLR159C-A,
YLR159W,
YLR160C,2.0
YLR161W,1.0
YLR162W,1.0
YLR162W-A,
YLR163C,11.0
YLR163W-A,
YLR164W,7.0
YLR165C,16.0
YLR166C,34.0
YLR167W,51.0
YLR168C,38.0
YLR169W,
YLR170C,40.0
YLR171W,
YLR172C,44.0
YLR173W,8.0
YLR174W,15.0
YLR175W,99.0
YLR176C,45.0
YLR177W,9.0
YLR178C,11.0
YLR179C,7.0
YLR180W,96.0
YLR181C,49.0
YLR182W,313.0
YLR183C,18.0
YLR184W,
YLR185W,65.0
YLR186W,40.0
YLR187W,21.0
YLR188W,30.0
YLR189C,27.0
YLR190W,122.0
YLR191W,78.0
YLR192C,106.0
YLR193C,154.0
YLR194C,7.0
YLR195C,16.0
YLR196W,55.0
YLR197W,131.0
YLR198C,
YLR199C,23.0
YLR200W,280.0
YLR201C,5.0
YLR202C,
YLR203C,25.0
YLR204W,15.0
YLR205C,12.0
YLR206W,54.0
YLR207W,57.0
YLR208W,49.0
YLR209C,7.0
YLR210W,44.0
YLR211C,7.0
YLR212C,32.0
YLR213C,10.0
YLR214W,15.0
YLR215C,9.0
YLR216C,59.0
YLR217W,
YLR218C,72.0
YLR219W,27.0
YLR220W,21.0
YLR221C,38.0
YLR222C,45.0
YLR222C-A,
YLR223C,35.0
YLR224W,13.0
YLR225C,7.0
YLR226W,28.0
YLR227C,20.0
YLR227W-B,
YLR228C,25.0
YLR229C,101.0
YLR230W,
YLR231C,33.0
YLR232W,
YLR233C,36.0
YLR234W,72.0
YLR235C,
YLR236C,
YLR237W,32.0
YLR238W,47.0
YLR239C,94.0
YLR240W,46.0
YLR241W,18.0
YLR242C,97.0
YLR243W,13.0
YLR244C,15.0
YLR245C,10.0
YLR246W,30.0
YLR247C,24.0
YLR248W,40.0
YLR249W,120.0
YLR250W,12.0
YLR251W,15.0
YLR252W,
YLR253W,15.0
YLR254C,16.0
YLR255C,
YLR256W,16.0
YLR256W-A,
YLR257W,25.0
YLR258W,57.0
YLR259C,72.0
YLR260W,43.0
YLR261C,
YLR262C,426.0
YLR262CA,
YLR262C-A,13.0
YLR263W,31.0
YLR264C-A,3.0
YLR264W,48.0
YLR265C,27.0
YLR266C,13.0
YLR267W,24.0
YLR268W,288.0
YLR269C,
YLR270W,14.0
YLR271W,11.0
YLR272C,16.0
YLR273C,22.0
YLR274W,43.0
YLR275W,59.0
YLR276C,47.0
YLR277C,30.0
YLR278C,20.0
YLR279W,
YLR280C,
YLR281C,10.0
YLR282C,
YLR283W,2.0
YLR284C,11.0
YLR285C-A,
YLR285W,16.0
YLR286C,15.0
YLR286W-A,
YLR287C,51.0
YLR287C-A,81.0
YLR288C,50.0
YLR289W,15.0
YLR290C,36.0
YLR291C,23.0
YLR292C,74.0
YLR293C,60.0
YLR294C,
YLR295C,31.0
YLR296W,
YLR297W,7.0
YLR298C,40.0
YLR299C-A,
YLR299W,14.0
YLR300W,34.0
YLR301W,8.0
YLR302C,
YLR303W,20.0
YLR304C,72.0
YLR305C,19.0
YLR306W,21.0
YLR307C-A,1.0
YLR307W,6.0
YLR308W,14.0
YLR309C,27.0
YLR310C,34.0
YLR311C,
YLR312C,16.0
YLR312WA,
YLR312W-A,20.0
YLR313C,21.0
YLR314C,57.0
YLR315W,104.0
YLR316C,39.0
YLR317W,
YLR318W,27.0
YLR319C,80.0
YLR320W,169.0
YLR321C,33.0
YLR322W,
YLR323C,9.0
YLR324W,41.0
YLR325C,37.0
YLR326W,15.0
YLR327C,9.0
YLR328W,20.0
YLR329W,18.0
YLR330W,124.0
YLR331C,
YLR332W,100.0
YLR333C,24.0
YLR334C,
YLR335W,66.0
YLR336C,11.0
YLR337C,236.0
YLR338W,
YLR339C,
YLR340W,117.0
YLR341W,5.0
YLR342W,179.0
YLR342W-A,1.0
YLR343W,17.0
YLR344W,35.0
YLR345W,22.0
YLR346C,21.0
YLR347C,100.0
YLR347W-A,
YLR348C,14.0
YLR349W,
YLR350W,134.0
YLR351C,8.0
YLR352W,13.0
YLR353W,35.0
YLR354C,38.0
YLR355C,35.0
YLR356W,5.0
YLR357W,193.0
YLR358C,
YLR359W,18.0
YLR360W,119.0
YLR361C,33.0
YLR361C-A,3.0
YLR362W,66.0
YLR363C,25.0
YLR363W-A,1.0
YLR364C-A,
YLR364W,2.0
YLR365W,
YLR366W,
YLR367W,67.0
YLR368W,25.0
YLR369W,18.0
YLR370C,111.0
YLR371W,193.0
YLR372W,340.0
YLR373C,135.0
YLR374C,
YLR375W,17.0
YLR376C,24.0
YLR377C,19.0
YLR378C,68.0
YLR379W,
YLR380W,27.0
YLR381W,51.0
YLR382C,22.0
YLR383W,17.0
YLR384C,192.0
YLR385C,26.0
YLR386W,134.0
YLR387C,7.0
YLR388W,37.0
YLR389C,10.0
YLR390W,6.0
YLR390WA,
YLR390W-A,21.0
YLR391W,
YLR392C,8.0
YLR393W,94.0
YLR394W,20.0
YLR395C,61.0
YLR396C,62.0
YLR397C,19.0
YLR398C,77.0
YLR399C,84.0
YLR399W-A,
YLR400W,
YLR401C,18.0
YLR402W,
YLR403W,29.0
YLR404W,37.0
YLR405W,5.0
YLR406C,45.0
YLR406C-A,2.0
YLR407W,18.0
YLR408C,10.0
YLR409C,50.0
YLR410W,163.0
YLR410W-A,
YLR410W-B,
YLR411W,7.0
YLR412C-A,1.0
YLR412W,24.0
YLR413W,33.0
YLR414C,19.0
YLR415C,19.0
YLR416C,
YLR417W,57.0
YLR418C,273.0
YLR419W,10.0
YLR420W,28.0
YLR421C,52.0
YLR422W,28.0
YLR423C,127.0
YLR424W,44.0
YLR425W,40.0
YLR426W,20.0
YLR427W,8.0
YLR428C,
YLR429W,101.0
YLR430W,40.0
YLR431C,11.0
YLR432W,92.0
YLR433C,41.0
YLR434C,
YLR435W,45.0
YLR436C,58.0
YLR437C,13.0
YLR437C-A,
YLR438CA,
YLR438C-A,83.0
YLR438W,36.0
YLR439W,38.0
YLR440C,19.0
YLR441C,114.0
YLR442C,67.0
YLR443W,34.0
YLR444C,
YLR445W,10.0
YLR446W,5.0
YLR447C,47.0
YLR448W,126.0
YLR449W,61.0
YLR450W,55.0
YLR451W,36.0
YLR452C,107.0
YLR453C,23.0
YLR454W,31.0
YLR455W,17.0
YLR456W,8.0
YLR457C,24.0
YLR458W,
YLR459W,10.0
YLR460C,8.0
YLR461W,15.0
YLR462W,2.0
YLR463C,
YLR464W,2.0
YLR465C,
YLR466C-A,
YLR466C-B,
YLR466W,4.0
YLR467C-A,
YLR467W,5.0
YML001W,168.0
YML002W,10.0
YML003W,3.0
YML004C,9.0
YML005W,9.0
YML006C,48.0
YML007C-A,1.0
YML007W,126.0
YML008C,189.0
YML009C,30.0
YML009C-A,
YML009W-B,
YML010C-B,
YML010W,90.0
YML010W-A,
YML010W-B,
YML011C,13.0
YML012C-A,
YML012W,124.0
YML013C-A,
YML013W,119.0
YML014W,16.0
YML015C,29.0
YML016C,131.0
YML017W,63.0
YML018C,11.0
YML019W,69.0
YML020W,19.0
YML021C,24.0
YML022W,17.0
YML023C,5.0
YML024W,49.0
YML025C,33.0
YML026C,44.0
YML027W,21.0
YML028W,147.0
YML029W,79.0
YML030W,78.0
YML031C-A,
YML031W,27.0
YML032C,277.0
YML032C-A,
YML033W,
YML034C-A,
YML034W,114.0
YML035C,70.0
YML035C-A,
YML036W,11.0
YML037C,40.0
YML038C,93.0
YML039W,
YML040W,
YML041C,282.0
YML042W,31.0
YML043C,9.0
YML045W,
YML045W-A,
YML046W,40.0
YML047C,32.0
YML047W-A,
YML048W,147.0
YML048W-A,
YML049C,61.0
YML050W,7.0
YML051W,52.0
YML052W,53.0
YML053C,8.0
YML054C,22.0
YML054C-A,1.0
YML055W,61.0
YML056C,61.0
YML057C-A,
YML057W,31.0
YML058C-A,
YML058W,62.0
YML058W-A,7.0
YML059C,16.0
YML060W,15.0
YML061C,79.0
YML062C,89.0
YML063W,126.0
YML064C,33.0
YML065W,36.0
YML066C,52.0
YML067C,49.0
YML068W,21.0
YML069W,69.0
YML070W,17.0
YML071C,182.0
YML072C,69.0
YML073C,104.0
YML074C,64.0
YML075C,72.0
YML076C,11.0
YML077W,31.0
YML078W,10.0
YML079W,10.0
YML080W,14.0
YML081CA,
YML081C-A,74.0
YML081W,18.0
YML082W,25.0
YML083C,16.0
YML084W,
YML085C,89.0
YML086C,38.0
YML087C,4.0
YML088W,23.0
YML089C,
YML090W,
YML091C,17.0
YML092C,45.0
YML093W,27.0
YML094C-A,
YML094W,248.0
YML095C,34.0
YML095C-A,
YML096W,21.0
YML097C,216.0
YML098W,62.0
YML099C,26.0
YML099W-A,
YML100W,24.0
YML100WA,
YML100W-A,4.0
YML101C,16.0
YML101C-A,
YML102C-A,
YML102W,58.0
YML103C,156.0
YML104C,36.0
YML105C,34.0
YML106W,60.0
YML107C,53.0
YML108W,16.0
YML109W,50.0
YML110C,10.0
YML111W,29.0
YML112W,139.0
YML113W,16.0
YML114C,22.0
YML115C,33.0
YML116W,7.0
YML116W-A,
YML117W,45.0
YML117W-A,
YML118W,9.0
YML119W,23.0
YML120C,25.0
YML121W,144.0
YML122C,
YML123C,93.0
YML124C,114.0
YML125C,72.0
YML126C,37.0
YML127W,45.0
YML128C,209.0
YML129C,20.0
YML130C,9.0
YML131W,2.0
YML132W,3.0
YML133C,3.0
YML133W-A,
YML133W-B,
YMR001C,79.0
YMR001C-A,2.0
YMR002W,13.0
YMR003W,71.0
YMR004W,61.0
YMR005W,42.0
YMR006C,18.0
YMR007W,
YMR008C,16.0
YMR009W,19.0
YMR010W,56.0
YMR011W,41.0
YMR012W,90.0
YMR013C,10.0
YMR013C-A,
YMR013W-A,
YMR014W,8.0
YMR015C,107.0
YMR016C,78.0
YMR017W,13.0
YMR018W,8.0
YMR019W,21.0
YMR020W,22.0
YMR021C,29.0
YMR022W,130.0
YMR023C,75.0
YMR024W,40.0
YMR025W,35.0
YMR026C,64.0
YMR027W,10.0
YMR028W,22.0
YMR029C,49.0
YMR030W,35.0
YMR030W-A,
YMR031C,33.0
YMR031WA,
YMR031W-A,
YMR032W,89.0
YMR033W,49.0
YMR034C,12.0
YMR035W,40.0
YMR036C,51.0
YMR037C,66.0
YMR038C,84.0
YMR039C,153.0
YMR040W,9.0
YMR041C,13.0
YMR042W,11.0
YMR043W,27.0
YMR044W,52.0
YMR045C,
YMR046C,
YMR046W-A,
YMR047C,45.0
YMR048W,130.0
YMR049C,96.0
YMR050C,
YMR051C,
YMR052C-A,
YMR052W,84.0
YMR053C,36.0
YMR054W,58.0
YMR055C,97.0
YMR056C,11.0
YMR057C,
YMR058W,42.0
YMR059W,6.0
YMR060C,144.0
YMR061W,57.0
YMR062C,51.0
YMR063W,90.0
YMR064W,9.0
YMR065W,19.0
YMR066W,13.0
YMR067C,60.0
YMR068W,27.0
YMR069W,3.0
YMR070W,97.0
YMR071C,27.0
YMR072W,40.0
YMR073C,51.0
YMR074C,36.0
YMR075CA,
YMR075C-A,
YMR075W,148.0
YMR076C,34.0
YMR077C,95.0
YMR078C,227.0
YMR079W,42.0
YMR080C,128.0
YMR081C,10.0
YMR082C,
YMR083W,119.0
YMR084W,2.0
YMR085W,1.0
YMR086C-A,
YMR086W,20.0
YMR087W,12.0
YMR088C,8.0
YMR089C,38.0
YMR090W,4.0
YMR091C,41.0
YMR092C,21.0
YMR093W,57.0
YMR094W,28.0
YMR095C,21.0
YMR096W,24.0
YMR097C,11.0
YMR098C,6.0
YMR099C,23.0
YMR100W,85.0
YMR101C,6.0
YMR102C,16.0
YMR103C,
YMR104C,22.0
YMR105C,46.0
YMR105W-A,
YMR106C,52.0
YMR107W,7.0
YMR108W,21.0
YMR109W,75.0
YMR110C,18.0
YMR111C,28.0
YMR112C,52.0
YMR113W,4.0
YMR114C,9.0
YMR115W,59.0
YMR116C,237.0
YMR117C,47.0
YMR118C,4.0
YMR119W,16.0
YMR119WA,
YMR119W-A,
YMR120C,44.0
YMR121C,22.0
YMR122C,
YMR122W-A,9.0
YMR123W,169.0
YMR124W,29.0
YMR125W,108.0
YMR126C,14.0
YMR127C,51.0
YMR128W,62.0
YMR129W,62.0
YMR130W,5.0
YMR131C,20.0
YMR132C,13.0
YMR133W,12.0
YMR134W,10.0
YMR135C,48.0
YMR135W-A,
YMR136W,16.0
YMR137C,12.0
YMR138W,36.0
YMR139W,57.0
YMR140W,48.0
YMR141C,
YMR141W-A,
YMR142C,83.0
YMR143W,78.0
YMR144W,33.0
YMR145C,46.0
YMR146C,59.0
YMR147W,18.0
YMR148W,20.0
YMR149W,77.0
YMR150C,12.0
YMR151W,
YMR152W,20.0
YMR153CA,
YMR153C-A,
YMR153W,71.0
YMR154C,147.0
YMR155W,24.0
YMR156C,13.0
YMR157C,36.0
YMR158C-A,7.0
YMR158W,24.0
YMR158W-A,
YMR158W-B,
YMR159C,24.0
YMR160W,24.0
YMR161W,86.0
YMR162C,14.0
YMR163C,14.0
YMR164C,31.0
YMR165C,62.0
YMR166C,32.0
YMR167W,58.0
YMR168C,43.0
YMR169C,9.0
YMR170C,13.0
YMR171C,10.0
YMR172CA,
YMR172C-A,
YMR172W,19.0
YMR173W,23.0
YMR173WA,
YMR173W-A,
YMR174C,11.0
YMR175W,8.0
YMR175W-A,1.0
YMR176W,18.0
YMR177W,6.0
YMR178W,7.0
YMR179W,84.0
YMR180C,13.0
YMR181C,14.0
YMR182C,15.0
YMR182W-A,
YMR183C,150.0
YMR184W,22.0
YMR185W,4.0
YMR186W,182.0
YMR187C,9.0
YMR188C,33.0
YMR189W,19.0
YMR190C,131.0
YMR191W,18.0
YMR192W,20.0
YMR193C-A,
YMR193W,32.0
YMR194C-A,
YMR194C-B,1.0
YMR194W,100.0
YMR195W,8.0
YMR196W,25.0
YMR197C,44.0
YMR198W,270.0
YMR199W,80.0
YMR200W,50.0
YMR201C,92.0
YMR202W,278.0
YMR203W,30.0
YMR204C,20.0
YMR205C,162.0
YMR206W,10.0
YMR207C,60.0
YMR208W,19.0
YMR209C,12.0
YMR210W,14.0
YMR211W,6.0
YMR212C,15.0
YMR213W,43.0
YMR214W,82.0
YMR215W,26.0
YMR216C,149.0
YMR217W,12.0
YMR218C,29.0
YMR219W,45.0
YMR220W,13.0
YMR221C,16.0
YMR222C,5.0
YMR223W,176.0
YMR224C,186.0
YMR225C,13.0
YMR226C,25.0
YMR227C,38.0
YMR228W,15.0
YMR229C,159.0
YMR230W,52.0
YMR230W-A,
YMR231W,57.0
YMR232W,25.0
YMR233W,17.0
YMR234W,31.0
YMR235C,58.0
YMR236W,66.0
YMR237W,68.0
YMR238W,25.0
YMR239C,31.0
YMR240C,46.0
YMR241W,71.0
YMR242C,141.0
YMR242W-A,2.0
YMR243C,48.0
YMR244CA,
YMR244C-A,20.0
YMR244W,20.0
YMR245W,
YMR246W,45.0
YMR247C,12.0
YMR247W-A,
YMR250W,21.0
YMR251W,4.0
YMR251WA,
YMR251W-A,13.0
YMR252C,4.0
YMR253C,9.0
YMR254C,
YMR255W,25.0
YMR256C,104.0
YMR257C,5.0
YMR258C,19.0
YMR259C,8.0
YMR260C,26.0
YMR261C,21.0
YMR262W,6.0
YMR263W,235.0
YMR264W,99.0
YMR265C,2.0
YMR266W,20.0
YMR267W,66.0
YMR268C,20.0
YMR269W,91.0
YMR270C,19.0
YMR271C,16.0
YMR272C,315.0
YMR272W-A,
YMR272W-B,1.0
YMR273C,93.0
YMR274C,55.0
YMR275C,60.0
YMR276W,31.0
YMR277W,29.0
YMR278W,4.0
YMR279C,10.0
YMR280C,19.0
YMR281W,5.0
YMR282C,78.0
YMR283C,23.0
YMR284W,67.0
YMR285C,41.0
YMR286W,9.0
YMR287C,47.0
YMR288W,55.0
YMR289W,21.0
YMR290C,157.0
YMR290W-A,
YMR291W,19.0
YMR292W,53.0
YMR293C,50.0
YMR294W,110.0
YMR294WA,
YMR294W-A,
YMR295C,29.0
YMR296C,25.0
YMR297W,26.0
YMR298W,15.0
YMR299C,93.0
YMR300C,25.0
YMR301C,5.0
YMR302C,30.0
YMR303C,32.0
YMR304C-A,
YMR304W,70.0
YMR305C,14.0
YMR306CA,
YMR306C-A,
YMR306W,15.0
YMR307C-A,
YMR307W,271.0
YMR308C,74.0
YMR309C,70.0
YMR310C,13.0
YMR311C,24.0
YMR312W,161.0
YMR313C,29.0
YMR314W,74.0
YMR315W,25.0
YMR315W-A,
YMR316C-A,
YMR316C-B,
YMR316W,24.0
YMR317W,8.0
YMR318C,22.0
YMR319C,36.0
YMR320W,
YMR321C,
YMR322C,5.0
YMR323W,4.0
YMR324C,
YMR325W,2.0
YMR326C,
YNL001W,49.0
YNL002C,83.0
YNL003C,83.0
YNL004W,42.0
YNL005C,42.0
YNL006W,43.0
YNL007C,66.0
YNL008C,28.0
YNL009W,25.0
YNL010W,33.0
YNL011C,6.0
YNL012W,14.0
YNL013C,
YNL014W,32.0
YNL015W,21.0
YNL016W,65.0
YNL017C,
YNL018C,
YNL019C,2.0
YNL020C,23.0
YNL021W,191.0
YNL022C,37.0
YNL023C,18.0
YNL024C,15.0
YNL024C-A,4.0
YNL025C,99.0
YNL026W,11.0
YNL027W,67.0
YNL028W,
YNL029C,9.0
YNL030W,132.0
YNL031C,176.0
YNL032W,102.0
YNL033W,2.0
YNL034W,7.0
YNL035C,10.0
YNL036W,9.0
YNL037C,99.0
YNL038W,16.0
YNL039W,14.0
YNL040W,27.0
YNL041C,205.0
YNL042W,17.0
YNL042W-B,
YNL043C,
YNL044W,73.0
YNL045W,19.0
YNL046W,17.0
YNL047C,31.0
YNL048W,5.0
YNL049C,37.0
YNL050C,3.0
YNL051W,163.0
YNL052W,110.0
YNL053W,49.0
YNL054W,36.0
YNL054W-A,
YNL055C,109.0
YNL056W,74.0
YNL057W,
YNL058C,17.0
YNL059C,24.0
YNL061W,92.0
YNL062C,10.0
YNL063W,8.0
YNL064C,276.0
YNL065W,17.0
YNL066W,15.0
YNL067W,50.0
YNL067W-A,
YNL067W-B,1.0
YNL068C,64.0
YNL069C,116.0
YNL070W,50.0
YNL071W,104.0
YNL072W,46.0
YNL073W,68.0
YNL074C,23.0
YNL075W,29.0
YNL076W,125.0
YNL077W,35.0
YNL078W,35.0
YNL079C,233.0
YNL080C,168.0
YNL081C,124.0
YNL082W,37.0
YNL083W,9.0
YNL084C,143.0
YNL085W,60.0
YNL086W,42.0
YNL087W,27.0
YNL088W,51.0
YNL089C,
YNL090W,45.0
YNL091W,169.0
YNL092W,8.0
YNL093W,27.0
YNL094W,42.0
YNL095C,15.0
YNL096C,98.0
YNL097C,313.0
YNL097C-B,1.0
YNL097W-A,
YNL098C,186.0
YNL099C,108.0
YNL100W,16.0
YNL101W,15.0
YNL102W,41.0
YNL103W,28.0
YNL103W-A,
YNL104C,29.0
YNL105W,
YNL106C,76.0
YNL107W,224.0
YNL108C,16.0
YNL109W,
YNL110C,92.0
YNL111C,43.0
YNL112W,70.0
YNL113W,51.0
YNL114C,
YNL115C,15.0
YNL116W,40.0
YNL117W,31.0
YNL118C,37.0
YNL119W,75.0
YNL120C,
YNL121C,83.0
YNL122C,19.0
YNL123W,14.0
YNL124W,14.0
YNL125C,25.0
YNL126W,17.0
YNL127W,65.0
YNL128W,19.0
YNL129W,14.0
YNL130C,38.0
YNL130C-A,1.0
YNL131W,51.0
YNL132W,119.0
YNL133C,10.0
YNL134C,14.0
YNL135C,105.0
YNL136W,215.0
YNL137C,30.0
YNL138W,58.0
YNL138W-A,5.0
YNL139C,29.0
YNL140C,
YNL141W,141.0
YNL142W,9.0
YNL143C,
YNL144C,7.0
YNL144W-A,
YNL145W,11.0
YNL146C-A,1.0
YNL146W,14.0
YNL147W,290.0
YNL148C,15.0
YNL149C,13.0
YNL150W,
YNL151C,38.0
YNL152W,11.0
YNL153C,270.0
YNL154C,46.0
YNL155W,24.0
YNL156C,17.0
YNL157W,11.0
YNL158W,10.0
YNL159C,11.0
YNL160W,6.0
YNL161W,30.0
YNL162W,18.0
YNL162W-A,2.0
YNL163C,9.0
YNL164C,7.0
YNL165W,9.0
YNL166C,26.0
YNL167C,32.0
YNL168C,4.0
YNL169C,115.0
YNL170W,
YNL171C,
YNL172W,32.0
YNL173C,13.0
YNL174W,
YNL175C,32.0
YNL176C,9.0
YNL177C,19.0
YNL178W,137.0
YNL179C,
YNL180C,9.0
YNL181W,27.0
YNL182C,38.0
YNL183C,27.0
YNL184C,
YNL185C,5.0
YNL186W,61.0
YNL187W,13.0
YNL188W,12.0
YNL189W,138.0
YNL190W,22.0
YNL191W,5.0
YNL192W,27.0
YNL193W,2.0
YNL194C,16.0
YNL195C,8.0
YNL196C,9.0
YNL197C,36.0
YNL198C,
YNL199C,172.0
YNL200C,15.0
YNL201C,54.0
YNL202W,6.0
YNL203C,
YNL204C,6.0
YNL205C,
YNL206C,55.0
YNL207W,28.0
YNL208W,19.0
YNL209W,138.0
YNL210W,6.0
YNL211C,2.0
YNL212W,14.0
YNL213C,7.0
YNL214W,17.0
YNL215W,74.0
YNL216W,40.0
YNL217W,6.0
YNL218W,36.0
YNL219C,52.0
YNL220W,20.0
YNL221C,25.0
YNL222W,48.0
YNL223W,5.0
YNL224C,39.0
YNL225C,48.0
YNL226W,
YNL227C,49.0
YNL228W,
YNL229C,126.0
YNL230C,9.0
YNL231C,16.0
YNL232W,37.0
YNL233W,65.0
YNL234W,4.0
YNL235C,
YNL236W,93.0
YNL237W,6.0
YNL238W,98.0
YNL239W,14.0
YNL240C,12.0
YNL241C,36.0
YNL242W,15.0
YNL243W,64.0
YNL244C,35.0
YNL245C,24.0
YNL246W,48.0
YNL247W,13.0
YNL248C,72.0
YNL249C,15.0
YNL250W,143.0
YNL251C,40.0
YNL252C,40.0
YNL253W,20.0
YNL254C,9.0
YNL255C,31.0
YNL256W,8.0
YNL257C,9.0
YNL258C,27.0
YNL259C,12.0
YNL260C,7.0
YNL261W,34.0
YNL262W,55.0
YNL263C,25.0
YNL264C,15.0
YNL265C,13.0
YNL266W,
YNL267W,23.0
YNL268W,15.0
YNL269W,5.0
YNL270C,3.0
YNL271C,99.0
YNL272C,75.0
YNL273W,83.0
YNL274C,11.0
YNL275W,4.0
YNL276C,
YNL277W,11.0
YNL277W-A,1.0
YNL278W,19.0
YNL279W,9.0
YNL280C,28.0
YNL281W,20.0
YNL282W,20.0
YNL283C,40.0
YNL284C,27.0
YNL284C-A,
YNL284C-B,
YNL285W,
YNL286W,17.0
YNL287W,81.0
YNL288W,51.0
YNL289W,27.0
YNL290W,42.0
YNL291C,37.0
YNL292W,8.0
YNL293W,31.0
YNL294C,99.0
YNL295W,8.0
YNL296W,
YNL297C,141.0
YNL298W,221.0
YNL299W,24.0
YNL300W,15.0
YNL301C,69.0
YNL302C,45.0
YNL303W,
YNL304W,24.0
YNL305C,8.0
YNL306W,38.0
YNL307C,120.0
YNL308C,56.0
YNL309W,24.0
YNL310C,6.0
YNL311C,8.0
YNL312W,103.0
YNL313C,15.0
YNL314W,27.0
YNL315C,21.0
YNL316C,6.0
YNL317W,19.0
YNL318C,3.0
YNL319W,
YNL320W,5.0
YNL321W,12.0
YNL322C,77.0
YNL323W,67.0
YNL324W,
YNL325C,27.0
YNL326C,7.0
YNL327W,14.0
YNL328C,6.0
YNL329C,30.0
YNL330C,156.0
YNL331C,3.0
YNL332W,2.0
YNL333W,12.0
YNL334C,6.0
YNL335W,2.0
YNL336W,8.0
YNL337W,
YNL338W,
YNL339C,10.0
YNL339W-A,
YNL339W-B,
YNR001C,32.0
YNR001W-A,
YNR002C,11.0
YNR003C,33.0
YNR003W-A,
YNR004W,51.0
YNR005C,
YNR006W,267.0
YNR007C,86.0
YNR008W,27.0
YNR009W,27.0
YNR010W,295.0
YNR011C,31.0
YNR012W,15.0
YNR013C,29.0
YNR014W,9.0
YNR015W,22.0
YNR016C,53.0
YNR017W,36.0
YNR018W,34.0
YNR019W,48.0
YNR020C,96.0
YNR021W,35.0
YNR022C,30.0
YNR023W,32.0
YNR024W,13.0
YNR025C,
YNR026C,17.0
YNR027W,5.0
YNR028W,24.0
YNR029C,13.0
YNR030W,68.0
YNR031C,86.0
YNR032CA,
YNR032C-A,24.0
YNR032W,73.0
YNR033W,24.0
YNR034W,27.0
YNR034W-A,2.0
YNR035C,35.0
YNR036C,9.0
YNR037C,25.0
YNR038W,19.0
YNR039C,25.0
YNR040W,8.0
YNR041C,86.0
YNR042W,
YNR043W,18.0
YNR044W,23.0
YNR045W,8.0
YNR046W,28.0
YNR047W,37.0
YNR048W,15.0
YNR049C,40.0
YNR050C,12.0
YNR051C,322.0
YNR052C,92.0
YNR053C,54.0
YNR054C,12.0
YNR055C,32.0
YNR056C,2.0
YNR057C,5.0
YNR058W,9.0
YNR059W,12.0
YNR060W,8.0
YNR061C,5.0
YNR062C,4.0
YNR063W,4.0
YNR064C,12.0
YNR065C,12.0
YNR066C,8.0
YNR067C,9.0
YNR068C,3.0
YNR069C,14.0
YNR070W,8.0
YNR071C,12.0
YNR072W,9.0
YNR073C,2.0
YNR074C,9.0
YNR075C-A,1.0
YNR075W,6.0
YNR076W,1.0
YNR077C,
YOL001W,205.0
YOL002C,14.0
YOL003C,38.0
YOL004W,337.0
YOL005C,46.0
YOL006C,157.0
YOL007C,9.0
YOL008W,53.0
YOL009C,181.0
YOL010W,31.0
YOL011W,23.0
YOL012C,316.0
YOL013C,71.0
YOL013W-A,23.0
YOL013W-B,
YOL014W,12.0
YOL015W,6.0
YOL016C,40.0
YOL017W,27.0
YOL018C,255.0
YOL019W,23.0
YOL019W-A,
YOL020W,27.0
YOL021C,35.0
YOL022C,5.0
YOL023W,74.0
YOL024W,6.0
YOL025W,16.0
YOL026C,13.0
YOL027C,62.0
YOL028C,14.0
YOL029C,18.0
YOL030W,35.0
YOL031C,60.0
YOL032W,7.0
YOL033W,8.0
YOL034W,25.0
YOL035C,
YOL036W,28.0
YOL037C,
YOL038C-A,2.0
YOL038W,98.0
YOL039W,57.0
YOL040C,64.0
YOL041C,179.0
YOL042W,11.0
YOL043C,33.0
YOL044W,55.0
YOL045W,53.0
YOL046C,
YOL047C,3.0
YOL048C,5.0
YOL049W,36.0
YOL050C,
YOL051W,81.0
YOL052C,73.0
YOL052CA,
YOL052C-A,2.0
YOL053C-A,
YOL053W,39.0
YOL054W,63.0
YOL055C,7.0
YOL056W,22.0
YOL057W,10.0
YOL058W,15.0
YOL059W,24.0
YOL060C,10.0
YOL061W,34.0
YOL062C,14.0
YOL063C,16.0
YOL064C,128.0
YOL065C,34.0
YOL066C,8.0
YOL067C,105.0
YOL068C,44.0
YOL069W,88.0
YOL070C,40.0
YOL071W,21.0
YOL072W,80.0
YOL073C,10.0
YOL075C,7.0
YOL076W,39.0
YOL077C,97.0
YOL077W-A,3.0
YOL078W,21.0
YOL079W,
YOL080C,19.0
YOL081W,253.0
YOL082W,40.0
YOL083C-A,
YOL083W,19.0
YOL084W,10.0
YOL085C,
YOL085W-A,
YOL086C,130.0
YOL086W-A,8.0
YOL087C,30.0
YOL088C,24.0
YOL089C,29.0
YOL090W,80.0
YOL091W,33.0
YOL092W,18.0
YOL093W,29.0
YOL094C,37.0
YOL095C,68.0
YOL096C,35.0
YOL097C,12.0
YOL097W-A,1.0
YOL098C,19.0
YOL099C,
YOL100W,11.0
YOL101C,16.0
YOL102C,8.0
YOL103W,16.0
YOL103W-A,
YOL103W-B,
YOL104C,13.0
YOL105C,27.0
YOL106W,
YOL107W,14.0
YOL108C,164.0
YOL109W,33.0
YOL110W,29.0
YOL111C,74.0
YOL112W,76.0
YOL113W,28.0
YOL114C,4.0
YOL115W,67.0
YOL116W,78.0
YOL117W,16.0
YOL118C,
YOL119C,10.0
YOL120C,48.0
YOL121C,30.0
YOL122C,27.0
YOL123W,43.0
YOL124C,52.0
YOL125W,13.0
YOL126C,22.0
YOL127W,136.0
YOL128C,12.0
YOL129W,36.0
YOL130W,22.0
YOL131W,10.0
YOL132W,24.0
YOL133W,30.0
YOL134C,
YOL135C,52.0
YOL136C,31.0
YOL137W,20.0
YOL138C,16.0
YOL139C,98.0
YOL140W,5.0
YOL141W,9.0
YOL142W,16.0
YOL143C,24.0
YOL144W,26.0
YOL145C,78.0
YOL146W,19.0
YOL147C,34.0
YOL148C,60.0
YOL149W,51.0
YOL150C,
YOL151W,20.0
YOL152W,14.0
YOL153C,
YOL154W,8.0
YOL155C,19.0
YOL155W-A,
YOL156W,3.0
YOL157C,2.0
YOL158C,8.0
YOL159C,9.0
YOL159C-A,1.0
YOL160W,
YOL161C,2.0
YOL162W,4.0
YOL163W,7.0
YOL164W,2.0
YOL164W-A,1.0
YOL165C,2.0
YOL166C,
YOL166W-A,
YOR001W,164.0
YOR002W,133.0
YOR003W,12.0
YOR004W,15.0
YOR005C,20.0
YOR006C,29.0
YOR007C,92.0
YOR008C,93.0
YOR008C-A,29.0
YOR008W-B,
YOR009W,15.0
YOR010C,4.0
YOR011W,13.0
YOR011W-A,
YOR012W,14.0
YOR013W,
YOR014W,128.0
YOR015W,
YOR016C,66.0
YOR017W,42.0
YOR018W,28.0
YOR019W,9.0
YOR020C,18.0
YOR020W-A,4.0
YOR021C,8.0
YOR022C,7.0
YOR023C,41.0
YOR024W,
YOR025W,81.0
YOR026W,199.0
YOR027W,77.0
YOR028C,35.0
YOR029W,
YOR030W,128.0
YOR031W,15.0
YOR032C,17.0
YOR032W-A,
YOR033C,76.0
YOR034C,11.0
YOR034C-A,
YOR035C,149.0
YOR036W,62.0
YOR037W,37.0
YOR038C,144.0
YOR039W,167.0
YOR040W,41.0
YOR041C,
YOR042W,38.0
YOR043W,120.0
YOR044W,19.0
YOR045W,30.0
YOR046C,67.0
YOR047C,38.0
YOR048C,31.0
YOR049C,28.0
YOR050C,
YOR051C,16.0
YOR052C,12.0
YOR053W,
YOR054C,72.0
YOR055W,
YOR056C,31.0
YOR057W,23.0
YOR058C,88.0
YOR059C,16.0
YOR060C,11.0
YOR061W,153.0
YOR062C,7.0
YOR063W,183.0
YOR064C,25.0
YOR065W,158.0
YOR066W,33.0
YOR067C,112.0
YOR068C,92.0
YOR069W,156.0
YOR070C,217.0
YOR071C,9.0
YOR072W,
YOR072W-A,
YOR072W-B,
YOR073W,49.0
YOR073W-A,
YOR074C,12.0
YOR075W,18.0
YOR076C,62.0
YOR077W,5.0
YOR078W,116.0
YOR079C,16.0
YOR080W,179.0
YOR081C,16.0
YOR082C,
YOR083W,91.0
YOR084W,14.0
YOR085W,141.0
YOR086C,28.0
YOR087W,27.0
YOR088W,
YOR089C,226.0
YOR090C,21.0
YOR091W,15.0
YOR092W,24.0
YOR093C,18.0
YOR094W,34.0
YOR095C,14.0
YOR096W,141.0
YOR097C,5.0
YOR098C,37.0
YOR099W,24.0
YOR100C,18.0
YOR101W,27.0
YOR102W,
YOR103C,22.0
YOR104W,20.0
YOR105W,
YOR106W,145.0
YOR107W,12.0
YOR108C-A,
YOR108W,27.0
YOR109W,140.0
YOR110W,17.0
YOR111W,10.0
YOR112W,30.0
YOR113W,44.0
YOR114W,13.0
YOR115C,52.0
YOR116C,52.0
YOR117W,100.0
YOR118W,10.0
YOR119C,21.0
YOR120W,20.0
YOR121C,
YOR122C,45.0
YOR123C,189.0
YOR124C,46.0
YOR125C,105.0
YOR126C,21.0
YOR127W,61.0
YOR128C,29.0
YOR129C,8.0
YOR130C,19.0
YOR131C,22.0
YOR132W,151.0
YOR133W,76.0
YOR134W,13.0
YOR135C,
YOR136W,114.0
YOR137C,4.0
YOR138C,14.0
YOR139C,
YOR140W,88.0
YOR141C,141.0
YOR142W,47.0
YOR142W-B,
YOR143C,7.0
YOR144C,87.0
YOR145C,39.0
YOR146W,
YOR147W,55.0
YOR148C,13.0
YOR149C,13.0
YOR150W,25.0
YOR151C,95.0
YOR152C,4.0
YOR153W,47.0
YOR154W,48.0
YOR155C,15.0
YOR156C,65.0
YOR157C,50.0
YOR158W,34.0
YOR159C,36.0
YOR160W,13.0
YOR161C,9.0
YOR161C-C,
YOR161W-A,
YOR161W-B,
YOR162C,18.0
YOR163W,20.0
YOR164C,64.0
YOR165W,49.0
YOR166C,13.0
YOR167C,39.0
YOR168W,14.0
YOR169C,
YOR170W,
YOR171C,59.0
YOR172W,17.0
YOR173W,18.0
YOR174W,60.0
YOR175C,31.0
YOR176W,20.0
YOR177C,22.0
YOR178C,25.0
YOR179C,33.0
YOR180C,12.0
YOR181W,54.0
YOR182C,50.0
YOR183W,32.0
YOR184W,62.0
YOR185C,31.0
YOR186C-A,
YOR186W,2.0
YOR187W,64.0
YOR188W,31.0
YOR189W,95.0
YOR190W,4.0
YOR191W,63.0
YOR192C,16.0
YOR192C-A,
YOR192C-B,
YOR192C-C,2.0
YOR193W,14.0
YOR194C,15.0
YOR195W,70.0
YOR196C,136.0
YOR197W,28.0
YOR198C,117.0
YOR199W,
YOR200W,
YOR201C,40.0
YOR202W,17.0
YOR203W,
YOR204W,194.0
YOR205C,61.0
YOR206W,85.0
YOR207C,53.0
YOR208W,29.0
YOR209C,79.0
YOR210W,68.0
YOR211C,26.0
YOR212W,30.0
YOR213C,26.0
YOR214C,10.0
YOR215C,9.0
YOR216C,199.0
YOR217W,39.0
YOR218C,
YOR219C,8.0
YOR220W,16.0
YOR221C,83.0
YOR222W,17.0
YOR223W,25.0
YOR224C,65.0
YOR225W,
YOR226C,6.0
YOR227W,18.0
YOR228C,30.0
YOR229W,28.0
YOR230W,18.0
YOR231C-A,
YOR231W,48.0
YOR232W,35.0
YOR233W,70.0
YOR234C,38.0
YOR235W,
YOR236W,8.0
YOR237W,12.0
YOR238W,9.0
YOR239W,30.0
YOR240W,
YOR241W,108.0
YOR242C,31.0
YOR243C,30.0
YOR244W,54.0
YOR245C,34.0
YOR246C,39.0
YOR247W,23.0
YOR248W,
YOR249C,26.0
YOR250C,13.0
YOR251C,32.0
YOR252W,13.0
YOR253W,18.0
YOR254C,73.0
YOR255W,5.0
YOR256C,4.0
YOR257W,43.0
YOR258W,13.0
YOR259C,76.0
YOR260W,25.0
YOR261C,70.0
YOR262W,15.0
YOR263C,
YOR264W,28.0
YOR265W,61.0
YOR266W,48.0
YOR267C,35.0
YOR268C,7.0
YOR269W,79.0
YOR270C,101.0
YOR271C,23.0
YOR272W,61.0
YOR273C,29.0
YOR274W,20.0
YOR275C,134.0
YOR276W,40.0
YOR277C,
YOR278W,3.0
YOR279C,26.0
YOR280C,7.0
YOR281C,18.0
YOR282W,
YOR283W,13.0
YOR284W,34.0
YOR285W,25.0
YOR286W,18.0
YOR287C,3.0
YOR288C,23.0
YOR289W,7.0
YOR290C,95.0
YOR291W,54.0
YOR292C,6.0
YOR293C-A,
YOR293W,73.0
YOR294W,81.0
YOR295W,54.0
YOR296W,9.0
YOR297C,64.0
YOR298CA,
YOR298C-A,49.0
YOR298W,6.0
YOR299W,21.0
YOR300W,
YOR301W,12.0
YOR302W,3.0
YOR303W,19.0
YOR304CA,
YOR304C-A,24.0
YOR304W,126.0
YOR305W,3.0
YOR306C,5.0
YOR307C,33.0
YOR308C,94.0
YOR309C,
YOR310C,80.0
YOR311C,132.0
YOR312C,92.0
YOR313C,18.0
YOR314W,
YOR314W-A,
YOR315W,22.0
YOR316C,23.0
YOR316C-A,1.0
YOR317W,52.0
YOR318C,
YOR319W,26.0
YOR320C,9.0
YOR321W,17.0
YOR322C,48.0
YOR323C,25.0
YOR324C,37.0
YOR325W,
YOR326W,92.0
YOR327C,103.0
YOR328W,16.0
YOR329C,33.0
YOR329W-A,
YOR330C,34.0
YOR331C,
YOR332W,55.0
YOR333C,
YOR334W,30.0
YOR335C,36.0
YOR335W-A,
YOR336W,24.0
YOR337W,26.0
YOR338W,2.0
YOR339C,7.0
YOR340C,39.0
YOR341W,73.0
YOR342C,7.0
YOR343C,
YOR343W-A,
YOR343W-B,
YOR344C,46.0
YOR345C,
YOR346W,33.0
YOR347C,17.0
YOR348C,16.0
YOR349W,98.0
YOR350C,57.0
YOR351C,34.0
YOR352W,6.0
YOR353C,7.0
YOR354C,33.0
YOR355W,68.0
YOR356W,7.0
YOR357C,24.0
YOR358W,107.0
YOR359W,29.0
YOR360C,174.0
YOR361C,70.0
YOR362C,86.0
YOR363C,16.0
YOR364W,
YOR365C,2.0
YOR366W,
YOR367W,9.0
YOR368W,79.0
YOR369C,29.0
YOR370C,27.0
YOR371C,15.0
YOR372C,15.0
YOR373W,27.0
YOR374W,16.0
YOR375C,28.0
YOR376W,
YOR376W-A,
YOR377W,14.0
YOR378W,9.0
YOR379C,
YOR380W,19.0
YOR381W,9.0
YOR381W-A,
YOR382W,10.0
YOR383C,9.0
YOR384W,3.0
YOR385W,5.0
YOR386W,10.0
YOR387C,2.0
YOR388C,3.0
YOR389W,2.0
YOR390W,2.0
YOR391C,3.0
YOR392W,
YOR393W,9.0
YOR394C-A,
YOR394W,6.0
YOR396C-A,
YOR396W,2.0
YPL001W,33.0
YPL002C,49.0
YPL003W,24.0
YPL004C,104.0
YPL005W,39.0
YPL006W,13.0
YPL007C,8.0
YPL008W,114.0
YPL009C,48.0
YPL010W,17.0
YPL011C,27.0
YPL012W,96.0
YPL013C,33.0
YPL014W,12.0
YPL015C,14.0
YPL016W,62.0
YPL017C,43.0
YPL018W,117.0
YPL019C,19.0
YPL020C,46.0
YPL021W,15.0
YPL022W,104.0
YPL023C,31.0
YPL024W,39.0
YPL025C,
YPL026C,42.0
YPL027W,9.0
YPL028W,58.0
YPL029W,36.0
YPL030W,16.0
YPL031C,49.0
YPL032C,38.0
YPL033C,6.0
YPL034W,7.0
YPL035C,
YPL036W,91.0
YPL037C,60.0
YPL038W,26.0
YPL038W-A,1.0
YPL039W,6.0
YPL040C,13.0
YPL041C,40.0
YPL042C,98.0
YPL043W,78.0
YPL044C,
YPL045W,36.0
YPL046C,23.0
YPL047W,115.0
YPL048W,43.0
YPL049C,65.0
YPL050C,25.0
YPL051W,153.0
YPL052W,9.0
YPL053C,16.0
YPL054W,14.0
YPL055C,239.0
YPL056C,29.0
YPL057C,229.0
YPL058C,61.0
YPL059W,20.0
YPL060C-A,
YPL060W,32.0
YPL061W,54.0
YPL062W,
YPL063W,18.0
YPL064C,25.0
YPL065W,41.0
YPL066W,49.0
YPL067C,8.0
YPL068C,21.0
YPL069C,309.0
YPL070W,23.0
YPL071C,7.0
YPL072W,11.0
YPL073C,
YPL074W,51.0
YPL075W,21.0
YPL076W,58.0
YPL077C,23.0
YPL078C,54.0
YPL079W,81.0
YPL080C,
YPL081W,48.0
YPL082C,60.0
YPL083C,12.0
YPL084W,47.0
YPL085W,34.0
YPL086C,180.0
YPL087W,30.0
YPL088W,18.0
YPL089C,42.0
YPL090C,131.0
YPL091W,35.0
YPL092W,12.0
YPL093W,130.0
YPL094C,73.0
YPL095C,8.0
YPL096C-A,11.0
YPL096W,13.0
YPL097W,3.0
YPL098C,59.0
YPL099C,11.0
YPL100W,46.0
YPL101W,154.0
YPL102C,
YPL103C,42.0
YPL104W,51.0
YPL105C,53.0
YPL106C,246.0
YPL107W,10.0
YPL108W,5.0
YPL109C,32.0
YPL110C,30.0
YPL111W,12.0
YPL112C,22.0
YPL113C,7.0
YPL114W,
YPL115C,59.0
YPL116W,22.0
YPL117C,21.0
YPL118W,50.0
YPL119C,26.0
YPL119C-A,1.0
YPL120W,135.0
YPL121C,19.0
YPL122C,24.0
YPL123C,10.0
YPL124W,44.0
YPL125W,49.0
YPL126W,66.0
YPL127C,62.0
YPL128C,22.0
YPL129W,101.0
YPL130W,10.0
YPL131W,132.0
YPL132W,9.0
YPL133C,26.0
YPL134C,25.0
YPL135C-A,
YPL135W,39.0
YPL136W,
YPL137C,33.0
YPL138C,64.0
YPL139C,114.0
YPL140C,42.0
YPL141C,25.0
YPL142C,
YPL143W,45.0
YPL144W,61.0
YPL145C,95.0
YPL146C,63.0
YPL147W,20.0
YPL148C,60.0
YPL149W,30.0
YPL150W,55.0
YPL151C,45.0
YPL152W,41.0
YPL152W-A,1.0
YPL153C,88.0
YPL154C,38.0
YPL155C,32.0
YPL156C,25.0
YPL157W,140.0
YPL158C,170.0
YPL159C,24.0
YPL160W,20.0
YPL161C,116.0
YPL162C,12.0
YPL163C,9.0
YPL164C,5.0
YPL165C,16.0
YPL166W,16.0
YPL167C,62.0
YPL168W,13.0
YPL169C,68.0
YPL170W,29.0
YPL171C,27.0
YPL172C,105.0
YPL173W,18.0
YPL174C,142.0
YPL175W,49.0
YPL176C,13.0
YPL177C,42.0
YPL178W,150.0
YPL179W,31.0
YPL180W,93.0
YPL181W,115.0
YPL182C,
YPL183C,47.0
YPL183WA,
YPL183W-A,70.0
YPL184C,46.0
YPL185W,
YPL186C,11.0
YPL187W,6.0
YPL188W,42.0
YPL189C-A,8.0
YPL189W,14.0
YPL190C,35.0
YPL191C,21.0
YPL192C,16.0
YPL193W,14.0
YPL194W,75.0
YPL195W,89.0
YPL196W,9.0
YPL197C,
YPL198W,111.0
YPL199C,9.0
YPL200W,6.0
YPL201C,22.0
YPL202C,9.0
YPL203W,59.0
YPL204W,43.0
YPL205C,
YPL206C,10.0
YPL207W,26.0
YPL208W,11.0
YPL209C,39.0
YPL210C,21.0
YPL211W,69.0
YPL212C,33.0
YPL213W,204.0
YPL214C,15.0
YPL215W,18.0
YPL216W,39.0
YPL217C,84.0
YPL218W,31.0
YPL219W,15.0
YPL220W,112.0
YPL221W,27.0
YPL222C-A,
YPL222W,14.0
YPL223C,5.0
YPL224C,11.0
YPL225W,24.0
YPL226W,169.0
YPL227C,118.0
YPL228W,27.0
YPL229W,6.0
YPL230W,10.0
YPL231W,40.0
YPL232W,52.0
YPL233W,29.0
YPL234C,51.0
YPL235W,105.0
YPL236C,15.0
YPL237W,50.0
YPL238C,
YPL239W,56.0
YPL240C,97.0
YPL241C,82.0
YPL242C,26.0
YPL243W,18.0
YPL244C,20.0
YPL245W,11.0
YPL246C,68.0
YPL247C,5.0
YPL248C,30.0
YPL249C,51.0
YPL249CA,
YPL249C-A,95.0
YPL250C,25.0
YPL250W-A,
YPL251W,
YPL252C,4.0
YPL253C,33.0
YPL254W,60.0
YPL255W,34.0
YPL256C,115.0
YPL257W,10.0
YPL257W-A,
YPL257W-B,
YPL258C,15.0
YPL259C,43.0
YPL260W,29.0
YPL261C,
YPL262W,102.0
YPL263C,10.0
YPL264C,13.0
YPL265W,44.0
YPL266W,42.0
YPL267W,19.0
YPL268W,49.0
YPL269W,52.0
YPL270W,64.0
YPL271W,54.0
YPL272C,2.0
YPL273W,5.0
YPL274W,23.0
YPL275W,
YPL276W,
YPL277C,1.0
YPL278C,1.0
YPL279C,4.0
YPL280W,2.0
YPL281C,7.0
YPL282C,1.0
YPL283C,4.0
YPL283W-A,
YPL283W-B,
YPR001W,24.0
YPR002C-A,
YPR002W,13.0
YPR003C,21.0
YPR004C,18.0
YPR005C,13.0
YPR006C,8.0
YPR007C,15.0
YPR008W,21.0
YPR009W,21.0
YPR010C,89.0
YPR010C-A,4.0
YPR011C,11.0
YPR012W,
YPR013C,30.0
YPR014C,
YPR015C,30.0
YPR016C,91.0
YPR016W-A,
YPR017C,26.0
YPR018W,126.0
YPR019W,46.0
YPR020W,31.0
YPR021C,12.0
YPR022C,16.0
YPR023C,169.0
YPR024W,173.0
YPR025C,21.0
YPR026W,12.0
YPR027C,5.0
YPR028W,57.0
YPR029C,51.0
YPR030W,38.0
YPR031W,29.0
YPR032W,224.0
YPR033C,9.0
YPR034W,43.0
YPR035W,29.0
YPR036W,45.0
YPR036W-A,4.0
YPR037C,17.0
YPR038W,
YPR039W,
YPR040W,38.0
YPR041W,33.0
YPR042C,28.0
YPR043W,75.0
YPR044C,
YPR045C,83.0
YPR046W,77.0
YPR047W,44.0
YPR048W,9.0
YPR049C,30.0
YPR050C,
YPR051W,60.0
YPR052C,57.0
YPR053C,
YPR054W,10.0
YPR055W,26.0
YPR056W,21.0
YPR057W,148.0
YPR058W,24.0
YPR059C,
YPR060C,93.0
YPR061C,36.0
YPR062W,16.0
YPR063C,23.0
YPR064W,
YPR065W,33.0
YPR066W,58.0
YPR067W,17.0
YPR068C,19.0
YPR069C,95.0
YPR070W,221.0
YPR071W,21.0
YPR072W,49.0
YPR073C,16.0
YPR074C,100.0
YPR074W-A,
YPR075C,38.0
YPR076W,
YPR077C,
YPR078C,23.0
YPR079W,36.0
YPR080W,135.0
YPR081C,11.0
YPR082C,46.0
YPR083W,34.0
YPR084W,29.0
YPR085C,5.0
YPR086W,51.0
YPR087W,
YPR088C,20.0
YPR089W,89.0
YPR090W,
YPR091C,26.0
YPR092W,
YPR093C,25.0
YPR094W,7.0
YPR095C,40.0
YPR096C,20.0
YPR097W,16.0
YPR098C,19.0
YPR099C,
YPR100W,12.0
YPR101W,94.0
YPR102C,44.0
YPR103W,99.0
YPR104C,32.0
YPR105C,96.0
YPR106W,32.0
YPR107C,20.0
YPR108W,54.0
YPR108W-A,2.0
YPR109W,11.0
YPR110C,79.0
YPR111W,11.0
YPR112C,23.0
YPR113W,31.0
YPR114W,21.0
YPR115W,47.0
YPR116W,4.0
YPR117W,10.0
YPR118W,23.0
YPR119W,131.0
YPR120C,111.0
YPR121W,26.0
YPR122W,52.0
YPR123C,
YPR124W,18.0
YPR125W,14.0
YPR126C,
YPR127W,4.0
YPR128C,14.0
YPR129W,27.0
YPR130C,
YPR131C,15.0
YPR132W,22.0
YPR133C,20.0
YPR133WA,
YPR133W-A,29.0
YPR134W,72.0
YPR135W,211.0
YPR136C,
YPR137C-B,
YPR137W,47.0
YPR138C,29.0
YPR139C,14.0
YPR140W,38.0
YPR141C,217.0
YPR142C,
YPR143W,26.0
YPR144C,62.0
YPR145C-A,1.0
YPR145W,19.0
YPR146C,
YPR147C,9.0
YPR148C,12.0
YPR149W,24.0
YPR150W,
YPR151C,20.0
YPR152C,29.0
YPR153W,28.0
YPR154W,10.0
YPR155C,48.0
YPR156C,35.0
YPR157W,4.0
YPR158C-C,
YPR158C-D,
YPR158W,13.0
YPR158W-A,
YPR158W-B,
YPR159C-A,1.0
YPR159W,31.0
YPR160C-A,
YPR160W,89.0
YPR160W-A,
YPR161C,27.0
YPR162C,16.0
YPR163C,30.0
YPR164W,63.0
YPR165W,50.0
YPR166C,10.0
YPR167C,33.0
YPR168W,40.0
YPR169W,21.0
YPR169W-A,
YPR170C,
YPR170W-A,
YPR170W-B,3.0
YPR171W,46.0
YPR172W,11.0
YPR173C,102.0
YPR174C,27.0
YPR175W,25.0
YPR176C,46.0
YPR177C,
YPR178W,73.0
YPR179C,109.0
YPR180W,13.0
YPR181C,66.0
YPR182W,42.0
YPR183W,64.0
YPR184W,23.0
YPR185W,53.0
YPR186C,6.0
YPR187W,69.0
YPR188C,19.0
YPR189W,79.0
YPR190C,39.0
YPR191W,167.0
YPR192W,15.0
YPR193C,23.0
YPR194C,13.0
YPR195C,
YPR196W,5.0
YPR197C,
YPR198W,14.0
YPR199C,22.0
YPR200C,3.0
YPR201W,11.0
YPR202W,2.0
YPR203W,3.0
YPR204C-A,
YPR204W,2.0
